Workbook

Sheet Teams
A2: Selecties | B2: S1S2 | G2: =AVERAGE(D4:D24,G4:G24) -> 22.458333 | I2: A1A2 | N2: =AVERAGE(K4:K24,N4:N24) -> 16.47619 | P2: B1B2 | U2: =AVERAGE(R4:R24,U4:U24) -> 14.5 | W2: S5S6 | AB2: =AVERAGE(Y4:Y24,AB4:AB24) -> #DIV/0!
B3: =CONCATENATE("Dames (",COUNTA(C4:C19),")") -> Dames (12) | E3: =CONCATENATE("Heren (",COUNTA(F4:F19),")") -> Heren (12) | I3: =CONCATENATE("Dames (",COUNTA(J4:J19),")") -> Dames (9) | L3: =CONCATENATE("Heren (",COUNTA(M4:M19),")") -> Heren (12) | P3: =CONCATENATE("Dames (",COUNTA(Q4:Q19),")") -> Dames (9) | S3: =CONCATENATE("Heren (",COUNTA(T4:T19),")") -> Heren (9) | W3: =CONCATENATE("Dames (",COUNTA(X4:X19),")") -> Dames (1) | Z3: =CONCATENATE("Heren (",COUNTA(AA4:AA19),")") -> Heren (1)
B4: {=_xlfn._xlws.FILTER(Spelerslijst!$B:$B,Spelerslijst!$G:$G=B$2,"")} -> Demi van Dijk | C4: {=_xlfn._xlws.FILTER(Spelerslijst!$H:$H,Spelerslijst!$G:$G=B$2,"")} -> S2 | D4: {=_xlfn._xlws.FILTER(Spelerslijst!$D:$D,Spelerslijst!$G:$G=B$2,"")} -> 23 | E4: {=_xlfn._xlws.FILTER(Spelerslijst!$L:$L,Spelerslijst!$Q:$Q=B$2,"")} -> Bart Driesprong | F4: {=_xlfn._xlws.FILTER(Spelerslijst!$R:$R,Spelerslijst!$Q:$Q=B$2,"")} -> S1 | G4: {=_xlfn._xlws.FILTER(Spelerslijst!$N:$N,Spelerslijst!$Q:$Q=B$2,"")} -> 26 | I4: {=_xlfn._xlws.FILTER(Spelerslijst!$B:$B,Spelerslijst!$G:$G=I$2,"")} -> Amber de Haas | J4: {=_xlfn._xlws.FILTER(Spelerslijst!$H:$H,Spelerslijst!$G:$G=I$2,"")} -> A1 | K4: {=_xlfn._xlws.FILTER(Spelerslijst!$D:$D,Spelerslijst!$G:$G=I$2,"")} -> 17 | L4: {=_xlfn._xlws.FILTER(Spelerslijst!$L:$L,Spelerslijst!$Q:$Q=I$2,"")} -> Dani Heersping | M4: {=_xlfn._xlws.FILTER(Spelerslijst!$R:$R,Spelerslijst!$Q:$Q=I$2,"")} -> B2 | N4: {=_xlfn._xlws.FILTER(Spelerslijst!$N:$N,Spelerslijst!$Q:$Q=I$2,"")} -> 16 | P4: {=_xlfn._xlws.FILTER(Spelerslijst!$B:$B,Spelerslijst!$G:$G=P$2,"")} -> Danique van der Klooster | Q4: {=_xlfn._xlws.FILTER(Spelerslijst!$H:$H,Spelerslijst!$G:$G=P$2,"")} -> C1 | R4: {=_xlfn._xlws.FILTER(Spelerslijst!$D:$D,Spelerslijst!$G:$G=P$2,"")} -> 14 | S4: {=_xlfn._xlws.FILTER(Spelerslijst!$L:$L,Spelerslijst!$Q:$Q=P$2,"")} -> Diederik Hovestadt | T4: {=_xlfn._xlws.FILTER(Spelerslijst!$R:$R,Spelerslijst!$Q:$Q=P$2,"")} -> C2 | U4: {=_xlfn._xlws.FILTER(Spelerslijst!$N:$N,Spelerslijst!$Q:$Q=P$2,"")} -> 15 | W4: {=_xlfn._xlws.FILTER(Spelerslijst!$B:$B,Spelerslijst!$G:$G=W$2,"")} | X4: {=_xlfn._xlws.FILTER(Spelerslijst!$H:$H,Spelerslijst!$G:$G=W$2,"")} | Y4: {=_xlfn._xlws.FILTER(Spelerslijst!$D:$D,Spelerslijst!$G:$G=W$2,"")} | Z4: {=_xlfn._xlws.FILTER(Spelerslijst!$L:$L,Spelerslijst!$Q:$Q=W$2,"")} | AA4: {=_xlfn._xlws.FILTER(Spelerslijst!$R:$R,Spelerslijst!$Q:$Q=W$2,"")} | AB4: {=_xlfn._xlws.FILTER(Spelerslijst!$N:$N,Spelerslijst!$Q:$Q=W$2,"")}
B5: Eva Teerds | C5: S2 | D5: 22 | E5: Bob Mans | F5: S2 | G5: 28 | I5: Benthe van der Linden | J5: B2 | K5: 16 | L5: Freek van Dongen | M5: A2 | N5: 17 | P5: Demi Engelfriet | Q5: C1 | R5: 14 | S5: Jarno Bemer | T5: B2 | U5: 15
B6: Iza Wolleswinkel | C6: A1 | D6: 17 | E6: Daniel den Uijl | F6: S2 | G6: 21 | I6: Carmen van der Klooster | J6: B1 | K6: 16 | L6: Jack Zwanenburg | M6: A1 | N6: 17 | P6: Demi Lindhout | Q6: C1 | R6: 14 | S6: Jasper Sempel | T6: B2 | U6: 15
B7: Lindi Fasbender | C7: A2 | D7: 19 | E7: Jens Lohuis | F7: A1 | G7: 19 | I7: Doeska Voorbij | J7: B1 | K7: 16 | L7: Jarno Valk | M7: A1 | N7: 17 | P7: Feline van de Burgt | Q7: C2 | R7: 14 | S7: Jonas van de Ven | T7: C2 | U7: 14
B8: Loïs Fernhout | C8: S1 | D8: 21 | E8: Joël Wietses | F8: A2 | G8: 19 | I8: Elize van de Burgt | J8: B2 | K8: 16 | L8: Jordi Vaartmans | M8: A1 | N8: 18 | P8: Floor Lohuis | Q8: B2 | R8: 15 | S8: Kian Vliet | T8: B2 | U8: 15
B9: Maud van Wensen | C9: A2 | D9: 19 | E9: Joeri van Dijk | F9: S1 | G9: 26 | I9: Lisa Reuvers | J9: B1 | K9: 15 | L9: Lars Visser | M9: B1 | N9: 16 | P9: Floortje Jongkind | Q9: B3 | R9: 14 | S9: Niek Sas | T9: C1 | U9: 14
B10: Meike Driesprong | C10: S1 | D10: 20 | E10: Jordan Timmer | F10: S2 | G10: 20 | I10: Merel Manduapessy | J10: A1 | K10: 17 | L10: Maarten Sas | M10: B1 | N10: 16 | P10: Githa Bemer | Q10: B2 | R10: 15 | S10: Onno den Dekker | T10: B1 | U10: 16
B11: Milou Oppe | C11: S1 | D11: 22 | E11: Marijn Klink | F11: S2 | G11: 27 | I11: Sophie Kilsdonk | J11: B1 | K11: 16 | L11: Niek Driesprong | M11: B1 | N11: 16 | P11: Julia Kleingeld | Q11: C1 | R11: 14 | S11: Thomas Vos | T11: C1 | U11: 14
B12: Robin Dommisse | C12: S2 | D12: 26 | E12: Olivier Klink | F12: AR | G12: 26 | I12: Stella Verboom | J12: B2 | K12: 16 | L12: Seth van de Burgt | M12: A2 | N12: 18 | P12: Noa Stomp | Q12: C1 | R12: 14 | S12: Timo Pichel | T12: B3 | U12: 15
B13: Roos Groeneweg | C13: A1 | D13: 19 | E13: Robin van Kalkeren | F13: S1 | G13: 28 | L13: Tijn Bäcker | M13: A2 | N13: 17
B14: Sara Boshoven | C14: A1 | D14: 19 | E14: Senne Koster | F14: A1 | G14: 19 | L14: Tijn Camphens | M14: B2 | N14: 16
B15: Xanne Klink | C15: S1 | D15: 29 | E15: Tim van Gent | F15: S1 | G15: 24 | L15: Tycho Vliet | M15: B2 | N15: 17
B20: {=_xlfn._xlws.FILTER(Staf!$C:$C,Staf!$B:$B=Teams!B2,"")} -> Trainer/Coach S1 | C20: {=_xlfn._xlws.FILTER(Staf!$A:$A,Staf!$B:$B=Teams!B2,"")} -> Bo van Hoof | I20: {=_xlfn._xlws.FILTER(Staf!$C:$C,Staf!$B:$B=Teams!I2,"")} -> Trainer/Coach A1 | J20: {=_xlfn._xlws.FILTER(Staf!$A:$A,Staf!$B:$B=Teams!I2,"")} -> Rob van Dongen | P20: {=_xlfn._xlws.FILTER(Staf!$C:$C,Staf!$B:$B=Teams!P2,"")} -> Trainer/Coach B1 | Q20: {=_xlfn._xlws.FILTER(Staf!$A:$A,Staf!$B:$B=Teams!P2,"")} -> Jasper Kleingeld | W20: {=_xlfn._xlws.FILTER(Staf!$C:$C,Staf!$B:$B=#REF!,"")} -> #REF! | X20: {=_xlfn._xlws.FILTER(Staf!$A:$A,Staf!$B:$B=#REF!,"")} -> #REF!
B21: Trainer/Coach S2 | C21: Arthyn Muller | I21: Trainer/Coach A1 | J21: Ruben Blokland | P21: Trainer/Coach B1 | Q21: Mees Oppe
B22: Teambegeleider S1 | C22: Dionne Broere | I22: Trainer/Coach A2 | J22: Olivier Klink | P22: Trainer/Coach B2 | Q22: Daniël den Uijl
B23: Teambegeleider S2 | C23: Fred Lichteveld | I23: Trainer/Coach A2 | J23: Tim van Gent | P23: Trainer/Coach B2 | Q23: Eva Teerds
B24: Analist S1 | C24: Joris van den Neucker | I24: Teambegeleider | J24: Alex van de Klooster | P24: Trainer/Coach B2 | Q24: Vacature
B25: Fysio | C25: Ruben Kamerbeek | P25: Teambegeleider | Q25: Michel Sas
B26: Verzorger | C26: Theo Anrochte
A29: Senioren | B29: S1 | G29: =AVERAGE(D31:D40,G31:G40) -> #DIV/0! | I29: S2 | N29: =AVERAGE(K31:K40,N31:N40) -> #DIV/0! | P29: S3 | U29: =AVERAGE(R31:R40,U31:U40) -> 32.818182 | W29: S4 | AB29: =AVERAGE(Y31:Y40,AB31:AB40) -> #N/A | AD29: S5 | AI29: =AVERAGE(AF31:AF40,AI31:AI40) -> 23 | AK29: S6 | AP29: =AVERAGE(AM31:AM40,AP31:AP40) -> 21.333333 | AR29: S7 | AW29: =AVERAGE(AT31:AT40,AW31:AW40) -> #DIV/0! | AY29: MW1 | BD29: =AVERAGE(BA31:BA40,BD31:BD40) -> 38.888889
B30: =CONCATENATE("Dames (",COUNTA(C31:C38),")") -> Dames (1) | E30: =CONCATENATE("Heren (",COUNTA(F31:F38),")") -> Heren (1) | I30: =CONCATENATE("Dames (",COUNTA(J31:J38),")") -> Dames (1) | L30: =CONCATENATE("Heren (",COUNTA(M31:M38),")") -> Heren (1) | P30: =CONCATENATE("Dames (",COUNTA(Q31:Q38),")") -> Dames (6) | S30: =CONCATENATE("Heren (",COUNTA(T31:T38),")") -> Heren (5) | W30: =CONCATENATE("Dames (",COUNTA(X31:X38),")") -> Dames (7) | Z30: =CONCATENATE("Heren (",COUNTA(AA31:AA38),")") -> Heren (5) | AD30: =CONCATENATE("Dames (",COUNTA(AE31:AE38),")") -> Dames (7) | AG30: =CONCATENATE("Heren (",COUNTA(AH31:AH38),")") -> Heren (5) | AK30: =CONCATENATE("Dames (",COUNTA(AL31:AL38),")") -> Dames (6) | AN30: =CONCATENATE("Heren (",COUNTA(AO31:AO38),")") -> Heren (6) | AR30: =CONCATENATE("Dames (",COUNTA(AS31:AS38),")") -> Dames (1) | AU30: =CONCATENATE("Heren (",COUNTA(AV31:AV38),")") -> Heren (1) | AY30: =CONCATENATE("Dames (",COUNTA(AZ31:AZ38),")") -> Dames (5) | BB30: =CONCATENATE("Heren (",COUNTA(BC31:BC38),")") -> Heren (4)
B31: {=_xlfn._xlws.FILTER(Spelerslijst!$B:$B,Spelerslijst!$G:$G=B$29,"")} | C31: {=_xlfn._xlws.FILTER(Spelerslijst!$H:$H,Spelerslijst!$G:$G=B$29,"")} | D31: {=_xlfn._xlws.FILTER(Spelerslijst!$D:$D,Spelerslijst!$G:$G=B$29,"")} | E31: {=_xlfn._xlws.FILTER(Spelerslijst!$L:$L,Spelerslijst!$Q:$Q=B$29,"")} | F31: {=_xlfn._xlws.FILTER(Spelerslijst!$R:$R,Spelerslijst!$Q:$Q=B$29,"")} | G31: {=_xlfn._xlws.FILTER(Spelerslijst!$N:$N,Spelerslijst!$Q:$Q=B$29,"")} | I31: {=_xlfn._xlws.FILTER(Spelerslijst!$B:$B,Spelerslijst!$G:$G=I$29,"")} | J31: {=_xlfn._xlws.FILTER(Spelerslijst!$H:$H,Spelerslijst!$G:$G=I$29,"")} | K31: {=_xlfn._xlws.FILTER(Spelerslijst!$D:$D,Spelerslijst!$G:$G=I$29,"")} | L31: {=_xlfn._xlws.FILTER(Spelerslijst!$L:$L,Spelerslijst!$Q:$Q=I$29,"")} | M31: {=_xlfn._xlws.FILTER(Spelerslijst!$R:$R,Spelerslijst!$Q:$Q=I$29,"")} | N31: {=_xlfn._xlws.FILTER(Spelerslijst!$N:$N,Spelerslijst!$Q:$Q=I$29,"")} | P31: {=_xlfn._xlws.FILTER(Spelerslijst!$B:$B,Spelerslijst!$G:$G=P$29,"")} -> Esther Ardon | Q31: {=_xlfn._xlws.FILTER(Spelerslijst!$H:$H,Spelerslijst!$G:$G=P$29,"")} -> S3 | R31: {=_xlfn._xlws.FILTER(Spelerslijst!$D:$D,Spelerslijst!$G:$G=P$29,"")} -> 28 | S31: {=_xlfn._xlws.FILTER(Spelerslijst!$L:$L,Spelerslijst!$Q:$Q=P$29,"")} -> Emiel Houwerzijl | T31: {=_xlfn._xlws.FILTER(Spelerslijst!$R:$R,Spelerslijst!$Q:$Q=P$29,"")} -> S3 | U31: {=_xlfn._xlws.FILTER(Spelerslijst!$N:$N,Spelerslijst!$Q:$Q=P$29,"")} -> 30 | W31: {=_xlfn._xlws.FILTER(Spelerslijst!$B:$B,Spelerslijst!$G:$G=W$29,"")} -> ~Dame S1S2 | X31: {=_xlfn._xlws.FILTER(Spelerslijst!$H:$H,Spelerslijst!$G:$G=W$29,"")} -> 0 | Y31: {=_xlfn._xlws.FILTER(Spelerslijst!$D:$D,Spelerslijst!$G:$G=W$29,"")} -> 24 | Z31: {=_xlfn._xlws.FILTER(Spelerslijst!$L:$L,Spelerslijst!$Q:$Q=W$29,"")} -> ~Heer S1S2 | AA31: {=_xlfn._xlws.FILTER(Spelerslijst!$R:$R,Spelerslijst!$Q:$Q=W$29,"")} -> 0 | AB31: {=_xlfn._xlws.FILTER(Spelerslijst!$N:$N,Spelerslijst!$Q:$Q=W$29,"")} -> 24 | AD31: {=_xlfn._xlws.FILTER(Spelerslijst!$B:$B,Spelerslijst!$G:$G=AD$29,"")} -> Anniek Pierse | AE31: {=_xlfn._xlws.FILTER(Spelerslijst!$H:$H,Spelerslijst!$G:$G=AD$29,"")} -> S7 | AF31: {=_xlfn._xlws.FILTER(Spelerslijst!$D:$D,Spelerslijst!$G:$G=AD$29,"")} -> 22 | AG31: {=_xlfn._xlws.FILTER(Spelerslijst!$L:$L,Spelerslijst!$Q:$Q=AD$29,"")} -> Joram Flach | AH31: {=_xlfn._xlws.FILTER(Spelerslijst!$R:$R,Spelerslijst!$Q:$Q=AD$29,"")} -> S5 | AI31: {=_xlfn._xlws.FILTER(Spelerslijst!$N:$N,Spelerslijst!$Q:$Q=AD$29,"")} -> 25 | AK31: {=_xlfn._xlws.FILTER(Spelerslijst!$B:$B,Spelerslijst!$G:$G=AK$29,"")} -> Amber Boeije | AL31: {=_xlfn._xlws.FILTER(Spelerslijst!$H:$H,Spelerslijst!$G:$G=AK$29,"")} -> A3 | AM31: {=_xlfn._xlws.FILTER(Spelerslijst!$D:$D,Spelerslijst!$G:$G=AK$29,"")} -> 19 | AN31: {=_xlfn._xlws.FILTER(Spelerslijst!$L:$L,Spelerslijst!$Q:$Q=AK$29,"")} -> Ché Kooper | AO31: {=_xlfn._xlws.FILTER(Spelerslijst!$R:$R,Spelerslijst!$Q:$Q=AK$29,"")} -> S6 | AP31: {=_xlfn._xlws.FILTER(Spelerslijst!$N:$N,Spelerslijst!$Q:$Q=AK$29,"")} -> 22 | AR31: {=_xlfn._xlws.FILTER(Spelerslijst!$B:$B,Spelerslijst!$G:$G=AR$29,"")} | AS31: {=_xlfn._xlws.FILTER(Spelerslijst!$H:$H,Spelerslijst!$G:$G=AR$29,"")} | AT31: {=_xlfn._xlws.FILTER(Spelerslijst!$D:$D,Spelerslijst!$G:$G=AR$29,"")} | AU31: {=_xlfn._xlws.FILTER(Spelerslijst!$L:$L,Spelerslijst!$Q:$Q=AR$29,"")} | AV31: {=_xlfn._xlws.FILTER(Spelerslijst!$R:$R,Spelerslijst!$Q:$Q=AR$29,"")} | AW31: {=_xlfn._xlws.FILTER(Spelerslijst!$N:$N,Spelerslijst!$Q:$Q=AR$29,"")} | AY31: {=_xlfn._xlws.FILTER(Spelerslijst!$B:$B,Spelerslijst!$G:$G=AY$29,"")} -> Dorien in 't Veld | AZ31: {=_xlfn._xlws.FILTER(Spelerslijst!$H:$H,Spelerslijst!$G:$G=AY$29,"")} -> MW1 | BA31: {=_xlfn._xlws.FILTER(Spelerslijst!$D:$D,Spelerslijst!$G:$G=AY$29,"")} -> 39 | BB31: {=_xlfn._xlws.FILTER(Spelerslijst!$L:$L,Spelerslijst!$Q:$Q=AY$29,"")} -> Hans Ploeg | BC31: {=_xlfn._xlws.FILTER(Spelerslijst!$R:$R,Spelerslijst!$Q:$Q=AY$29,"")} -> MW1 | BD31: {=_xlfn._xlws.FILTER(Spelerslijst!$N:$N,Spelerslijst!$Q:$Q=AY$29,"")} -> 36
P32: Hilde Visser | Q32: AR | R32: 34 | S32: Jan Booy | T32: S3 | U32: 34 | W32: ~Dame S1S2 | X32: 0 | Y32: 24 | Z32: ~Heer S1S2 | AA32: 0 | AB32: 24 | AD32: Jany Lacroes | AE32: S5 | AF32: 26 | AG32: Laurens Verhagen | AH32: A3 | AI32: 20 | AK32: Angela Friebel | AL32: S6 | AM32: 22 | AN32: David Kuijper | AO32: S6 | AP32: 21 | AY32: Kim Heesterbeek | AZ32: MW1 | BA32: 37 | BB32: Michiel 't Jong | BC32: MW1 | BD32: 43
P33: Lieke Ploeg | Q33: S4 | R33: 38 | S33: Lex van Gent | T33: S3 | U33: 29 | W33: Anouk de Jongh | X33: A2 | Y33: 19 | Z33: Luuk Baars | AA33: S5 | AB33: 23 | AD33: Lara Schram | AE33: S5 | AF33: 24 | AG33: Mark Schindler | AH33: S5 | AI33: 25 | AK33: Jennifer Herremans | AL33: S6 | AM33: 21 | AN33: Jens de Vlaming | AO33: S6 | AP33: 21 | AY33: Kim van der Starre-Scheurwater | AZ33: MW1 | BA33: 35 | BB33: Ronald Riet | BC33: MW1 | BD33: 41
P34: Linda Ardon | Q34: S3 | R34: 32 | S34: Roy de Vlaming | T34: S3 | U34: 40 | W34: Carlijn Lievaart | X34: S5 | Y34: 20 | Z34: Tijmen Fasbender | AA34: S5 | AB34: 21 | AD34: Laura Koote | AE34: S7 | AF34: 22 | AG34: Quinten van Driel | AH34: S5 | AI34: 24 | AK34: Kimberley Witman | AL34: S6 | AM34: 20 | AN34: Ruben Dubbeld | AO34: S6 | AP34: 24 | AY34: Liesbeth Brand | AZ34: MW1 | BA34: 34 | BB34: Wilco Kooij | BC34: MW1 | BD34: 49
P35: Merel van Gurp | Q35: S3 | R35: 32 | S35: Thomas Isarin | T35: S3 | U35: 36 | W35: Elena Quarré | X35: A2 | Y35: 19 | Z35: Tim Seevinck | AA35: Stopt | AB35: 21 | AD35: Marlies Valk | AE35: S5 | AF35: 21 | AG35: Rick van de Wijgaart | AH35: S5 | AI35: 21 | AK35: Sanne Dubbeld | AL35: S6 | AM35: 22 | AN35: Thijs Boon | AO35: S6 | AP35: 21 | AY35: Tamara van Opstal-Haksteen | AZ35: MW1 | BA35: 36
P36: Robin Leijdsman | Q36: S3 | R36: 28 | W36: Kim Dommisse | X36: S2 | Y36: 23 | AD36: Nadia de Wit | AE36: S7 | AF36: 23 | AK36: Tessa Dubbeld | AL36: - | AM36: 24 | AN36: Wouter Koornneef | AO36: A2 | AP36: 19
W37: Laura Mol | X37: 0 | Y37: #N/A | AD37: Syrah de Wit | AE37: S7 | AF37: 23
B39: {=_xlfn._xlws.FILTER(Staf!$C:$C,Staf!$B:$B=Teams!B29,"")} | C39: {=_xlfn._xlws.FILTER(Staf!$A:$A,Staf!$B:$B=Teams!B29,"")} | I39: {=_xlfn._xlws.FILTER(Staf!$C:$C,Staf!$B:$B=Teams!I29,"")} | J39: {=_xlfn._xlws.FILTER(Staf!$A:$A,Staf!$B:$B=Teams!I29,"")} | P39: {=_xlfn._xlws.FILTER(Staf!$C:$C,Staf!$B:$B=Teams!P29,"")} -> Begeleider | Q39: {=_xlfn._xlws.FILTER(Staf!$A:$A,Staf!$B:$B=Teams!P29,"")} -> Kim Ardon | W39: {=_xlfn._xlws.FILTER(Staf!$C:$C,Staf!$B:$B=Teams!W29,"")} -> Trainer/Coach | X39: {=_xlfn._xlws.FILTER(Staf!$A:$A,Staf!$B:$B=Teams!W29,"")} -> Vacature | AD39: {=_xlfn._xlws.FILTER(Staf!$C:$C,Staf!$B:$B=Teams!AD29,"")} -> Trainer/Coach | AE39: {=_xlfn._xlws.FILTER(Staf!$A:$A,Staf!$B:$B=Teams!AD29,"")} -> Vacature | AK39: {=_xlfn._xlws.FILTER(Staf!$C:$C,Staf!$B:$B=Teams!AK29,"")} -> Trainer/Coach | AL39: {=_xlfn._xlws.FILTER(Staf!$A:$A,Staf!$B:$B=Teams!AK29,"")} -> Monique Kooper | AR39: {=_xlfn._xlws.FILTER(Staf!$C:$C,Staf!$B:$B=Teams!AR29,"")} | AS39: {=_xlfn._xlws.FILTER(Staf!$A:$A,Staf!$B:$B=Teams!AR29,"")} | AY39: {=_xlfn._xlws.FILTER(Staf!$C:$C,Staf!$B:$B=Teams!AY29,"")} | AZ39: {=_xlfn._xlws.FILTER(Staf!$A:$A,Staf!$B:$B=Teams!AY29,"")}
W40: Trainer/Coach | X40: Vacature
A43: A-Junioren | B43: A1 | G43: =AVERAGE(D45:D55,G45:G55) -> #DIV/0! | I43: A2 | N43: =AVERAGE(K45:K55,N45:N55) -> #DIV/0! | P43: A3 | U43: =AVERAGE(R45:R55,U45:U55) -> 16.727273 | W43: A4 | AB43: =AVERAGE(Y45:Y55,AB45:AB55) -> #DIV/0! | AD43: A5 | AI43: =AVERAGE(AF45:AF55,AI45:AI55) -> #DIV/0!
B44: =CONCATENATE("Dames (",COUNTA(C45:C53),")") -> Dames (1) | E44: =CONCATENATE("Heren (",COUNTA(F45:F53),")") -> Heren (1) | I44: =CONCATENATE("Dames (",COUNTA(J45:J53),")") -> Dames (1) | L44: =CONCATENATE("Heren (",COUNTA(M45:M53),")") -> Heren (1) | P44: =CONCATENATE("Dames (",COUNTA(Q45:Q53),")") -> Dames (6) | S44: =CONCATENATE("Heren (",COUNTA(T45:T53),")") -> Heren (5) | W44: =CONCATENATE("Dames (",COUNTA(X45:X53),")") -> Dames (1) | Z44: =CONCATENATE("Heren (",COUNTA(AA45:AA53),")") -> Heren (1) | AD44: =CONCATENATE("Dames (",COUNTA(AE45:AE53),")") -> Dames (1) | AG44: =CONCATENATE("Heren (",COUNTA(AH45:AH53),")") -> Heren (1)
B45: {=_xlfn._xlws.FILTER(Spelerslijst!$B:$B,Spelerslijst!$G:$G=B$43,"")} | C45: {=_xlfn._xlws.FILTER(Spelerslijst!$H:$H,Spelerslijst!$G:$G=B$43,"")} | D45: {=_xlfn._xlws.FILTER(Spelerslijst!$D:$D,Spelerslijst!$G:$G=B$43,"")} | E45: {=_xlfn._xlws.FILTER(Spelerslijst!$L:$L,Spelerslijst!$Q:$Q=B$43,"")} | F45: {=_xlfn._xlws.FILTER(Spelerslijst!$R:$R,Spelerslijst!$Q:$Q=B$43,"")} | G45: {=_xlfn._xlws.FILTER(Spelerslijst!$N:$N,Spelerslijst!$Q:$Q=B$43,"")} | I45: {=_xlfn._xlws.FILTER(Spelerslijst!$B:$B,Spelerslijst!$G:$G=I$43,"")} | J45: {=_xlfn._xlws.FILTER(Spelerslijst!$H:$H,Spelerslijst!$G:$G=I$43,"")} | K45: {=_xlfn._xlws.FILTER(Spelerslijst!$D:$D,Spelerslijst!$G:$G=I$43,"")} | L45: {=_xlfn._xlws.FILTER(Spelerslijst!$L:$L,Spelerslijst!$Q:$Q=I$43,"")} | M45: {=_xlfn._xlws.FILTER(Spelerslijst!$R:$R,Spelerslijst!$Q:$Q=I$43,"")} | N45: {=_xlfn._xlws.FILTER(Spelerslijst!$N:$N,Spelerslijst!$Q:$Q=I$43,"")} | P45: {=_xlfn._xlws.FILTER(Spelerslijst!$B:$B,Spelerslijst!$G:$G=P$43,"")} -> Julia Bozuwa | Q45: {=_xlfn._xlws.FILTER(Spelerslijst!$H:$H,Spelerslijst!$G:$G=P$43,"")} -> A3 | R45: {=_xlfn._xlws.FILTER(Spelerslijst!$D:$D,Spelerslijst!$G:$G=P$43,"")} -> 17 | S45: {=_xlfn._xlws.FILTER(Spelerslijst!$L:$L,Spelerslijst!$Q:$Q=P$43,"")} -> Casper Boshoven | T45: {=_xlfn._xlws.FILTER(Spelerslijst!$R:$R,Spelerslijst!$Q:$Q=P$43,"")} -> B3 | U45: {=_xlfn._xlws.FILTER(Spelerslijst!$N:$N,Spelerslijst!$Q:$Q=P$43,"")} -> 16 | W45: {=_xlfn._xlws.FILTER(Spelerslijst!$B:$B,Spelerslijst!$G:$G=W$43,"")} | X45: {=_xlfn._xlws.FILTER(Spelerslijst!$H:$H,Spelerslijst!$G:$G=W$43,"")} | Y45: {=_xlfn._xlws.FILTER(Spelerslijst!$D:$D,Spelerslijst!$G:$G=W$43,"")} | Z45: {=_xlfn._xlws.FILTER(Spelerslijst!$L:$L,Spelerslijst!$Q:$Q=W$43,"")} | AA45: {=_xlfn._xlws.FILTER(Spelerslijst!$R:$R,Spelerslijst!$Q:$Q=W$43,"")} | AB45: {=_xlfn._xlws.FILTER(Spelerslijst!$N:$N,Spelerslijst!$Q:$Q=W$43,"")} | AD45: {=_xlfn._xlws.FILTER(Spelerslijst!$B:$B,Spelerslijst!$G:$G=AD$43,"")} | AE45: {=_xlfn._xlws.FILTER(Spelerslijst!$H:$H,Spelerslijst!$G:$G=AD$43,"")} | AF45: {=_xlfn._xlws.FILTER(Spelerslijst!$D:$D,Spelerslijst!$G:$G=AD$43,"")} | AG45: {=_xlfn._xlws.FILTER(Spelerslijst!$L:$L,Spelerslijst!$Q:$Q=AD$43,"")} | AH45: {=_xlfn._xlws.FILTER(Spelerslijst!$R:$R,Spelerslijst!$Q:$Q=AD$43,"")} | AI45: {=_xlfn._xlws.FILTER(Spelerslijst!$N:$N,Spelerslijst!$Q:$Q=AD$43,"")}
P46: Lianne Bouwknegt | Q46: A3 | R46: 17 | S46: Matthijs de Jongh | T46: A3 | U46: 17
P47: Robin Zwanenburg | Q47: B3 | R47: 15 | S47: Menno Pille | T47: A3 | U47: 17
P48: Tessa van Everdingen | Q48: A3 | R48: 18 | S48: Raoul Kuijper | T48: B3 | U48: 16
P49: Vivienne Versnel | Q49: A3 | R49: 19 | S49: Tommie Koornneef | T49: A3 | U49: 17
P50: Zoë Kamerman | Q50: B3 | R50: 15
B54: {=_xlfn._xlws.FILTER(Staf!$C:$C,Staf!$B:$B=Teams!B43,"")} | C54: {=_xlfn._xlws.FILTER(Staf!$A:$A,Staf!$B:$B=Teams!B43,"")} | I54: {=_xlfn._xlws.FILTER(Staf!$C:$C,Staf!$B:$B=Teams!I43,"")} | J54: {=_xlfn._xlws.FILTER(Staf!$A:$A,Staf!$B:$B=Teams!I43,"")} | P54: {=_xlfn._xlws.FILTER(Staf!$C:$C,Staf!$B:$B=Teams!P43,"")} -> Trainer/Coach | Q54: {=_xlfn._xlws.FILTER(Staf!$A:$A,Staf!$B:$B=Teams!P43,"")} -> David Kuijper | W54: {=_xlfn._xlws.FILTER(Staf!$C:$C,Staf!$B:$B=Teams!W43,"")} | X54: {=_xlfn._xlws.FILTER(Staf!$A:$A,Staf!$B:$B=Teams!W43,"")} | AD54: {=_xlfn._xlws.FILTER(Staf!$C:$C,Staf!$B:$B=Teams!AD43,"")} | AE54: {=_xlfn._xlws.FILTER(Staf!$A:$A,Staf!$B:$B=Teams!AD43,"")}
P55: Trainer/Coach | Q55: Ruben Dubbeld
A58: B-Aspiranten | B58: B1 | G58: =AVERAGE(D60:D70,G60:G70) -> #DIV/0! | I58: B2 | N58: =AVERAGE(K60:K70,N60:N70) -> #DIV/0! | P58: B3 | U58: =AVERAGE(R60:R70,U60:U70) -> 14.333333 | W58: B4 | AB58: =AVERAGE(Y60:Y70,AB60:AB70) -> 14 | AD58: B5 | AH58: B5 | AI58: =AVERAGE(AF60:AF70,AI60:AI70) -> #DIV/0!
B59: =CONCATENATE("Dames (",COUNTA(C60:C68),")") -> Dames (1) | E59: =CONCATENATE("Heren (",COUNTA(F60:F68),")") -> Heren (1) | I59: =CONCATENATE("Dames (",COUNTA(J60:J68),")") -> Dames (1) | L59: =CONCATENATE("Heren (",COUNTA(M60:M68),")") -> Heren (1) | P59: =CONCATENATE("Dames (",COUNTA(Q60:Q68),")") -> Dames (6) | S59: =CONCATENATE("Heren (",COUNTA(T60:T68),")") -> Heren (3) | W59: =CONCATENATE("Dames (",COUNTA(X60:X68),")") -> Dames (6) | Z59: =CONCATENATE("Heren (",COUNTA(AA60:AA68),")") -> Heren (3) | AD59: =CONCATENATE("Dames (",COUNTA(AE60:AE68),")") -> Dames (1) | AG59: =CONCATENATE("Heren (",COUNTA(AH60:AH68),")") -> Heren (1)
B60: {=_xlfn._xlws.FILTER(Spelerslijst!$B:$B,Spelerslijst!$G:$G=B$58,"")} | C60: {=_xlfn._xlws.FILTER(Spelerslijst!$H:$H,Spelerslijst!$G:$G=B$58,"")} | D60: {=_xlfn._xlws.FILTER(Spelerslijst!$D:$D,Spelerslijst!$G:$G=B$58,"")} | E60: {=_xlfn._xlws.FILTER(Spelerslijst!$L:$L,Spelerslijst!$Q:$Q=B$58,"")} | F60: {=_xlfn._xlws.FILTER(Spelerslijst!$R:$R,Spelerslijst!$Q:$Q=B$58,"")} | G60: {=_xlfn._xlws.FILTER(Spelerslijst!$N:$N,Spelerslijst!$Q:$Q=B$58,"")} | I60: {=_xlfn._xlws.FILTER(Spelerslijst!$B:$B,Spelerslijst!$G:$G=I$58,"")} | J60: {=_xlfn._xlws.FILTER(Spelerslijst!$H:$H,Spelerslijst!$G:$G=I$58,"")} | K60: {=_xlfn._xlws.FILTER(Spelerslijst!$D:$D,Spelerslijst!$G:$G=I$58,"")} | L60: {=_xlfn._xlws.FILTER(Spelerslijst!$L:$L,Spelerslijst!$Q:$Q=I$58,"")} | M60: {=_xlfn._xlws.FILTER(Spelerslijst!$R:$R,Spelerslijst!$Q:$Q=I$58,"")} | N60: {=_xlfn._xlws.FILTER(Spelerslijst!$N:$N,Spelerslijst!$Q:$Q=I$58,"")} | P60: {=_xlfn._xlws.FILTER(Spelerslijst!$B:$B,Spelerslijst!$G:$G=P$58,"")} -> Danique van der Wiel | Q60: {=_xlfn._xlws.FILTER(Spelerslijst!$H:$H,Spelerslijst!$G:$G=P$58,"")} -> C3 | R60: {=_xlfn._xlws.FILTER(Spelerslijst!$D:$D,Spelerslijst!$G:$G=P$58,"")} -> 14 | S60: {=_xlfn._xlws.FILTER(Spelerslijst!$L:$L,Spelerslijst!$Q:$Q=P$58,"")} -> Joaz Post | T60: {=_xlfn._xlws.FILTER(Spelerslijst!$R:$R,Spelerslijst!$Q:$Q=P$58,"")} -> C3 | U60: {=_xlfn._xlws.FILTER(Spelerslijst!$N:$N,Spelerslijst!$Q:$Q=P$58,"")} -> 14 | W60: {=_xlfn._xlws.FILTER(Spelerslijst!$B:$B,Spelerslijst!$G:$G=W$58,"")} -> Eline Veenendaal | X60: {=_xlfn._xlws.FILTER(Spelerslijst!$H:$H,Spelerslijst!$G:$G=W$58,"")} -> C4 | Y60: {=_xlfn._xlws.FILTER(Spelerslijst!$D:$D,Spelerslijst!$G:$G=W$58,"")} -> 15 | Z60: {=_xlfn._xlws.FILTER(Spelerslijst!$L:$L,Spelerslijst!$Q:$Q=W$58,"")} -> Djess van Heeren | AA60: {=_xlfn._xlws.FILTER(Spelerslijst!$R:$R,Spelerslijst!$Q:$Q=W$58,"")} -> C4 | AB60: {=_xlfn._xlws.FILTER(Spelerslijst!$N:$N,Spelerslijst!$Q:$Q=W$58,"")} -> 14 | AD60: {=_xlfn._xlws.FILTER(Spelerslijst!$B:$B,Spelerslijst!$G:$G=AH$58,"")} | AE60: {=_xlfn._xlws.FILTER(Spelerslijst!$H:$H,Spelerslijst!$G:$G=AH$58,"")} | AF60: {=_xlfn._xlws.FILTER(Spelerslijst!$D:$D,Spelerslijst!$G:$G=AH$58,"")} | AG60: {=_xlfn._xlws.FILTER(Spelerslijst!$L:$L,Spelerslijst!$Q:$Q=AH$58,"")} | AH60: {=_xlfn._xlws.FILTER(Spelerslijst!$R:$R,Spelerslijst!$Q:$Q=AH$58,"")} | AI60: {=_xlfn._xlws.FILTER(Spelerslijst!$N:$N,Spelerslijst!$Q:$Q=AH$58,"")}
P61: Enora Bouwknegt | Q61: C3 | R61: 14 | S61: Justin Vos | T61: B3 | U61: 15 | W61: Evie Groen | X61: C4 | Y61: 14 | Z61: Jurre van der Linden | AA61: C4 | AB61: 14
P62: Femke Bakker | Q62: C3 | R62: 14 | S62: Stephan Quarre | T62: B3 | U62: 15 | W62: Manon Barbaroux | X62: C4 | Y62: 13 | Z62: Parham Afsharbegloe | AA62: C4 | AB62: 15
P63: Madelief van Dongen | Q63: B3 | R63: 15 | W63: Noortje Vercouteren | X63: C4 | Y63: 14
P64: Marit van den Bergh | Q64: B3 | R64: 14 | W64: Pippa Jongkind | X64: C4 | Y64: 13
P65: Nikki Baas | Q65: C3 | R65: 14 | W65: Sanne Peters | X65: C4 | Y65: 14
B69: {=_xlfn._xlws.FILTER(Staf!$C:$C,Staf!$B:$B=Teams!B58,"")} | C69: {=_xlfn._xlws.FILTER(Staf!$A:$A,Staf!$B:$B=Teams!B58,"")} | I69: {=_xlfn._xlws.FILTER(Staf!$C:$C,Staf!$B:$B=Teams!I58,"")} | J69: {=_xlfn._xlws.FILTER(Staf!$A:$A,Staf!$B:$B=Teams!I58,"")} | P69: {=_xlfn._xlws.FILTER(Staf!$C:$C,Staf!$B:$B=Teams!P58,"")} -> Trainer/Coach | Q69: {=_xlfn._xlws.FILTER(Staf!$A:$A,Staf!$B:$B=Teams!P58,"")} -> Martijn van der Wiel | W69: {=_xlfn._xlws.FILTER(Staf!$C:$C,Staf!$B:$B=Teams!W58,"")} -> Trainer/Coach | X69: {=_xlfn._xlws.FILTER(Staf!$A:$A,Staf!$B:$B=Teams!W58,"")} -> Laura Mol | AD69: {=_xlfn._xlws.FILTER(Staf!$C:$C,Staf!$B:$B=Teams!AD58,"")} | AE69: {=_xlfn._xlws.FILTER(Staf!$A:$A,Staf!$B:$B=Teams!AD58,"")}
P70: Trainer/Coach | Q70: Vacature | W70: Trainer/Coach | X70: Maud van Wensen
W71: Teambegeleider | X71: Nog in te vullen
A73: C-Aspiranten | B73: C1 | G73: =AVERAGE(D75:D86,G75:G86) -> 12.888889 | I73: C2 | N73: =AVERAGE(K75:K86,N75:N86) -> 12.454545 | P73: C3 | U73: =AVERAGE(R75:R86,U75:U86) -> 12.3 | W73: C4 | AB73: =AVERAGE(Y75:Y86,AB75:AB86) -> #DIV/0! | AD73: C5 | AI73: =AVERAGE(AF75:AF86,AI75:AI86) -> #DIV/0!
B74: =CONCATENATE("Dames (",COUNTA(C75:C84),")") -> Dames (5) | E74: =CONCATENATE("Heren (",COUNTA(F75:F84),")") -> Heren (4) | I74: =CONCATENATE("Dames (",COUNTA(J75:J84),")") -> Dames (6) | L74: =CONCATENATE("Heren (",COUNTA(M75:M84),")") -> Heren (5) | P74: =CONCATENATE("Dames (",COUNTA(Q75:Q84),")") -> Dames (6) | S74: =CONCATENATE("Heren (",COUNTA(T75:T84),")") -> Heren (4) | W74: =CONCATENATE("Dames (",COUNTA(X75:X84),")") -> Dames (1) | Z74: =CONCATENATE("Heren (",COUNTA(AA75:AA84),")") -> Heren (1) | AD74: =CONCATENATE("Dames (",COUNTA(AE75:AE84),")") -> Dames (1) | AG74: =CONCATENATE("Heren (",COUNTA(AH75:AH84),")") -> Heren (1)
B75: {=_xlfn._xlws.FILTER(Spelerslijst!$B:$B,Spelerslijst!$G:$G=B$73,"")} -> Esmée de Boer | C75: {=_xlfn._xlws.FILTER(Spelerslijst!$H:$H,Spelerslijst!$G:$G=B$73,"")} -> C2 | D75: {=_xlfn._xlws.FILTER(Spelerslijst!$D:$D,Spelerslijst!$G:$G=B$73,"")} -> 14 | E75: {=_xlfn._xlws.FILTER(Spelerslijst!$L:$L,Spelerslijst!$Q:$Q=B$73,"")} -> Freek Laban | F75: {=_xlfn._xlws.FILTER(Spelerslijst!$R:$R,Spelerslijst!$Q:$Q=B$73,"")} -> C2 | G75: {=_xlfn._xlws.FILTER(Spelerslijst!$N:$N,Spelerslijst!$Q:$Q=B$73,"")} -> 12 | I75: {=_xlfn._xlws.FILTER(Spelerslijst!$B:$B,Spelerslijst!$G:$G=I$73,"")} -> Anouk Bakker | J75: {=_xlfn._xlws.FILTER(Spelerslijst!$H:$H,Spelerslijst!$G:$G=I$73,"")} -> D1 | K75: {=_xlfn._xlws.FILTER(Spelerslijst!$D:$D,Spelerslijst!$G:$G=I$73,"")} -> 12 | L75: {=_xlfn._xlws.FILTER(Spelerslijst!$L:$L,Spelerslijst!$Q:$Q=I$73,"")} -> Joep van Ameijden | M75: {=_xlfn._xlws.FILTER(Spelerslijst!$R:$R,Spelerslijst!$Q:$Q=I$73,"")} -> D1 | N75: {=_xlfn._xlws.FILTER(Spelerslijst!$N:$N,Spelerslijst!$Q:$Q=I$73,"")} -> 12 | P75: {=_xlfn._xlws.FILTER(Spelerslijst!$B:$B,Spelerslijst!$G:$G=P$73,"")} -> Anne-Sophie Lotgerink | Q75: {=_xlfn._xlws.FILTER(Spelerslijst!$H:$H,Spelerslijst!$G:$G=P$73,"")} -> D4 | R75: {=_xlfn._xlws.FILTER(Spelerslijst!$D:$D,Spelerslijst!$G:$G=P$73,"")} -> 12 | S75: {=_xlfn._xlws.FILTER(Spelerslijst!$L:$L,Spelerslijst!$Q:$Q=P$73,"")} -> Daan vd Weijde | T75: {=_xlfn._xlws.FILTER(Spelerslijst!$R:$R,Spelerslijst!$Q:$Q=P$73,"")} -> Nieuw | U75: {=_xlfn._xlws.FILTER(Spelerslijst!$N:$N,Spelerslijst!$Q:$Q=P$73,"")} -> 13 | W75: {=_xlfn._xlws.FILTER(Spelerslijst!$B:$B,Spelerslijst!$G:$G=W$73,"")} | X75: {=_xlfn._xlws.FILTER(Spelerslijst!$H:$H,Spelerslijst!$G:$G=W$73,"")} | Y75: {=_xlfn._xlws.FILTER(Spelerslijst!$D:$D,Spelerslijst!$G:$G=W$73,"")} | Z75: {=_xlfn._xlws.FILTER(Spelerslijst!$L:$L,Spelerslijst!$Q:$Q=W$73,"")} | AA75: {=_xlfn._xlws.FILTER(Spelerslijst!$R:$R,Spelerslijst!$Q:$Q=W$73,"")} | AB75: {=_xlfn._xlws.FILTER(Spelerslijst!$N:$N,Spelerslijst!$Q:$Q=W$73,"")} | AD75: {=_xlfn._xlws.FILTER(Spelerslijst!$B:$B,Spelerslijst!$G:$G=AD$73,"")} | AE75: {=_xlfn._xlws.FILTER(Spelerslijst!$H:$H,Spelerslijst!$G:$G=AD$73,"")} | AF75: {=_xlfn._xlws.FILTER(Spelerslijst!$D:$D,Spelerslijst!$G:$G=AD$73,"")} | AG75: {=_xlfn._xlws.FILTER(Spelerslijst!$L:$L,Spelerslijst!$Q:$Q=AD$73,"")} | AH75: {=_xlfn._xlws.FILTER(Spelerslijst!$R:$R,Spelerslijst!$Q:$Q=AD$73,"")} | AI75: {=_xlfn._xlws.FILTER(Spelerslijst!$N:$N,Spelerslijst!$Q:$Q=AD$73,"")}
B76: Eva van Rooij | C76: C2 | D76: 12 | E76: Lenn Belder | F76: C1 | G76: 13 | I76: Eva Bezemer | J76: D1 | K76: 12 | L76: Juda Vos | M76: D1 | N76: 12 | P76: Feline Littooij | Q76: D3 | R76: 12 | S76: Finn de Haseth | T76: Nieuw | U76: 12
B77: Olivia de Waard | C77: D1 | D77: 12 | E77: Sander Heerspring | F77: C2 | G77: 13 | I77: Famke Nijman | J77: C3 | K77: 13 | L77: Matthijs de Reus | M77: D1 | N77: 13 | P77: Jenna Ehmila | Q77: D2 | R77: 12 | S77: Levi Molendijk | T77: C4 | U77: 13
B78: Saar Camphens | C78: C2 | D78: 13 | E78: Tiemen den Dekker | F78: C1 | G78: 13 | I78: Fenna van Rijswijk | J78: D2 | K78: 12 | L78: Thijs Vos | M78: C3 | N78: 13 | P78: Kayleigh Gerritsen | Q78: nieuw | R78: 12 | S78: Mika Kerschkamp | T78: C4 | U78: 13
B79: Tess Volker | C79: C2 | D79: 14 | I79: Laura Exalto | J79: D1 | K79: 12 | L79: Xavi Jacobs | M79: C3 | N79: 13 | P79: Lisanne Naeije | Q79: D3 | R79: 12
I80: Sanne van Driel | J80: C3 | K80: 13 | P80: Milou Markusse | Q80: D4 | R80: 12
B85: {=_xlfn._xlws.FILTER(Staf!$C:$C,Staf!$B:$B=Teams!B73,"")} -> Trainer/Coach | C85: {=_xlfn._xlws.FILTER(Staf!$A:$A,Staf!$B:$B=Teams!B73,"")} -> Antjan Laban | I85: {=_xlfn._xlws.FILTER(Staf!$C:$C,Staf!$B:$B=Teams!I73,"")} -> Trainer/Coach | J85: {=_xlfn._xlws.FILTER(Staf!$A:$A,Staf!$B:$B=Teams!I73,"")} -> Kimberley Witman | P85: {=_xlfn._xlws.FILTER(Staf!$C:$C,Staf!$B:$B=Teams!P73,"")} -> Trainer/Coach | Q85: {=_xlfn._xlws.FILTER(Staf!$A:$A,Staf!$B:$B=Teams!P73,"")} -> Nadia de Wit | W85: {=_xlfn._xlws.FILTER(Staf!$C:$C,Staf!$B:$B=Teams!W73,"")} | X85: {=_xlfn._xlws.FILTER(Staf!$A:$A,Staf!$B:$B=Teams!W73,"")} | AD85: {=_xlfn._xlws.FILTER(Staf!$C:$C,Staf!$B:$B=Teams!AD73,"")} | AE85: {=_xlfn._xlws.FILTER(Staf!$A:$A,Staf!$B:$B=Teams!AD73,"")}
B86: Trainer/Coach | C86: Milou Oppe | I86: Trainer/Coach | J86: Robert Koster | P86: Trainer/Coach | Q86: Syrah de Wit
I87: Trainer/Coach | J87: Senne Koster | P87: Assistent-trainer | Q87: Vacature
A89: D-Pupillen | B89: D1 | G89: =AVERAGE(D91:D100,G91:G100) -> 10.9 | I89: D2 | N89: =AVERAGE(K91:K100,N91:N100) -> 10.727273 | P89: D3 | U89: =AVERAGE(R91:R100,U91:U100) -> 10 | W89: D4 | AB89: =AVERAGE(Y91:Y100,AB91:AB100) -> 10.3 | AD89: D5 | AI89: =AVERAGE(AF91:AF100,AI91:AI100) -> #DIV/0!
B90: =CONCATENATE("Dames (",COUNTA(C91:C98),")") -> Dames (6) | E90: =CONCATENATE("Heren (",COUNTA(F91:F98),")") -> Heren (4) | I90: =CONCATENATE("Dames (",COUNTA(J91:J98),")") -> Dames (6) | L90: =CONCATENATE("Heren (",COUNTA(M91:M98),")") -> Heren (5) | P90: =CONCATENATE("Dames (",COUNTA(Q91:Q97),")") -> Dames (4) | S90: =CONCATENATE("Heren (",COUNTA(T91:T98),")") -> Heren (5) | W90: =CONCATENATE("Dames (",COUNTA(X91:X98),")") -> Dames (4) | Z90: =CONCATENATE("Heren (",COUNTA(AA91:AA98),")") -> Heren (6) | AD90: =CONCATENATE("Dames (",COUNTA(AE91:AE98),")") -> Dames (1) | AG90: =CONCATENATE("Heren (",COUNTA(AH91:AH98),")") -> Heren (1)
B91: {=_xlfn._xlws.FILTER(Spelerslijst!$B:$B,Spelerslijst!$G:$G=B$89,"")} -> Davina Moniz | C91: {=_xlfn._xlws.FILTER(Spelerslijst!$H:$H,Spelerslijst!$G:$G=B$89,"")} -> D1 | D91: {=_xlfn._xlws.FILTER(Spelerslijst!$D:$D,Spelerslijst!$G:$G=B$89,"")} -> 11 | E91: {=_xlfn._xlws.FILTER(Spelerslijst!$L:$L,Spelerslijst!$Q:$Q=B$89,"")} -> Abel van de Ven | F91: {=_xlfn._xlws.FILTER(Spelerslijst!R:R,Spelerslijst!$Q:$Q=B$89,"")} -> D2 | G91: {=_xlfn._xlws.FILTER(Spelerslijst!$N:$N,Spelerslijst!$Q:$Q=B$89,"")} -> 10 | I91: {=_xlfn._xlws.FILTER(Spelerslijst!$B:$B,Spelerslijst!$G:$G=I$89,"")} -> Esther Oosse | J91: {=_xlfn._xlws.FILTER(Spelerslijst!$H:$H,Spelerslijst!$G:$G=I$89,"")} -> D3 | K91: {=_xlfn._xlws.FILTER(Spelerslijst!$D:$D,Spelerslijst!$G:$G=I$89,"")} -> 11 | L91: {=_xlfn._xlws.FILTER(Spelerslijst!$L:$L,Spelerslijst!$Q:$Q=I$89,"")} -> Cas Uljee | M91: {=_xlfn._xlws.FILTER(Spelerslijst!$R:$R,Spelerslijst!$Q:$Q=I$89,"")} -> D3 | N91: {=_xlfn._xlws.FILTER(Spelerslijst!$N:$N,Spelerslijst!$Q:$Q=I$89,"")} -> 11 | P91: {=_xlfn._xlws.FILTER(Spelerslijst!$B:$B,Spelerslijst!$G:$G=P$89,"")} -> Ize van der Linden | Q91: {=_xlfn._xlws.FILTER(Spelerslijst!$H:$H,Spelerslijst!$G:$G=P$89,"")} -> E2 | R91: {=_xlfn._xlws.FILTER(Spelerslijst!$D:$D,Spelerslijst!$G:$G=P$89,"")} -> 10 | S91: {=_xlfn._xlws.FILTER(Spelerslijst!$L:$L,Spelerslijst!$Q:$Q=P$89,"")} -> Ayden van den Bosch | T91: {=_xlfn._xlws.FILTER(Spelerslijst!$R:$R,Spelerslijst!$Q:$Q=P$89,"")} -> E1 | U91: {=_xlfn._xlws.FILTER(Spelerslijst!$N:$N,Spelerslijst!$Q:$Q=P$89,"")} -> 10 | W91: {=_xlfn._xlws.FILTER(Spelerslijst!$B:$B,Spelerslijst!$G:$G=W$89,"")} -> Benthe van Dijl | X91: {=_xlfn._xlws.FILTER(Spelerslijst!$H:$H,Spelerslijst!$G:$G=W$89,"")} -> nieuw | Y91: {=_xlfn._xlws.FILTER(Spelerslijst!$D:$D,Spelerslijst!$G:$G=W$89,"")} -> 10 | Z91: {=_xlfn._xlws.FILTER(Spelerslijst!$L:$L,Spelerslijst!$Q:$Q=W$89,"")} -> Collin Koppelaar | AA91: {=_xlfn._xlws.FILTER(Spelerslijst!$R:$R,Spelerslijst!$Q:$Q=W$89,"")} -> D4 | AB91: {=_xlfn._xlws.FILTER(Spelerslijst!$N:$N,Spelerslijst!$Q:$Q=W$89,"")} -> 10 | AD91: {=_xlfn._xlws.FILTER(Spelerslijst!$B:$B,Spelerslijst!$G:$G=AD$89,"")} | AE91: {=_xlfn._xlws.FILTER(Spelerslijst!$H:$H,Spelerslijst!$G:$G=AD$89,"")} | AF91: {=_xlfn._xlws.FILTER(Spelerslijst!$D:$D,Spelerslijst!$G:$G=AD$89,"")} | AG91: {=_xlfn._xlws.FILTER(Spelerslijst!$L:$L,Spelerslijst!$Q:$Q=AD$89,"")} | AH91: {=_xlfn._xlws.FILTER(Spelerslijst!$R:$R,Spelerslijst!$Q:$Q=AD$89,"")} | AI91: {=_xlfn._xlws.FILTER(Spelerslijst!$N:$N,Spelerslijst!$Q:$Q=AD$89,"")}
B92: Evi Kleingeld | C92: D2 | D92: 11 | E92: Falco Bemer | F92: D2 | G92: 11 | I92: Jolijn van den Bergh | J92: D3 | K92: 11 | L92: Fynn Kuling | M92: D3 | N92: 11 | P92: Jeslynn Vos | Q92: E1 | R92: 10 | S92: Jorn den Dekker | T92: E2 | U92: 10 | W92: Elske Niehof | X92: nieuw | Y92: 11 | Z92: Joep Jongkind | AA92: E4 | AB92: 10
B93: Fay Tims | C93: D2 | D93: 11 | E93: Nathan Verberkt | F93: D2 | G93: 11 | I93: Lenthe van den Boogaart | J93: D3 | K93: 11 | L93: Lars Winter | M93: E2 | N93: 10 | P93: Pien van Dongen | Q93: E1 | R93: 10 | S93: Levi Everaarts | T93: E1 | U93: 10 | W93: Emma Schot | X93: E3 | Y93: 11 | Z93: Lukas van der Weijde | AA93: D4 | AB93: 10
B94: Imke van Geldrop | C94: D1 | D94: 11 | E94: Tygo Bemer | F94: D2 | G94: 11 | I94: Lisa Exalto | J94: E2 | K94: 10 | L94: Martijn Veenendaal | M94: D3 | N94: 11 | P94: Sanae el Arbiati | Q94: E5 | R94: 10 | S94: Lucas van de Rest | T94: E3 | U94: 10 | W94: Nurefsan Kombe | X94: D4 | Y94: 11 | Z94: Mayson Josefina | AA94: NSL | AB94: 10
B95: Layla de Boer | C95: D2 | D95: 11 | I95: Noor Brouwer | J95: D3 | K95: 11 | L95: Tobias Hoedelmans | M95: E2 | N95: 10 | S95: Morris van Ameijden | T95: E2 | U95: 10 | Z95: Ralf Dijkstra | AA95: E3 | AB95: 10
B96: Yara van der Wiel | C96: D2 | D96: 11 | I96: Tess Uljee | J96: D3 | K96: 11 | Z96: Sepp Jongkind | AA96: E3 | AB96: 10
B99: {=_xlfn._xlws.FILTER(Staf!$C:$C,Staf!$B:$B=Teams!B89,"")} -> Trainer/Coach | C99: {=_xlfn._xlws.FILTER(Staf!$A:$A,Staf!$B:$B=Teams!B89,"")} -> Marcel St. Nicolaas | I99: {=_xlfn._xlws.FILTER(Staf!$C:$C,Staf!$B:$B=Teams!I89,"")} -> Trainer/Coach | J99: {=_xlfn._xlws.FILTER(Staf!$A:$A,Staf!$B:$B=Teams!I89,"")} -> Marlies Valk | P99: {=_xlfn._xlws.FILTER(Staf!$C:$C,Staf!$B:$B=Teams!P89,"")} -> Trainer/Coach | Q99: {=_xlfn._xlws.FILTER(Staf!$A:$A,Staf!$B:$B=Teams!P89,"")} -> Anouk de Jongh | W99: {=_xlfn._xlws.FILTER(Staf!$C:$C,Staf!$B:$B=Teams!W89,"")} -> Trainer/Coach | X99: {=_xlfn._xlws.FILTER(Staf!$A:$A,Staf!$B:$B=Teams!W89,"")} -> Vacature | AD99: {=_xlfn._xlws.FILTER(Staf!$C:$C,Staf!$B:$B=Teams!AD89,"")} | AE99: {=_xlfn._xlws.FILTER(Staf!$A:$A,Staf!$B:$B=Teams!AD89,"")}
B100: Trainer/Coach | C100: Tom van de Ven | I100: Trainer/Coach | J100: Sara Boshoven | P100: Trainer/Coach | Q100: Sjoerd van Ameijden | W100: Trainer/Coach | X100: Vacature
B101: Assistent-trainer | C101: Alex de Boer
A103: E-pupillen | B103: E1 | G103: =AVERAGE(D105:D112,G105:G112) -> 9 | I103: E2 | N103: =AVERAGE(K105:K112,N105:N112) -> 9 | P103: E3 | U103: =AVERAGE(R105:R112,U105:U112) -> 8.6 | W103: E4 | AB103: =AVERAGE(Y105:Y112,AB105:AB112) -> 8 | AD103: E5 | AI103: =AVERAGE(AF105:AF112,AI105:AI112) -> #DIV/0! | AK103: E6 | AP103: =AVERAGE(AM105:AM112,AP105:AP112) -> #DIV/0! | AR103: E7 | AW103: =AVERAGE(AT105:AT112,AW105:AW112) -> #DIV/0!
B104: =CONCATENATE("Dames (",COUNTA(C105:C110),")") -> Dames (3) | E104: =CONCATENATE("Heren (",COUNTA(F105:F110),")") -> Heren (2) | I104: =CONCATENATE("Dames (",COUNTA(J105:J110),")") -> Dames (3) | L104: =CONCATENATE("Heren (",COUNTA(M105:M110),")") -> Heren (2) | P104: =CONCATENATE("Dames (",COUNTA(Q105:Q110),")") -> Dames (4) | S104: =CONCATENATE("Heren (",COUNTA(T105:T110),")") -> Heren (1) | W104: =CONCATENATE("Dames (",COUNTA(X105:X110),")") -> Dames (5) | Z104: =CONCATENATE("Heren (",COUNTA(AA105:AA110),")") -> Heren (1) | AD104: =CONCATENATE("Dames (",COUNTA(AE105:AE110),")") -> Dames (1) | AG104: =CONCATENATE("Heren (",COUNTA(AH105:AH110),")") -> Heren (1) | AK104: =CONCATENATE("Dames (",COUNTA(AL105:AL110),")") -> Dames (1) | AN104: =CONCATENATE("Heren (",COUNTA(AO105:AO110),")") -> Heren (1) | AR104: =CONCATENATE("Dames (",COUNTA(AS105:AS110),")") -> Dames (1) | AU104: =CONCATENATE("Heren (",COUNTA(AV105:AV110),")") -> Heren (1)
B105: {=_xlfn._xlws.FILTER(Spelerslijst!$B:$B,Spelerslijst!$G:$G=B$103,"")} -> Maartje Laban | C105: {=_xlfn._xlws.FILTER(Spelerslijst!$H:$H,Spelerslijst!$G:$G=B$103,"")} -> E4 | D105: {=_xlfn._xlws.FILTER(Spelerslijst!$D:$D,Spelerslijst!$G:$G=B$103,"")} -> 9 | E105: {=_xlfn._xlws.FILTER(Spelerslijst!$L:$L,Spelerslijst!$Q:$Q=B$103,"")} -> Koen Ploeg | F105: {=_xlfn._xlws.FILTER(Spelerslijst!$R:$R,Spelerslijst!$Q:$Q=B$103,"")} -> E4 | G105: {=_xlfn._xlws.FILTER(Spelerslijst!$N:$N,Spelerslijst!$Q:$Q=B$103,"")} -> 9 | I105: {=_xlfn._xlws.FILTER(Spelerslijst!$B:$B,Spelerslijst!$G:$G=I$103,"")} -> Aniek van den Bergh | J105: {=_xlfn._xlws.FILTER(Spelerslijst!$H:$H,Spelerslijst!$G:$G=I$103,"")} -> E5 | K105: {=_xlfn._xlws.FILTER(Spelerslijst!$D:$D,Spelerslijst!$G:$G=I$103,"")} -> 9 | L105: {=_xlfn._xlws.FILTER(Spelerslijst!$L:$L,Spelerslijst!$Q:$Q=I$103,"")} -> Gideon Verberkt | M105: {=_xlfn._xlws.FILTER(Spelerslijst!$R:$R,Spelerslijst!$Q:$Q=I$103,"")} -> E5 | N105: {=_xlfn._xlws.FILTER(Spelerslijst!$N:$N,Spelerslijst!$Q:$Q=I$103,"")} -> 9 | P105: {=_xlfn._xlws.FILTER(Spelerslijst!$B:$B,Spelerslijst!$G:$G=P$103,"")} -> Imme Bouman | Q105: {=_xlfn._xlws.FILTER(Spelerslijst!$H:$H,Spelerslijst!$G:$G=P$103,"")} -> F1 | R105: {=_xlfn._xlws.FILTER(Spelerslijst!$D:$D,Spelerslijst!$G:$G=P$103,"")} -> 8 | S105: {=_xlfn._xlws.FILTER(Spelerslijst!$L:$L,Spelerslijst!$Q:$Q=P$103,"")} -> Tom van der Stel | T105: {=_xlfn._xlws.FILTER(Spelerslijst!$R:$R,Spelerslijst!$Q:$Q=P$103,"")} -> Nieuw | U105: {=_xlfn._xlws.FILTER(Spelerslijst!$N:$N,Spelerslijst!$Q:$Q=P$103,"")} -> 9 | W105: {=_xlfn._xlws.FILTER(Spelerslijst!$B:$B,Spelerslijst!$G:$G=W$103,"")} -> Jaylinn Ottevanger | X105: {=_xlfn._xlws.FILTER(Spelerslijst!$H:$H,Spelerslijst!$G:$G=W$103,"")} -> F2 | Y105: {=_xlfn._xlws.FILTER(Spelerslijst!$D:$D,Spelerslijst!$G:$G=W$103,"")} -> 8 | Z105: {=_xlfn._xlws.FILTER(Spelerslijst!$L:$L,Spelerslijst!$Q:$Q=W$103,"")} -> Lucien Mol | AA105: {=_xlfn._xlws.FILTER(Spelerslijst!$R:$R,Spelerslijst!$Q:$Q=W$103,"")} -> Nieuw | AB105: {=_xlfn._xlws.FILTER(Spelerslijst!$N:$N,Spelerslijst!$Q:$Q=W$103,"")} -> 8 | AD105: {=_xlfn._xlws.FILTER(Spelerslijst!$B:$B,Spelerslijst!$G:$G=AD$103,"")} | AE105: {=_xlfn._xlws.FILTER(Spelerslijst!$H:$H,Spelerslijst!$G:$G=AD$103,"")} | AF105: {=_xlfn._xlws.FILTER(Spelerslijst!$D:$D,Spelerslijst!$G:$G=AD$103,"")} | AG105: {=_xlfn._xlws.FILTER(Spelerslijst!$L:$L,Spelerslijst!$Q:$Q=AD$103,"")} | AH105: {=_xlfn._xlws.FILTER(Spelerslijst!$R:$R,Spelerslijst!$Q:$Q=AD$103,"")} | AI105: {=_xlfn._xlws.FILTER(Spelerslijst!$N:$N,Spelerslijst!$Q:$Q=AD$103,"")} | AK105: {=_xlfn._xlws.FILTER(Spelerslijst!$B:$B,Spelerslijst!$G:$G=AK$103,"")} | AL105: {=_xlfn._xlws.FILTER(Spelerslijst!$H:$H,Spelerslijst!$G:$G=AK$103,"")} | AM105: {=_xlfn._xlws.FILTER(Spelerslijst!$D:$D,Spelerslijst!$G:$G=AK$103,"")} | AN105: {=_xlfn._xlws.FILTER(Spelerslijst!$L:$L,Spelerslijst!$Q:$Q=AK$103,"")} | AO105: {=_xlfn._xlws.FILTER(Spelerslijst!$R:$R,Spelerslijst!$Q:$Q=AK$103,"")} | AP105: {=_xlfn._xlws.FILTER(Spelerslijst!$N:$N,Spelerslijst!$Q:$Q=AK$103,"")} | AR105: {=_xlfn._xlws.FILTER(Spelerslijst!$B:$B,Spelerslijst!$G:$G=AR$103,"")} | AS105: {=_xlfn._xlws.FILTER(Spelerslijst!$H:$H,Spelerslijst!$G:$G=AR$103,"")} | AT105: {=_xlfn._xlws.FILTER(Spelerslijst!$D:$D,Spelerslijst!$G:$G=AR$103,"")} | AU105: {=_xlfn._xlws.FILTER(Spelerslijst!$L:$L,Spelerslijst!$Q:$Q=AR$103,"")} | AV105: {=_xlfn._xlws.FILTER(Spelerslijst!$R:$R,Spelerslijst!$Q:$Q=AR$103,"")} | AW105: {=_xlfn._xlws.FILTER(Spelerslijst!$N:$N,Spelerslijst!$Q:$Q=AR$103,"")}
B106: Robin Mans | C106: E4 | D106: 9 | E106: Rens Boekee | F106: E4 | G106: 9 | I106: Julia van Twist | J106: E5 | K106: 9 | L106: Timo van der Sijde | M106: E5 | N106: 9 | P106: Karlijn Bakker | Q106: F1 | R106: 8 | W106: Julia Baas | X106: F2 | Y106: 8
B107: Sofie Kleingeld | C107: E4 | D107: 9 | I107: Nehir Torbali | J107: E5 | K107: 9 | P107: Suze Maaskant | Q107: E3 | R107: 9 | W107: Nesrin Kombe | X107: F2 | Y107: 9
P108: Tess Rebollo | Q108: E3 | R108: 9 | W108: Vive Jacobs | X108: F2 | Y108: 7
W109: Wies van den Berg | X109: F2 | Y109: 8
B111: {=_xlfn._xlws.FILTER(Staf!$C:$C,Staf!$B:$B=Teams!B103,"")} -> Trainer/Coach | C111: {=_xlfn._xlws.FILTER(Staf!$A:$A,Staf!$B:$B=Teams!B103,"")} -> Liesbeth Wibbens | I111: {=_xlfn._xlws.FILTER(Staf!$C:$C,Staf!$B:$B=Teams!I103,"")} -> Trainer/Coach | J111: {=_xlfn._xlws.FILTER(Staf!$A:$A,Staf!$B:$B=Teams!I103,"")} -> Ilonka Bouwknegt | P111: {=_xlfn._xlws.FILTER(Staf!$C:$C,Staf!$B:$B=Teams!P103,"")} -> Trainer/Coach | Q111: {=_xlfn._xlws.FILTER(Staf!$A:$A,Staf!$B:$B=Teams!P103,"")} -> Matthijs de Jongh | W111: {=_xlfn._xlws.FILTER(Staf!$C:$C,Staf!$B:$B=Teams!W103,"")} -> Trainer/Coach | X111: {=_xlfn._xlws.FILTER(Staf!$A:$A,Staf!$B:$B=Teams!W103,"")} -> Jet van Trooijen | AD111: {=_xlfn._xlws.FILTER(Staf!$C:$C,Staf!$B:$B=Teams!AD103,"")} | AE111: {=_xlfn._xlws.FILTER(Staf!$A:$A,Staf!$B:$B=Teams!AD103,"")} | AK111: {=_xlfn._xlws.FILTER(Staf!$C:$C,Staf!$B:$B=Teams!AK103,"")} | AL111: {=_xlfn._xlws.FILTER(Staf!$A:$A,Staf!$B:$B=Teams!AK103,"")} | AR111: {=_xlfn._xlws.FILTER(Staf!$C:$C,Staf!$B:$B=Teams!AR103,"")} | AS111: {=_xlfn._xlws.FILTER(Staf!$A:$A,Staf!$B:$B=Teams!AR103,"")}
B112: Trainer/Coach | C112: Monique te Witt | P112: Trainer/Coach | Q112: Viviënne Versnel | W112: Trainer/Coach | X112: Kimberly Jacobs
B113: Ondersteuning E-trainers | C113: Gertjan Ploeg | P113: Trainer/Coach | Q113: Tessa van Everdingen
P114: Ondersteuning | Q114: Lieke Bakker
A115: F-Pupillen | B115: F1 | G115: =AVERAGE(D117:D125,G117:G125) -> 6.8 | I115: F2 | N115: =AVERAGE(K117:K125,N117:N125) -> 6.5 | P115: F3 | U115: =AVERAGE(R117:R125,U117:U125) -> #DIV/0! | W115: F4 | AB115: =AVERAGE(Y117:Y125,AB117:AB125) -> #DIV/0! | AD115: F5 | AI115: =AVERAGE(AF117:AF125,AI117:AI125) -> #DIV/0!
B116: =CONCATENATE("Dames (",COUNTA(C117:C122),")") -> Dames (2) | E116: =CONCATENATE("Heren (",COUNTA(F117:F122),")") -> Heren (3) | I116: =CONCATENATE("Dames (",COUNTA(J117:J122),")") -> Dames (4) | L116: =CONCATENATE("Heren (",COUNTA(M117:M122),")") -> Heren (4) | P116: =CONCATENATE("Dames (",COUNTA(Q117:Q122),")") -> Dames (1) | S116: =CONCATENATE("Heren (",COUNTA(T117:T122),")") -> Heren (1) | W116: =CONCATENATE("Dames (",COUNTA(X117:X122),")") -> Dames (1) | Z116: =CONCATENATE("Heren (",COUNTA(AA117:AA122),")") -> Heren (1) | AD116: =CONCATENATE("Dames (",COUNTA(AE117:AE122),")") -> Dames (1) | AG116: =CONCATENATE("Heren (",COUNTA(AH117:AH122),")") -> Heren (1)
B117: {=_xlfn._xlws.FILTER(Spelerslijst!$B:$B,Spelerslijst!$G:$G=B$115,"")} -> Alisa Stomp | C117: {=_xlfn._xlws.FILTER(Spelerslijst!$H:$H,Spelerslijst!$G:$G=B$115,"")} -> F1 | D117: {=_xlfn._xlws.FILTER(Spelerslijst!$D:$D,Spelerslijst!$G:$G=B$115,"")} -> 7 | E117: {=_xlfn._xlws.FILTER(Spelerslijst!$L:$L,Spelerslijst!$Q:$Q=B$115,"")} -> Amos Alberts | F117: {=_xlfn._xlws.FILTER(Spelerslijst!$R:$R,Spelerslijst!$Q:$Q=B$115,"")} -> F1 | G117: {=_xlfn._xlws.FILTER(Spelerslijst!$N:$N,Spelerslijst!$Q:$Q=B$115,"")} -> 7 | I117: {=_xlfn._xlws.FILTER(Spelerslijst!$B:$B,Spelerslijst!$G:$G=I$115,"")} -> Livia van de Burgt | J117: {=_xlfn._xlws.FILTER(Spelerslijst!$H:$H,Spelerslijst!$G:$G=I$115,"")} -> F2 | K117: {=_xlfn._xlws.FILTER(Spelerslijst!$D:$D,Spelerslijst!$G:$G=I$115,"")} -> 7 | L117: {=_xlfn._xlws.FILTER(Spelerslijst!$L:$L,Spelerslijst!$Q:$Q=I$115,"")} -> Elroy van Wingerden | M117: {=_xlfn._xlws.FILTER(Spelerslijst!$R:$R,Spelerslijst!$Q:$Q=I$115,"")} -> Nieuw | N117: {=_xlfn._xlws.FILTER(Spelerslijst!$N:$N,Spelerslijst!$Q:$Q=I$115,"")} -> 7 | P117: {=_xlfn._xlws.FILTER(Spelerslijst!$B:$B,Spelerslijst!$G:$G=P$115,"")} | Q117: {=_xlfn._xlws.FILTER(Spelerslijst!$H:$H,Spelerslijst!$G:$G=P$115,"")} | R117: {=_xlfn._xlws.FILTER(Spelerslijst!$D:$D,Spelerslijst!$G:$G=P$115,"")} | S117: {=_xlfn._xlws.FILTER(Spelerslijst!$L:$L,Spelerslijst!$Q:$Q=P$115,"")} | T117: {=_xlfn._xlws.FILTER(Spelerslijst!$R:$R,Spelerslijst!$Q:$Q=P$115,"")} | U117: {=_xlfn._xlws.FILTER(Spelerslijst!$N:$N,Spelerslijst!$Q:$Q=P$115,"")} | W117: {=_xlfn._xlws.FILTER(Spelerslijst!$B:$B,Spelerslijst!$G:$G=W$115,"")} | X117: {=_xlfn._xlws.FILTER(Spelerslijst!$H:$H,Spelerslijst!$G:$G=W$115,"")} | Y117: {=_xlfn._xlws.FILTER(Spelerslijst!$D:$D,Spelerslijst!$G:$G=W$115,"")} | Z117: {=_xlfn._xlws.FILTER(Spelerslijst!$L:$L,Spelerslijst!$Q:$Q=W$115,"")} | AA117: {=_xlfn._xlws.FILTER(Spelerslijst!$R:$R,Spelerslijst!$Q:$Q=W$115,"")} | AB117: {=_xlfn._xlws.FILTER(Spelerslijst!$N:$N,Spelerslijst!$Q:$Q=W$115,"")} | AD117: {=_xlfn._xlws.FILTER(Spelerslijst!$B:$B,Spelerslijst!$G:$G=AD$115,"")} | AE117: {=_xlfn._xlws.FILTER(Spelerslijst!$H:$H,Spelerslijst!$G:$G=AD$115,"")} | AF117: {=_xlfn._xlws.FILTER(Spelerslijst!$D:$D,Spelerslijst!$G:$G=AD$115,"")} | AG117: {=_xlfn._xlws.FILTER(Spelerslijst!$L:$L,Spelerslijst!$Q:$Q=AD$115,"")} | AH117: {=_xlfn._xlws.FILTER(Spelerslijst!$R:$R,Spelerslijst!$Q:$Q=AD$115,"")} | AI117: {=_xlfn._xlws.FILTER(Spelerslijst!$N:$N,Spelerslijst!$Q:$Q=AD$115,"")}
B118: Lara Mans | C118: F1 | D118: 6 | E118: Luuk Ploeg | F118: Nieuw | G118: 7 | I118: Mayvin Nawar | J118: nieuw | K118: 7 | L118: Finn Ploeg | M118: Nieuw | N118: 5
E119: Sepp de Jong | F119: Nieuw | G119: 7 | I119: Sanna de Lange | J119: F2 | K119: 7 | L119: Ruben Verberkt | M119: K | N119: 6
I120: Tess Rombouts | J120: nieuw | K120: 7 | L120: Stepan Polumysni | M120: K | N120: 6
B123: {=_xlfn._xlws.FILTER(Staf!$C:$C,Staf!$B:$B=Teams!B115,"")} -> Hoofd trainer/coach F | C123: {=_xlfn._xlws.FILTER(Staf!$A:$A,Staf!$B:$B=Teams!B115,"")} -> Lianne Stomp - vd Burgt | I123: {=_xlfn._xlws.FILTER(Staf!$C:$C,Staf!$B:$B=Teams!I115,"")} -> Hoofd trainer/coach F | J123: {=_xlfn._xlws.FILTER(Staf!$A:$A,Staf!$B:$B=Teams!I115,"")} -> Lianne Stomp - vd Burgt | P123: {=_xlfn._xlws.FILTER(Staf!$C:$C,Staf!$B:$B=Teams!P115,"")} | Q123: {=_xlfn._xlws.FILTER(Staf!$A:$A,Staf!$B:$B=Teams!P115,"")} | W123: {=_xlfn._xlws.FILTER(Staf!$C:$C,Staf!$B:$B=Teams!W115,"")} | X123: {=_xlfn._xlws.FILTER(Staf!$A:$A,Staf!$B:$B=Teams!W115,"")} | AD123: {=_xlfn._xlws.FILTER(Staf!$C:$C,Staf!$B:$B=Teams!AD115,"")} | AE123: {=_xlfn._xlws.FILTER(Staf!$A:$A,Staf!$B:$B=Teams!AD115,"")}
B124: Trainer/Coach | C124: Seth vd Burgt | I124: Trainer/Coach | J124: Noa Stomp
B125: Trainer/Coach | C125: Sophie Kilsdonk | I125: Teambegeleider | J125: Irene Ploeg
A128: Kangoeroes | B128: K | G128: =AVERAGE(D130:D139,G130:G139) -> 4.6666667
B129: =CONCATENATE("Dames (",COUNTA(C130:C137),")") -> Dames (1) | E129: =CONCATENATE("Heren (",COUNTA(F130:F137),")") -> Heren (2)
B130: {=_xlfn._xlws.FILTER(Spelerslijst!$B:$B,Spelerslijst!$G:$G=B$128,"")} -> Floor van de Merwe | C130: {=_xlfn._xlws.FILTER(Spelerslijst!$H:$H,Spelerslijst!$G:$G=B$128,"")} -> nieuw | D130: {=_xlfn._xlws.FILTER(Spelerslijst!$D:$D,Spelerslijst!$G:$G=B$128,"")} -> 5 | E130: {=_xlfn._xlws.FILTER(Spelerslijst!$L:$L,Spelerslijst!$Q:$Q=B$128,"")} -> Branley van Wingerden | F130: {=_xlfn._xlws.FILTER(Spelerslijst!$R:$R,Spelerslijst!$Q:$Q=B$128,"")} -> Nieuw | G130: {=_xlfn._xlws.FILTER(Spelerslijst!$N:$N,Spelerslijst!$Q:$Q=B$128,"")} -> 5
E131: Olle Bezemer | F131: K | G131: 4
B138: {=_xlfn._xlws.FILTER(Staf!$C:$C,Staf!$B:$B=Teams!B128,"")} | C138: {=_xlfn._xlws.FILTER(Staf!$A:$A,Staf!$B:$B=Teams!B128,"")}

Sheet Spelerslijst
A1: Rel.nr | B1: Naam & Initialen) | C1: Roepnaam | D1: Leeftijd Peildatum | E1: Geb datum | F1: Team op Peildatum | G1: Team 24-25 | H1: Team 23-24 | I1: AR | K1: Rel.nr | L1: Naam & Initialen | M1: Roepnaam | N1: Leeftijd Peildatum | O1: Geb datum | P1: Team op Peildatum | Q1: Team 24-25 | R1: Team 23-24 | S1: AR
B2: ~Dame S1S2 | D2: =VLOOKUP(YEAR(Tabel1[[#This Row],[Geb datum]]),Tabel8[#All],2,FALSE) -> 24 | E2: 36526 | F2: =VLOOKUP(YEAR(Tabel1[[#This Row],[Geb datum]]),Tabel8[#All],3,FALSE) -> S | G2: S4 | K2: NLZ21F1 | L2: Abel van de Ven | M2: Abel | N2: =VLOOKUP(YEAR(Tabel3[[#This Row],[Geb datum]]),Tabel8[#All],2,FALSE) -> 10 | O2: 41668 | P2: =VLOOKUP(YEAR(Tabel3[[#This Row],[Geb datum]]),Tabel8[#All],3,FALSE) -> D | Q2: D1 | R2: D2
B3: ~Dame S1S2 | D3: =VLOOKUP(YEAR(Tabel1[[#This Row],[Geb datum]]),Tabel8[#All],2,FALSE) -> 24 | E3: 36526 | F3: =VLOOKUP(YEAR(Tabel1[[#This Row],[Geb datum]]),Tabel8[#All],3,FALSE) -> S | G3: S4 | K3: NMV71X5 | L3: Amos Alberts | M3: Amos | N3: =VLOOKUP(YEAR(Tabel3[[#This Row],[Geb datum]]),Tabel8[#All],2,FALSE) -> 7 | O3: 42901 | P3: =VLOOKUP(YEAR(Tabel3[[#This Row],[Geb datum]]),Tabel8[#All],3,FALSE) -> F | Q3: F1 | R3: F1
A4: NMV61M3 | B4: Alisa Stomp | C4: Alisa | D4: =VLOOKUP(YEAR(Tabel1[[#This Row],[Geb datum]]),Tabel8[#All],2,FALSE) -> 7 | E4: 42919 | F4: =VLOOKUP(YEAR(Tabel1[[#This Row],[Geb datum]]),Tabel8[#All],3,FALSE) -> F | G4: F1 | H4: F1 | K4: NFW92M3 | L4: Antjan Laban | M4: Antjan | N4: =VLOOKUP(YEAR(Tabel3[[#This Row],[Geb datum]]),Tabel8[#All],2,FALSE) -> 44 | O4: 29340 | P4: =VLOOKUP(YEAR(Tabel3[[#This Row],[Geb datum]]),Tabel8[#All],3,FALSE) -> S | Q4: AR | R4: S4
A5: NLB70T7 | B5: Amber Boeije | C5: Amber | D5: =VLOOKUP(YEAR(Tabel1[[#This Row],[Geb datum]]),Tabel8[#All],2,FALSE) -> 19 | E5: 38480 | F5: =VLOOKUP(YEAR(Tabel1[[#This Row],[Geb datum]]),Tabel8[#All],3,FALSE) -> S | G5: S6 | H5: A3 | K5: NFW26G8 | L5: Arjan Noels | M5: Arjan | N5: =VLOOKUP(YEAR(Tabel3[[#This Row],[Geb datum]]),Tabel8[#All],2,FALSE) -> 44 | O5: 29523 | P5: =VLOOKUP(YEAR(Tabel3[[#This Row],[Geb datum]]),Tabel8[#All],3,FALSE) -> S | Q5: Stopt | R5: S4
A6: NLH27P1 | B6: Amber de Haas | C6: Amber | D6: =VLOOKUP(YEAR(Tabel1[[#This Row],[Geb datum]]),Tabel8[#All],2,FALSE) -> 17 | E6: 39114 | F6: =VLOOKUP(YEAR(Tabel1[[#This Row],[Geb datum]]),Tabel8[#All],3,FALSE) -> A | G6: A1A2 | H6: A1 | K6: NMV76G1 | L6: Art Malschaert | M6: Art | N6: =VLOOKUP(YEAR(Tabel3[[#This Row],[Geb datum]]),Tabel8[#All],2,FALSE) -> 7 | O6: 42955 | P6: =VLOOKUP(YEAR(Tabel3[[#This Row],[Geb datum]]),Tabel8[#All],3,FALSE) -> F | Q6: Stopt | R6: F2
A7: NLB70X5 | B7: Angela Friebel | C7: Angela | D7: =VLOOKUP(YEAR(Tabel1[[#This Row],[Geb datum]]),Tabel8[#All],2,FALSE) -> 22 | E7: 37541 | F7: =VLOOKUP(YEAR(Tabel1[[#This Row],[Geb datum]]),Tabel8[#All],3,FALSE) -> S | G7: S6 | H7: S6 | K7: NMB99X9 | L7: Ayden van den Bosch | M7: Ayden | N7: =VLOOKUP(YEAR(Tabel3[[#This Row],[Geb datum]]),Tabel8[#All],2,FALSE) -> 10 | O7: 41706 | P7: =VLOOKUP(YEAR(Tabel3[[#This Row],[Geb datum]]),Tabel8[#All],3,FALSE) -> D | Q7: D3 | R7: E1
A8: NMS40B0 | B8: Aniek van den Bergh | C8: Aniek | D8: =VLOOKUP(YEAR(Tabel1[[#This Row],[Geb datum]]),Tabel8[#All],2,FALSE) -> 9 | E8: 42308 | F8: =VLOOKUP(YEAR(Tabel1[[#This Row],[Geb datum]]),Tabel8[#All],3,FALSE) -> E | G8: E2 | H8: E5 | K8: NFS90V6 | L8: Bart de Wit | M8: Bart | N8: =VLOOKUP(YEAR(Tabel3[[#This Row],[Geb datum]]),Tabel8[#All],2,FALSE) -> 45 | O8: 29031 | P8: =VLOOKUP(YEAR(Tabel3[[#This Row],[Geb datum]]),Tabel8[#All],3,FALSE) -> S | Q8: Stopt | R8: S4
A9: NKD19X7 | B9: Anne Driesprong | C9: Anne | D9: =VLOOKUP(YEAR(Tabel1[[#This Row],[Geb datum]]),Tabel8[#All],2,FALSE) -> 24 | E9: 36727 | F9: =VLOOKUP(YEAR(Tabel1[[#This Row],[Geb datum]]),Tabel8[#All],3,FALSE) -> S | G9: AR | H9: AR | K9: NKD19Y4 | L9: Bart Driesprong | M9: Bart | N9: =VLOOKUP(YEAR(Tabel3[[#This Row],[Geb datum]]),Tabel8[#All],2,FALSE) -> 26 | O9: 36077 | P9: =VLOOKUP(YEAR(Tabel3[[#This Row],[Geb datum]]),Tabel8[#All],3,FALSE) -> S | Q9: S1S2 | R9: S1
A10: NMW65S8 | B10: Annelieke Smouter | C10: Annelieke | D10: =VLOOKUP(YEAR(Tabel1[[#This Row],[Geb datum]]),Tabel8[#All],2,FALSE) -> 25 | E10: 36522 | F10: =VLOOKUP(YEAR(Tabel1[[#This Row],[Geb datum]]),Tabel8[#All],3,FALSE) -> S | G10: ? | K10: NJH39X4 | L10: Bart van der Brugge | M10: Bart | N10: =VLOOKUP(YEAR(Tabel3[[#This Row],[Geb datum]]),Tabel8[#All],2,FALSE) -> 29 | O10: 34900 | P10: =VLOOKUP(YEAR(Tabel3[[#This Row],[Geb datum]]),Tabel8[#All],3,FALSE) -> S | Q10: AR | R10: AR
A11: NMW83F1 | B11: Anne-Sophie Lotgerink | C11: Anne-Sophie | D11: =VLOOKUP(YEAR(Tabel1[[#This Row],[Geb datum]]),Tabel8[#All],2,FALSE) -> 12 | E11: 40912 | F11: =VLOOKUP(YEAR(Tabel1[[#This Row],[Geb datum]]),Tabel8[#All],3,FALSE) -> C | G11: C3 | H11: D4 | K11: NGW10M4 | L11: Bas de Jong | M11: Bas | N11: =VLOOKUP(YEAR(Tabel3[[#This Row],[Geb datum]]),Tabel8[#All],2,FALSE) -> 34 | O11: 33019 | P11: =VLOOKUP(YEAR(Tabel3[[#This Row],[Geb datum]]),Tabel8[#All],3,FALSE) -> S | Q11: AR | R11: S4
A12: NKJ29C1 | B12: Anniek Pierse | C12: Anniek | D12: =VLOOKUP(YEAR(Tabel1[[#This Row],[Geb datum]]),Tabel8[#All],2,FALSE) -> 22 | E12: 37324 | F12: =VLOOKUP(YEAR(Tabel1[[#This Row],[Geb datum]]),Tabel8[#All],3,FALSE) -> S | G12: S5 | H12: S7 | K12: NKX66V9 | L12: Bert Seevinck | M12: Bert | N12: =VLOOKUP(YEAR(Tabel3[[#This Row],[Geb datum]]),Tabel8[#All],2,FALSE) -> 63 | O12: 22358 | P12: =VLOOKUP(YEAR(Tabel3[[#This Row],[Geb datum]]),Tabel8[#All],3,FALSE) -> S | Q12: AR | R12: AR
A13: NLZ39C9 | B13: Anouk Bakker | C13: Anouk | D13: =VLOOKUP(YEAR(Tabel1[[#This Row],[Geb datum]]),Tabel8[#All],2,FALSE) -> 12 | E13: 41214 | F13: =VLOOKUP(YEAR(Tabel1[[#This Row],[Geb datum]]),Tabel8[#All],3,FALSE) -> C | G13: C2 | H13: D1 | K13: NJF95S5 | L13: Bob Mans | M13: Bob | N13: =VLOOKUP(YEAR(Tabel3[[#This Row],[Geb datum]]),Tabel8[#All],2,FALSE) -> 28 | O13: 35372 | P13: =VLOOKUP(YEAR(Tabel3[[#This Row],[Geb datum]]),Tabel8[#All],3,FALSE) -> S | Q13: S1S2 | R13: S2
A14: NKT92K1 | B14: Anouk de Jongh | C14: Anouk | D14: =VLOOKUP(YEAR(Tabel1[[#This Row],[Geb datum]]),Tabel8[#All],2,FALSE) -> 19 | E14: 38597 | F14: =VLOOKUP(YEAR(Tabel1[[#This Row],[Geb datum]]),Tabel8[#All],3,FALSE) -> S | G14: S4 | H14: A2 | K14: NMZ29TO | L14: Branley van Wingerden | M14: Branley | N14: =VLOOKUP(YEAR(Tabel3[[#This Row],[Geb datum]]),Tabel8[#All],2,FALSE) -> 5 | O14: 43485 | P14: =VLOOKUP(YEAR(Tabel3[[#This Row],[Geb datum]]),Tabel8[#All],3,FALSE) -> K | Q14: K | R14: Nieuw
A15: NFW41S7 | B15: Barbara Camphens-Moerman | C15: Barbara | D15: =VLOOKUP(YEAR(Tabel1[[#This Row],[Geb datum]]),Tabel8[#All],2,FALSE) -> 43 | E15: 29885 | F15: =VLOOKUP(YEAR(Tabel1[[#This Row],[Geb datum]]),Tabel8[#All],3,FALSE) -> S | G15: AR | H15: S4 | K15: NMQ44L0 | L15: Cas Tieleman | M15: Cas | N15: =VLOOKUP(YEAR(Tabel3[[#This Row],[Geb datum]]),Tabel8[#All],2,FALSE) -> 20 | O15: 38220 | P15: =VLOOKUP(YEAR(Tabel3[[#This Row],[Geb datum]]),Tabel8[#All],3,FALSE) -> S | Q15: Stopt | R15: S6
A16: NKS24S7 | B16: Bente van Wijngaarden | C16: Bente | D16: =VLOOKUP(YEAR(Tabel1[[#This Row],[Geb datum]]),Tabel8[#All],2,FALSE) -> 18 | E16: 38928 | F16: =VLOOKUP(YEAR(Tabel1[[#This Row],[Geb datum]]),Tabel8[#All],3,FALSE) -> A | G16: Stopt | H16: A3 | K16: NMQ65B3 | L16: Cas Uljee | M16: Cas | N16: =VLOOKUP(YEAR(Tabel3[[#This Row],[Geb datum]]),Tabel8[#All],2,FALSE) -> 11 | O16: 41365 | P16: =VLOOKUP(YEAR(Tabel3[[#This Row],[Geb datum]]),Tabel8[#All],3,FALSE) -> D | Q16: D2 | R16: D3
A17: NLP78D3 | B17: Benthe van der Linden | C17: Benthe | D17: =VLOOKUP(YEAR(Tabel1[[#This Row],[Geb datum]]),Tabel8[#All],2,FALSE) -> 16 | E17: 39629 | F17: =VLOOKUP(YEAR(Tabel1[[#This Row],[Geb datum]]),Tabel8[#All],3,FALSE) -> A | G17: A1A2 | H17: B2 | K17: NMJ10P4 | L17: Casper Boshoven | M17: Casper | N17: =VLOOKUP(YEAR(Tabel3[[#This Row],[Geb datum]]),Tabel8[#All],2,FALSE) -> 16 | O17: 39676 | P17: =VLOOKUP(YEAR(Tabel3[[#This Row],[Geb datum]]),Tabel8[#All],3,FALSE) -> A | Q17: A3 | R17: B3
A18: NMZ00X1 | B18: Benthe van Dijl | C18: Benthe | D18: =VLOOKUP(YEAR(Tabel1[[#This Row],[Geb datum]]),Tabel8[#All],2,FALSE) -> 10 | E18: 41845 | F18: =VLOOKUP(YEAR(Tabel1[[#This Row],[Geb datum]]),Tabel8[#All],3,FALSE) -> D | G18: D4 | H18: nieuw | K18: NJZ26Z2 | L18: Ché Kooper | M18: Ché | N18: =VLOOKUP(YEAR(Tabel3[[#This Row],[Geb datum]]),Tabel8[#All],2,FALSE) -> 22 | O18: 37566 | P18: =VLOOKUP(YEAR(Tabel3[[#This Row],[Geb datum]]),Tabel8[#All],3,FALSE) -> S | Q18: S6 | R18: S6
A19: NKR88F7 | B19: Bridget ter Horst | C19: Bridget | D19: =VLOOKUP(YEAR(Tabel1[[#This Row],[Geb datum]]),Tabel8[#All],2,FALSE) -> 21 | E19: 37771 | F19: =VLOOKUP(YEAR(Tabel1[[#This Row],[Geb datum]]),Tabel8[#All],3,FALSE) -> S | G19: Stopt | H19: S2 | K19: NMX21V8 | L19: Ciprian Minzararu | M19: Ciprian | N19: =VLOOKUP(YEAR(Tabel3[[#This Row],[Geb datum]]),Tabel8[#All],2,FALSE) -> 8 | O19: 42507 | P19: =VLOOKUP(YEAR(Tabel3[[#This Row],[Geb datum]]),Tabel8[#All],3,FALSE) -> E | Q19: Stopt | R19: F2
A20: NML00R5 | B20: Bryanna Bos | C20: Bryanna | D20: =VLOOKUP(YEAR(Tabel1[[#This Row],[Geb datum]]),Tabel8[#All],2,FALSE) -> 14 | E20: 40373 | F20: =VLOOKUP(YEAR(Tabel1[[#This Row],[Geb datum]]),Tabel8[#All],3,FALSE) -> B | G20: Stopt | H20: C4 | K20: NMX53X3 | L20: Collin Koppelaar | M20: Collin | N20: =VLOOKUP(YEAR(Tabel3[[#This Row],[Geb datum]]),Tabel8[#All],2,FALSE) -> 10 | O20: 41735 | P20: =VLOOKUP(YEAR(Tabel3[[#This Row],[Geb datum]]),Tabel8[#All],3,FALSE) -> D | Q20: D4 | R20: D4
A21: NLB70Z9 | B21: Carlijn Lievaart | C21: Carlijn | D21: =VLOOKUP(YEAR(Tabel1[[#This Row],[Geb datum]]),Tabel8[#All],2,FALSE) -> 20 | E21: 38267 | F21: =VLOOKUP(YEAR(Tabel1[[#This Row],[Geb datum]]),Tabel8[#All],3,FALSE) -> S | G21: S4 | H21: S5 | L21: Daan vd Weijde | M21: Daan | N21: =VLOOKUP(YEAR(Tabel3[[#This Row],[Geb datum]]),Tabel8[#All],2,FALSE) -> 13 | O21: 40846 | P21: =VLOOKUP(YEAR(Tabel3[[#This Row],[Geb datum]]),Tabel8[#All],3,FALSE) -> C | Q21: C3 | R21: Nieuw
A22: NLN05N7 | B22: Carmen van der Klooster | C22: Carmen | D22: =VLOOKUP(YEAR(Tabel1[[#This Row],[Geb datum]]),Tabel8[#All],2,FALSE) -> 16 | E22: 39760 | F22: =VLOOKUP(YEAR(Tabel1[[#This Row],[Geb datum]]),Tabel8[#All],3,FALSE) -> A | G22: A1A2 | H22: B1 | K22: NLS75Y4 | L22: Dani Heersping | M22: Dani | N22: =VLOOKUP(YEAR(Tabel3[[#This Row],[Geb datum]]),Tabel8[#All],2,FALSE) -> 16 | O22: 39753 | P22: =VLOOKUP(YEAR(Tabel3[[#This Row],[Geb datum]]),Tabel8[#All],3,FALSE) -> A | Q22: A1A2 | R22: B2
A23: NKX56Q9 | B23: Damaris Everaarts | C23: Damaris | D23: =VLOOKUP(YEAR(Tabel1[[#This Row],[Geb datum]]),Tabel8[#All],2,FALSE) -> 45 | E23: 28948 | F23: =VLOOKUP(YEAR(Tabel1[[#This Row],[Geb datum]]),Tabel8[#All],3,FALSE) -> S | G23: AR | H23: AR | K23: NKY88T2 | L23: Daniel den Uijl | M23: Daniel | N23: =VLOOKUP(YEAR(Tabel3[[#This Row],[Geb datum]]),Tabel8[#All],2,FALSE) -> 21 | O23: 37832 | P23: =VLOOKUP(YEAR(Tabel3[[#This Row],[Geb datum]]),Tabel8[#All],3,FALSE) -> S | Q23: S1S2 | R23: S2
A24: NLP77Z4 | B24: Danique van der Klooster | C24: Danique | D24: =VLOOKUP(YEAR(Tabel1[[#This Row],[Geb datum]]),Tabel8[#All],2,FALSE) -> 14 | E24: 40239 | F24: =VLOOKUP(YEAR(Tabel1[[#This Row],[Geb datum]]),Tabel8[#All],3,FALSE) -> B | G24: B1B2 | H24: C1 | K24: NKW21H5 | L24: David Kuijper | M24: David | N24: =VLOOKUP(YEAR(Tabel3[[#This Row],[Geb datum]]),Tabel8[#All],2,FALSE) -> 21 | O24: 37971 | P24: =VLOOKUP(YEAR(Tabel3[[#This Row],[Geb datum]]),Tabel8[#All],3,FALSE) -> S | Q24: S6 | R24: S6
A25: NLP78L9 | B25: Danique van der Wiel | C25: Danique | D25: =VLOOKUP(YEAR(Tabel1[[#This Row],[Geb datum]]),Tabel8[#All],2,FALSE) -> 14 | E25: 40538 | F25: =VLOOKUP(YEAR(Tabel1[[#This Row],[Geb datum]]),Tabel8[#All],3,FALSE) -> B | G25: B3 | H25: C3 | K25: NMG85H5 | L25: Diederik Hovestadt | M25: Diederik | N25: =VLOOKUP(YEAR(Tabel3[[#This Row],[Geb datum]]),Tabel8[#All],2,FALSE) -> 15 | O25: 40112 | P25: =VLOOKUP(YEAR(Tabel3[[#This Row],[Geb datum]]),Tabel8[#All],3,FALSE) -> B | Q25: B1B2 | R25: C2
A26: NMN23K7 | B26: Davina Moniz | C26: Davina | D26: =VLOOKUP(YEAR(Tabel1[[#This Row],[Geb datum]]),Tabel8[#All],2,FALSE) -> 11 | E26: 41398 | F26: =VLOOKUP(YEAR(Tabel1[[#This Row],[Geb datum]]),Tabel8[#All],3,FALSE) -> D | G26: D1 | H26: D1 | K26: NMB42C6 | L26: Djess van Heeren | M26: Djess | N26: =VLOOKUP(YEAR(Tabel3[[#This Row],[Geb datum]]),Tabel8[#All],2,FALSE) -> 14 | O26: 40253 | P26: =VLOOKUP(YEAR(Tabel3[[#This Row],[Geb datum]]),Tabel8[#All],3,FALSE) -> B | Q26: B4 | R26: C4
A27: NFW15S4 | B27: Debita Zwanenburg-Moerman | C27: Debita | D27: 47 | E27: 28329 | F27: S | G27: AR | H27: AR | K27: NFW26Q8 | L27: Egbert Vos | M27: Egbert | N27: =VLOOKUP(YEAR(Tabel3[[#This Row],[Geb datum]]),Tabel8[#All],2,FALSE) -> 43 | O27: 29725 | P27: =VLOOKUP(YEAR(Tabel3[[#This Row],[Geb datum]]),Tabel8[#All],3,FALSE) -> S | Q27: Stopt | R27: MW1
A28: NLX25R5 | B28: Demi Engelfriet | C28: Demi | D28: =VLOOKUP(YEAR(Tabel1[[#This Row],[Geb datum]]),Tabel8[#All],2,FALSE) -> 14 | E28: 40327 | F28: =VLOOKUP(YEAR(Tabel1[[#This Row],[Geb datum]]),Tabel8[#All],3,FALSE) -> B | G28: B1B2 | H28: C1 | K28: NMZ29R6 | L28: Elroy van Wingerden | M28: Elroy | N28: =VLOOKUP(YEAR(Tabel3[[#This Row],[Geb datum]]),Tabel8[#All],2,FALSE) -> 7 | O28: 42831 | P28: =VLOOKUP(YEAR(Tabel3[[#This Row],[Geb datum]]),Tabel8[#All],3,FALSE) -> F | Q28: F2 | R28: Nieuw
A29: NMB60Y4 | B29: Demi Lindhout | C29: Demi | D29: =VLOOKUP(YEAR(Tabel1[[#This Row],[Geb datum]]),Tabel8[#All],2,FALSE) -> 14 | E29: 40189 | F29: =VLOOKUP(YEAR(Tabel1[[#This Row],[Geb datum]]),Tabel8[#All],3,FALSE) -> B | G29: B1B2 | H29: C1 | K29: NJC26C8 | L29: Emiel Houwerzijl | M29: Emiel | N29: =VLOOKUP(YEAR(Tabel3[[#This Row],[Geb datum]]),Tabel8[#All],2,FALSE) -> 30 | O29: 34464 | P29: =VLOOKUP(YEAR(Tabel3[[#This Row],[Geb datum]]),Tabel8[#All],3,FALSE) -> S | Q29: S3 | R29: S3
A30: NKG59L6 | B30: Demi van Dijk | C30: Demi | D30: =VLOOKUP(YEAR(Tabel1[[#This Row],[Geb datum]]),Tabel8[#All],2,FALSE) -> 23 | E30: 36938 | F30: =VLOOKUP(YEAR(Tabel1[[#This Row],[Geb datum]]),Tabel8[#All],3,FALSE) -> S | G30: S1S2 | H30: S2 | K30: NFW40B5 | L30: Erwin Belder | M30: Erwin | N30: =VLOOKUP(YEAR(Tabel3[[#This Row],[Geb datum]]),Tabel8[#All],2,FALSE) -> 47 | O30: 28259 | P30: =VLOOKUP(YEAR(Tabel3[[#This Row],[Geb datum]]),Tabel8[#All],3,FALSE) -> S | Q30: NSL | R30: NSL
A31: NJC15T9 | B31: Diana Visser-Michelsen | C31: Diana | D31: =VLOOKUP(YEAR(Tabel1[[#This Row],[Geb datum]]),Tabel8[#All],2,FALSE) -> 32 | E31: 33777 | F31: =VLOOKUP(YEAR(Tabel1[[#This Row],[Geb datum]]),Tabel8[#All],3,FALSE) -> S | G31: Stopt | H31: S4 | K31: NMJ72R4 | L31: Falco Bemer | M31: Falco | N31: =VLOOKUP(YEAR(Tabel3[[#This Row],[Geb datum]]),Tabel8[#All],2,FALSE) -> 11 | O31: 41299 | P31: =VLOOKUP(YEAR(Tabel3[[#This Row],[Geb datum]]),Tabel8[#All],3,FALSE) -> D | Q31: D1 | R31: D2
A32: NMR70L4 | B32: Diede van den Boogaart | C32: Diede | D32: =VLOOKUP(YEAR(Tabel1[[#This Row],[Geb datum]]),Tabel8[#All],2,FALSE) -> 6 | E32: 43409 | F32: =VLOOKUP(YEAR(Tabel1[[#This Row],[Geb datum]]),Tabel8[#All],3,FALSE) -> F | G32: Stopt | H32: K | L32: Finn de Haseth | M32: Finn | N32: =VLOOKUP(YEAR(Tabel3[[#This Row],[Geb datum]]),Tabel8[#All],2,FALSE) -> 12 | O32: 41017 | P32: =VLOOKUP(YEAR(Tabel3[[#This Row],[Geb datum]]),Tabel8[#All],3,FALSE) -> C | Q32: C3 | R32: Nieuw
A33: NKR20L5 | B33: Djuna Seevinck | C33: Djuna | D33: =VLOOKUP(YEAR(Tabel1[[#This Row],[Geb datum]]),Tabel8[#All],2,FALSE) -> 23 | E33: 37246 | F33: =VLOOKUP(YEAR(Tabel1[[#This Row],[Geb datum]]),Tabel8[#All],3,FALSE) -> S | G33: - | H33: - | L33: Finn Ploeg | M33: Finn | N33: =VLOOKUP(YEAR(Tabel3[[#This Row],[Geb datum]]),Tabel8[#All],2,FALSE) -> 5 | O33: 43532 | P33: =VLOOKUP(YEAR(Tabel3[[#This Row],[Geb datum]]),Tabel8[#All],3,FALSE) -> K | Q33: F2 | R33: Nieuw
A34: NLT96R9 | B34: Doeska Voorbij | C34: Doeska | D34: =VLOOKUP(YEAR(Tabel1[[#This Row],[Geb datum]]),Tabel8[#All],2,FALSE) -> 16 | E34: 39751 | F34: =VLOOKUP(YEAR(Tabel1[[#This Row],[Geb datum]]),Tabel8[#All],3,FALSE) -> A | G34: A1A2 | H34: B1 | K34: NMG03C4 | L34: Finn Verboom | M34: Finn | N34: =VLOOKUP(YEAR(Tabel3[[#This Row],[Geb datum]]),Tabel8[#All],2,FALSE) -> 12 | O34: 40974 | P34: =VLOOKUP(YEAR(Tabel3[[#This Row],[Geb datum]]),Tabel8[#All],3,FALSE) -> C | Q34: Stopt | R34: D1
A35: NFW28D3 | B35: Dorien in 't Veld | C35: Dorien | D35: =VLOOKUP(YEAR(Tabel1[[#This Row],[Geb datum]]),Tabel8[#All],2,FALSE) -> 39 | E35: 31086 | F35: =VLOOKUP(YEAR(Tabel1[[#This Row],[Geb datum]]),Tabel8[#All],3,FALSE) -> S | G35: MW1 | H35: MW1 | K35: NJG52P6 | L35: Freek de Peuter | M35: Freek | N35: =VLOOKUP(YEAR(Tabel3[[#This Row],[Geb datum]]),Tabel8[#All],2,FALSE) -> 28 | O35: 35270 | P35: =VLOOKUP(YEAR(Tabel3[[#This Row],[Geb datum]]),Tabel8[#All],3,FALSE) -> S | Q35: AR | R35: AR
A36: NLB70S0 | B36: Elena Quarré | C36: Elena | D36: =VLOOKUP(YEAR(Tabel1[[#This Row],[Geb datum]]),Tabel8[#All],2,FALSE) -> 19 | E36: 38509 | F36: =VLOOKUP(YEAR(Tabel1[[#This Row],[Geb datum]]),Tabel8[#All],3,FALSE) -> S | G36: S4 | H36: A2 | K36: NLV80M3 | L36: Freek Laban | M36: Freek | N36: =VLOOKUP(YEAR(Tabel3[[#This Row],[Geb datum]]),Tabel8[#All],2,FALSE) -> 12 | O36: 41044 | P36: =VLOOKUP(YEAR(Tabel3[[#This Row],[Geb datum]]),Tabel8[#All],3,FALSE) -> C | Q36: C1 | R36: C2
A37: NMN23N8 | B37: Eline Veenendaal | C37: Eline | D37: =VLOOKUP(YEAR(Tabel1[[#This Row],[Geb datum]]),Tabel8[#All],2,FALSE) -> 15 | E37: 40075 | F37: =VLOOKUP(YEAR(Tabel1[[#This Row],[Geb datum]]),Tabel8[#All],3,FALSE) -> B | G37: B4 | H37: C4 | K37: NLG58X4 | L37: Freek van Dongen | M37: Freek | N37: =VLOOKUP(YEAR(Tabel3[[#This Row],[Geb datum]]),Tabel8[#All],2,FALSE) -> 17 | O37: 39196 | P37: =VLOOKUP(YEAR(Tabel3[[#This Row],[Geb datum]]),Tabel8[#All],3,FALSE) -> A | Q37: A1A2 | R37: A2
A38: NMX01Q3 | B38: Elize Bohms | C38: Elize | D38: =VLOOKUP(YEAR(Tabel1[[#This Row],[Geb datum]]),Tabel8[#All],2,FALSE) -> 12 | E38: 41223 | F38: =VLOOKUP(YEAR(Tabel1[[#This Row],[Geb datum]]),Tabel8[#All],3,FALSE) -> C | G38: Stopt | H38: D4 | K38: NMN23L4 | L38: Fynn Kuling | M38: Fynn | N38: =VLOOKUP(YEAR(Tabel3[[#This Row],[Geb datum]]),Tabel8[#All],2,FALSE) -> 11 | O38: 41375 | P38: =VLOOKUP(YEAR(Tabel3[[#This Row],[Geb datum]]),Tabel8[#All],3,FALSE) -> D | Q38: D2 | R38: D3
A39: NLL20G1 | B39: Elize van de Burgt | C39: Elize | D39: =VLOOKUP(YEAR(Tabel1[[#This Row],[Geb datum]]),Tabel8[#All],2,FALSE) -> 16 | E39: 39804 | F39: =VLOOKUP(YEAR(Tabel1[[#This Row],[Geb datum]]),Tabel8[#All],3,FALSE) -> A | G39: A1A2 | H39: B2 | K39: NMW39Z4 | L39: Gideon Verberkt | M39: Gideon | N39: =VLOOKUP(YEAR(Tabel3[[#This Row],[Geb datum]]),Tabel8[#All],2,FALSE) -> 9 | O39: 42011 | P39: =VLOOKUP(YEAR(Tabel3[[#This Row],[Geb datum]]),Tabel8[#All],3,FALSE) -> E | Q39: E2 | R39: E5
A40: NMY80F4 | B40: Elske Niehof | C40: Eslke | D40: =VLOOKUP(YEAR(Tabel1[[#This Row],[Geb datum]]),Tabel8[#All],2,FALSE) -> 11 | E40: 41344 | F40: =VLOOKUP(YEAR(Tabel1[[#This Row],[Geb datum]]),Tabel8[#All],3,FALSE) -> D | G40: D4 | H40: nieuw | K40: NGG54S2 | L40: Hans Ploeg | M40: Hans | N40: =VLOOKUP(YEAR(Tabel3[[#This Row],[Geb datum]]),Tabel8[#All],2,FALSE) -> 36 | O40: 32170 | P40: =VLOOKUP(YEAR(Tabel3[[#This Row],[Geb datum]]),Tabel8[#All],3,FALSE) -> S | Q40: MW1 | R40: MW1
A41: NMQ40P6 | B41: Emma Schot | C41: Emma | D41: =VLOOKUP(YEAR(Tabel1[[#This Row],[Geb datum]]),Tabel8[#All],2,FALSE) -> 11 | E41: 41586 | F41: =VLOOKUP(YEAR(Tabel1[[#This Row],[Geb datum]]),Tabel8[#All],3,FALSE) -> D | G41: D4 | H41: E3 | L41: ~Heer S1S2 | N41: =VLOOKUP(YEAR(Tabel3[[#This Row],[Geb datum]]),Tabel8[#All],2,FALSE) -> 24 | O41: 36526 | P41: =VLOOKUP(YEAR(Tabel3[[#This Row],[Geb datum]]),Tabel8[#All],3,FALSE) -> S | Q41: S4
A42: NLM40K0 | B42: Enora Bouwknegt | C42: Enora | D42: =VLOOKUP(YEAR(Tabel1[[#This Row],[Geb datum]]),Tabel8[#All],2,FALSE) -> 14 | E42: 40512 | F42: =VLOOKUP(YEAR(Tabel1[[#This Row],[Geb datum]]),Tabel8[#All],3,FALSE) -> B | G42: B3 | H42: C3 | L42: ~Heer S1S2 | N42: =VLOOKUP(YEAR(Tabel3[[#This Row],[Geb datum]]),Tabel8[#All],2,FALSE) -> 24 | O42: 36526 | P42: =VLOOKUP(YEAR(Tabel3[[#This Row],[Geb datum]]),Tabel8[#All],3,FALSE) -> S | Q42: S4
A43: NLX64V0 | B43: Esmée de Boer | C43: Esmée | D43: =VLOOKUP(YEAR(Tabel1[[#This Row],[Geb datum]]),Tabel8[#All],2,FALSE) -> 14 | E43: 40328 | F43: =VLOOKUP(YEAR(Tabel1[[#This Row],[Geb datum]]),Tabel8[#All],3,FALSE) -> B | G43: C1 | H43: C2 | K43: NLL19V8 | L43: Jack Zwanenburg | M43: Jack | N43: =VLOOKUP(YEAR(Tabel3[[#This Row],[Geb datum]]),Tabel8[#All],2,FALSE) -> 17 | O43: 39356 | P43: =VLOOKUP(YEAR(Tabel3[[#This Row],[Geb datum]]),Tabel8[#All],3,FALSE) -> A | Q43: A1A2 | R43: A1
A44: NJG13L1 | B44: Esther Ardon | C44: Esther | D44: =VLOOKUP(YEAR(Tabel1[[#This Row],[Geb datum]]),Tabel8[#All],2,FALSE) -> 28 | E44: 35337 | F44: =VLOOKUP(YEAR(Tabel1[[#This Row],[Geb datum]]),Tabel8[#All],3,FALSE) -> S | G44: S3 | H44: S3 | K44: NJB54T5 | L44: Jaimy van Arkel | M44: Jaimy | N44: =VLOOKUP(YEAR(Tabel3[[#This Row],[Geb datum]]),Tabel8[#All],2,FALSE) -> 27 | O44: 35451 | P44: =VLOOKUP(YEAR(Tabel3[[#This Row],[Geb datum]]),Tabel8[#All],3,FALSE) -> S | Q44: Stopt | R44: S2
A45: NMN14R4 | B45: Esther Oosse | C45: Esther | D45: =VLOOKUP(YEAR(Tabel1[[#This Row],[Geb datum]]),Tabel8[#All],2,FALSE) -> 11 | E45: 41323 | F45: =VLOOKUP(YEAR(Tabel1[[#This Row],[Geb datum]]),Tabel8[#All],3,FALSE) -> D | G45: D2 | H45: D3 | K45: NGW00S1 | L45: Jan Booy | M45: Jan | N45: =VLOOKUP(YEAR(Tabel3[[#This Row],[Geb datum]]),Tabel8[#All],2,FALSE) -> 34 | O45: 33100 | P45: =VLOOKUP(YEAR(Tabel3[[#This Row],[Geb datum]]),Tabel8[#All],3,FALSE) -> S | Q45: S3 | R45: S3
A46: NJC46R3 | B46: Esther Wibbens | C46: Esther | D46: =VLOOKUP(YEAR(Tabel1[[#This Row],[Geb datum]]),Tabel8[#All],2,FALSE) -> 32 | E46: 33690 | F46: =VLOOKUP(YEAR(Tabel1[[#This Row],[Geb datum]]),Tabel8[#All],3,FALSE) -> S | G46: AR | H46: S4 | K46: NFW14Y3 | L46: Jan-Peter Verwaal | M46: Jan-Peter | N46: =VLOOKUP(YEAR(Tabel3[[#This Row],[Geb datum]]),Tabel8[#All],2,FALSE) -> 55 | O46: 25273 | P46: =VLOOKUP(YEAR(Tabel3[[#This Row],[Geb datum]]),Tabel8[#All],3,FALSE) -> S | Q46: Stopt | R46: MW1
A47: NMD22V1 | B47: Eva Bezemer | C47: Eva | D47: =VLOOKUP(YEAR(Tabel1[[#This Row],[Geb datum]]),Tabel8[#All],2,FALSE) -> 12 | E47: 41014 | F47: =VLOOKUP(YEAR(Tabel1[[#This Row],[Geb datum]]),Tabel8[#All],3,FALSE) -> C | G47: C2 | H47: D1 | K47: NMJ72N6 | L47: Jarno Bemer | M47: Jarno | N47: =VLOOKUP(YEAR(Tabel3[[#This Row],[Geb datum]]),Tabel8[#All],2,FALSE) -> 15 | O47: 40169 | P47: =VLOOKUP(YEAR(Tabel3[[#This Row],[Geb datum]]),Tabel8[#All],3,FALSE) -> B | Q47: B1B2 | R47: B2
A48: NKG18N7 | B48: Eva Teerds | C48: Eva | D48: =VLOOKUP(YEAR(Tabel1[[#This Row],[Geb datum]]),Tabel8[#All],2,FALSE) -> 22 | E48: 37551 | F48: =VLOOKUP(YEAR(Tabel1[[#This Row],[Geb datum]]),Tabel8[#All],3,FALSE) -> S | G48: S1S2 | H48: S2 | K48: NLG57L7 | L48: Jarno Valk | M48: Jarno | N48: =VLOOKUP(YEAR(Tabel3[[#This Row],[Geb datum]]),Tabel8[#All],2,FALSE) -> 17 | O48: 39367 | P48: =VLOOKUP(YEAR(Tabel3[[#This Row],[Geb datum]]),Tabel8[#All],3,FALSE) -> A | Q48: A1A2 | R48: A1
A49: NMJ53F3 | B49: Eva van Rooij | C49: Eva | D49: =VLOOKUP(YEAR(Tabel1[[#This Row],[Geb datum]]),Tabel8[#All],2,FALSE) -> 12 | E49: 41167 | F49: =VLOOKUP(YEAR(Tabel1[[#This Row],[Geb datum]]),Tabel8[#All],3,FALSE) -> C | G49: C1 | H49: C2 | K49: NFW28T5 | L49: Jasper Kleingeld | M49: Jasper | N49: =VLOOKUP(YEAR(Tabel3[[#This Row],[Geb datum]]),Tabel8[#All],2,FALSE) -> 39 | O49: 31083 | P49: =VLOOKUP(YEAR(Tabel3[[#This Row],[Geb datum]]),Tabel8[#All],3,FALSE) -> S | Q49: AR | R49: AR
A50: NMD71P1 | B50: Evi Kleingeld | C50: Evi | D50: =VLOOKUP(YEAR(Tabel1[[#This Row],[Geb datum]]),Tabel8[#All],2,FALSE) -> 11 | E50: 41407 | F50: =VLOOKUP(YEAR(Tabel1[[#This Row],[Geb datum]]),Tabel8[#All],3,FALSE) -> D | G50: D1 | H50: D2 | K50: NLX00G3 | L50: Jasper Sempel | M50: Jasper | N50: =VLOOKUP(YEAR(Tabel3[[#This Row],[Geb datum]]),Tabel8[#All],2,FALSE) -> 15 | O50: 40100 | P50: =VLOOKUP(YEAR(Tabel3[[#This Row],[Geb datum]]),Tabel8[#All],3,FALSE) -> B | Q50: B1B2 | R50: B2
A51: NMK12F1 | B51: Evie Groen | C51: Evie | D51: =VLOOKUP(YEAR(Tabel1[[#This Row],[Geb datum]]),Tabel8[#All],2,FALSE) -> 14 | E51: 40329 | F51: =VLOOKUP(YEAR(Tabel1[[#This Row],[Geb datum]]),Tabel8[#All],3,FALSE) -> B | G51: B4 | H51: C4 | K51: NKW30G0 | L51: Jens de Vlaming | M51: Jens | N51: =VLOOKUP(YEAR(Tabel3[[#This Row],[Geb datum]]),Tabel8[#All],2,FALSE) -> 21 | O51: 37974 | P51: =VLOOKUP(YEAR(Tabel3[[#This Row],[Geb datum]]),Tabel8[#All],3,FALSE) -> S | Q51: S6 | R51: S6
A52: NMK74C6 | B52: Famke Nijman | C52: Famke | D52: =VLOOKUP(YEAR(Tabel1[[#This Row],[Geb datum]]),Tabel8[#All],2,FALSE) -> 13 | E52: 40722 | F52: =VLOOKUP(YEAR(Tabel1[[#This Row],[Geb datum]]),Tabel8[#All],3,FALSE) -> C | G52: C2 | H52: C3 | K52: NLG59F1 | L52: Jens Lohuis | M52: Jens | N52: =VLOOKUP(YEAR(Tabel3[[#This Row],[Geb datum]]),Tabel8[#All],2,FALSE) -> 19 | O52: 38578 | P52: =VLOOKUP(YEAR(Tabel3[[#This Row],[Geb datum]]),Tabel8[#All],3,FALSE) -> S | Q52: S1S2 | R52: A1
A53: NMK12D7 | B53: Fay Tims | C53: Fay | D53: =VLOOKUP(YEAR(Tabel1[[#This Row],[Geb datum]]),Tabel8[#All],2,FALSE) -> 11 | E53: 41477 | F53: =VLOOKUP(YEAR(Tabel1[[#This Row],[Geb datum]]),Tabel8[#All],3,FALSE) -> D | G53: D1 | H53: D2 | K53: NJH51J2 | L53: Jeroen Huijgen | M53: Jeroen | N53: =VLOOKUP(YEAR(Tabel3[[#This Row],[Geb datum]]),Tabel8[#All],2,FALSE) -> 28 | O53: 35145 | P53: =VLOOKUP(YEAR(Tabel3[[#This Row],[Geb datum]]),Tabel8[#All],3,FALSE) -> S | Q53: AR | R53: AR
A54: NMK31G5 | B54: Feline Littooij | C54: Feline | D54: =VLOOKUP(YEAR(Tabel1[[#This Row],[Geb datum]]),Tabel8[#All],2,FALSE) -> 12 | E54: 41159 | F54: =VLOOKUP(YEAR(Tabel1[[#This Row],[Geb datum]]),Tabel8[#All],3,FALSE) -> C | G54: C3 | H54: D3 | K54: NLX04H2 | L54: Joaz Post | M54: Joaz | N54: =VLOOKUP(YEAR(Tabel3[[#This Row],[Geb datum]]),Tabel8[#All],2,FALSE) -> 14 | O54: 40309 | P54: =VLOOKUP(YEAR(Tabel3[[#This Row],[Geb datum]]),Tabel8[#All],3,FALSE) -> B | Q54: B3 | R54: C3
... A70: NJH13R4 | B70: Jany Lacroes | C70: Jany | D70: =VLOOKUP(YEAR(Tabel1[[#This Row],[Geb datum]]),Tabel8[#All],2,FALSE) -> 26 | E70: 36013 | F70: =VLOOKUP(YEAR(Tabel1[[#This Row],[Geb datum]]),Tabel8[#All],3,FALSE) -> S | G70: S5 | H70: S5 | K70: NJF53H2 | L70: Lars van Strijen | M70: Lars | N70: =VLOOKUP(YEAR(Tabel3[[#This Row],[Geb datum]]),Tabel8[#All],2,FALSE) -> 28 | O70: 35330 | P70: =VLOOKUP(YEAR(Tabel3[[#This Row],[Geb datum]]),Tabel8[#All],3,FALSE) -> S | Q70: AR | R70: AR
B71: Jaylinn Ottevanger | C71: Jaylinn | D71: =VLOOKUP(YEAR(Tabel1[[#This Row],[Geb datum]]),Tabel8[#All],2,FALSE) -> 8 | E71: 42702 | F71: =VLOOKUP(YEAR(Tabel1[[#This Row],[Geb datum]]),Tabel8[#All],3,FALSE) -> E | G71: E4 | H71: F2 | K71: NLT47Y6 | L71: Lars Visser | M71: Lars | N71: =VLOOKUP(YEAR(Tabel3[[#This Row],[Geb datum]]),Tabel8[#All],2,FALSE) -> 16 | O71: 39539 | P71: =VLOOKUP(YEAR(Tabel3[[#This Row],[Geb datum]]),Tabel8[#All],3,FALSE) -> A | Q71: A1A2 | R71: B1
A72: NMK01M2 | B72: Jenna Ehmila | C72: Jenna | D72: =VLOOKUP(YEAR(Tabel1[[#This Row],[Geb datum]]),Tabel8[#All],2,FALSE) -> 12 | E72: 41108 | F72: =VLOOKUP(YEAR(Tabel1[[#This Row],[Geb datum]]),Tabel8[#All],3,FALSE) -> C | G72: C3 | H72: D2 | K72: NMN10V0 | L72: Lars Winter | M72: Lars | N72: =VLOOKUP(YEAR(Tabel3[[#This Row],[Geb datum]]),Tabel8[#All],2,FALSE) -> 10 | O72: 41686 | P72: =VLOOKUP(YEAR(Tabel3[[#This Row],[Geb datum]]),Tabel8[#All],3,FALSE) -> D | Q72: D2 | R72: E2
A73: NLF29C4 | B73: Jennifer Herremans | C73: Jennifer | D73: =VLOOKUP(YEAR(Tabel1[[#This Row],[Geb datum]]),Tabel8[#All],2,FALSE) -> 21 | E73: 37807 | F73: =VLOOKUP(YEAR(Tabel1[[#This Row],[Geb datum]]),Tabel8[#All],3,FALSE) -> S | G73: S6 | H73: S6 | K73: NKX56T0 | L73: Laurens Verhagen | M73: Laurens | N73: =VLOOKUP(YEAR(Tabel3[[#This Row],[Geb datum]]),Tabel8[#All],2,FALSE) -> 20 | O73: 38090 | P73: =VLOOKUP(YEAR(Tabel3[[#This Row],[Geb datum]]),Tabel8[#All],3,FALSE) -> S | Q73: S5 | R73: A3
A74: NMH07D4 | B74: Jeslynn Vos | C74: Jeslynn | D74: =VLOOKUP(YEAR(Tabel1[[#This Row],[Geb datum]]),Tabel8[#All],2,FALSE) -> 10 | E74: 41692 | F74: =VLOOKUP(YEAR(Tabel1[[#This Row],[Geb datum]]),Tabel8[#All],3,FALSE) -> D | G74: D3 | H74: E1 | K74: NMG18G2 | L74: Lenn Belder | M74: Lenn | N74: =VLOOKUP(YEAR(Tabel3[[#This Row],[Geb datum]]),Tabel8[#All],2,FALSE) -> 13 | O74: 40557 | P74: =VLOOKUP(YEAR(Tabel3[[#This Row],[Geb datum]]),Tabel8[#All],3,FALSE) -> C | Q74: C1 | R74: C1
A75: NMR12K3 | B75: Jolijn van den Bergh | C75: Jolijn | D75: =VLOOKUP(YEAR(Tabel1[[#This Row],[Geb datum]]),Tabel8[#All],2,FALSE) -> 11 | E75: 41569 | F75: =VLOOKUP(YEAR(Tabel1[[#This Row],[Geb datum]]),Tabel8[#All],3,FALSE) -> D | G75: D2 | H75: D3 | K75: NMJ03L0 | L75: Levi Everaarts | M75: Levi | N75: =VLOOKUP(YEAR(Tabel3[[#This Row],[Geb datum]]),Tabel8[#All],2,FALSE) -> 10 | O75: 41832 | P75: =VLOOKUP(YEAR(Tabel3[[#This Row],[Geb datum]]),Tabel8[#All],3,FALSE) -> D | Q75: D3 | R75: E1
A76: NMX55K8 | B76: Julia Baas | C76: Julia | D76: =VLOOKUP(YEAR(Tabel1[[#This Row],[Geb datum]]),Tabel8[#All],2,FALSE) -> 8 | E76: 42696 | F76: =VLOOKUP(YEAR(Tabel1[[#This Row],[Geb datum]]),Tabel8[#All],3,FALSE) -> E | G76: E4 | H76: F2 | K76: NMP90X6 | L76: Levi Molendijk | M76: Levi | N76: =VLOOKUP(YEAR(Tabel3[[#This Row],[Geb datum]]),Tabel8[#All],2,FALSE) -> 13 | O76: 40741 | P76: =VLOOKUP(YEAR(Tabel3[[#This Row],[Geb datum]]),Tabel8[#All],3,FALSE) -> C | Q76: C3 | R76: C4
A77: NLP78G4 | B77: Julia Bozuwa | C77: Julia | D77: =VLOOKUP(YEAR(Tabel1[[#This Row],[Geb datum]]),Tabel8[#All],2,FALSE) -> 17 | E77: 39274 | F77: =VLOOKUP(YEAR(Tabel1[[#This Row],[Geb datum]]),Tabel8[#All],3,FALSE) -> A | G77: A3 | H77: A3 | K77: NFX11D8 | L77: Lex van Dalen | M77: Lex | N77: =VLOOKUP(YEAR(Tabel3[[#This Row],[Geb datum]]),Tabel8[#All],2,FALSE) -> 57 | O77: 24583 | P77: =VLOOKUP(YEAR(Tabel3[[#This Row],[Geb datum]]),Tabel8[#All],3,FALSE) -> S | Q77: AR | R77: AR
A78: NKT65Z0 | B78: Julia Kleingeld | C78: Julia | D78: =VLOOKUP(YEAR(Tabel1[[#This Row],[Geb datum]]),Tabel8[#All],2,FALSE) -> 14 | E78: 40446 | F78: =VLOOKUP(YEAR(Tabel1[[#This Row],[Geb datum]]),Tabel8[#All],3,FALSE) -> B | G78: B1B2 | H78: C1 | K78: NJC17J5 | L78: Lex van Gent | M78: Lex | N78: =VLOOKUP(YEAR(Tabel3[[#This Row],[Geb datum]]),Tabel8[#All],2,FALSE) -> 29 | O78: 34711 | P78: =VLOOKUP(YEAR(Tabel3[[#This Row],[Geb datum]]),Tabel8[#All],3,FALSE) -> S | Q78: S3 | R78: S3
A79: NMS09V7 | B79: Julia van Twist | C79: Julia | D79: =VLOOKUP(YEAR(Tabel1[[#This Row],[Geb datum]]),Tabel8[#All],2,FALSE) -> 9 | E79: 42234 | F79: =VLOOKUP(YEAR(Tabel1[[#This Row],[Geb datum]]),Tabel8[#All],3,FALSE) -> E | G79: E2 | H79: E5 | K79: NMN65L0 | L79: Lucas van de Rest | M79: Lucas | N79: =VLOOKUP(YEAR(Tabel3[[#This Row],[Geb datum]]),Tabel8[#All],2,FALSE) -> 10 | O79: 41662 | P79: =VLOOKUP(YEAR(Tabel3[[#This Row],[Geb datum]]),Tabel8[#All],3,FALSE) -> D | Q79: D3 | R79: E3
A80: NMQ48V2 | B80: Karlijn Bakker | C80: Karlijn | D80: =VLOOKUP(YEAR(Tabel1[[#This Row],[Geb datum]]),Tabel8[#All],2,FALSE) -> 8 | E80: 42549 | F80: =VLOOKUP(YEAR(Tabel1[[#This Row],[Geb datum]]),Tabel8[#All],3,FALSE) -> E | G80: E3 | H80: F1 | L80: Lucien Mol | M80: Lucien | N80: =VLOOKUP(YEAR(Tabel3[[#This Row],[Geb datum]]),Tabel8[#All],2,FALSE) -> 8 | O80: 42664 | P80: =VLOOKUP(YEAR(Tabel3[[#This Row],[Geb datum]]),Tabel8[#All],3,FALSE) -> E | Q80: E4 | R80: Nieuw
A81: NMZ36R2 | B81: Kayleigh Gerritsen | C81: Kayleigh | D81: =VLOOKUP(YEAR(Tabel1[[#This Row],[Geb datum]]),Tabel8[#All],2,FALSE) -> 12 | E81: 40989 | F81: =VLOOKUP(YEAR(Tabel1[[#This Row],[Geb datum]]),Tabel8[#All],3,FALSE) -> C | G81: C3 | H81: nieuw | K81: NMX35P3 | L81: Lukas van der Weijde | M81: Lukas | N81: =VLOOKUP(YEAR(Tabel3[[#This Row],[Geb datum]]),Tabel8[#All],2,FALSE) -> 10 | O81: 41695 | P81: =VLOOKUP(YEAR(Tabel3[[#This Row],[Geb datum]]),Tabel8[#All],3,FALSE) -> D | Q81: D4 | R81: D4
A82: NKG59H8 | B82: Kim Dommisse | C82: Kim | D82: =VLOOKUP(YEAR(Tabel1[[#This Row],[Geb datum]]),Tabel8[#All],2,FALSE) -> 23 | E82: 36993 | F82: =VLOOKUP(YEAR(Tabel1[[#This Row],[Geb datum]]),Tabel8[#All],3,FALSE) -> S | G82: S4 | H82: S2 | K82: NKN65B6 | L82: Luuk Baars | M82: Luuk | N82: =VLOOKUP(YEAR(Tabel3[[#This Row],[Geb datum]]),Tabel8[#All],2,FALSE) -> 23 | O82: 36929 | P82: =VLOOKUP(YEAR(Tabel3[[#This Row],[Geb datum]]),Tabel8[#All],3,FALSE) -> S | Q82: S4 | R82: S5
A83: NGD85T4 | B83: Kim Heesterbeek | C83: Kim | D83: =VLOOKUP(YEAR(Tabel1[[#This Row],[Geb datum]]),Tabel8[#All],2,FALSE) -> 37 | E83: 31792 | F83: =VLOOKUP(YEAR(Tabel1[[#This Row],[Geb datum]]),Tabel8[#All],3,FALSE) -> S | G83: MW1 | H83: MW1 | L83: Luuk Ploeg | M83: Luuk | N83: =VLOOKUP(YEAR(Tabel3[[#This Row],[Geb datum]]),Tabel8[#All],2,FALSE) -> 7 | O83: 42941 | P83: =VLOOKUP(YEAR(Tabel3[[#This Row],[Geb datum]]),Tabel8[#All],3,FALSE) -> F | Q83: F1 | R83: Nieuw
A84: NJK09N2 | B84: Kim van der Starre-Scheurwater | C84: Kim | D84: =VLOOKUP(YEAR(Tabel1[[#This Row],[Geb datum]]),Tabel8[#All],2,FALSE) -> 35 | E84: 32843 | F84: =VLOOKUP(YEAR(Tabel1[[#This Row],[Geb datum]]),Tabel8[#All],3,FALSE) -> S | G84: MW1 | H84: MW1 | K84: NML47R6 | L84: Maarten Rutten | M84: Maarten | N84: =VLOOKUP(YEAR(Tabel3[[#This Row],[Geb datum]]),Tabel8[#All],2,FALSE) -> 14 | O84: 40227 | P84: =VLOOKUP(YEAR(Tabel3[[#This Row],[Geb datum]]),Tabel8[#All],3,FALSE) -> B | Q84: Stopt | R84: C3
A85: NKX36X8 | B85: Kimberley Witman | C85: Kimberley | D85: =VLOOKUP(YEAR(Tabel1[[#This Row],[Geb datum]]),Tabel8[#All],2,FALSE) -> 20 | E85: 38163 | F85: =VLOOKUP(YEAR(Tabel1[[#This Row],[Geb datum]]),Tabel8[#All],3,FALSE) -> S | G85: S6 | H85: S6 | K85: NLP78Q4 | L85: Maarten Sas | M85: Maarten | N85: =VLOOKUP(YEAR(Tabel3[[#This Row],[Geb datum]]),Tabel8[#All],2,FALSE) -> 16 | O85: 39686 | P85: =VLOOKUP(YEAR(Tabel3[[#This Row],[Geb datum]]),Tabel8[#All],3,FALSE) -> A | Q85: A1A2 | R85: B1
A86: NMV77N3 | B86: Lara Mans | C86: Lara | D86: =VLOOKUP(YEAR(Tabel1[[#This Row],[Geb datum]]),Tabel8[#All],2,FALSE) -> 6 | E86: 43215 | F86: =VLOOKUP(YEAR(Tabel1[[#This Row],[Geb datum]]),Tabel8[#All],3,FALSE) -> F | G86: F1 | H86: F1 | K86: NFW13Y0 | L86: Marco van Kalkeren | M86: Marco | N86: =VLOOKUP(YEAR(Tabel3[[#This Row],[Geb datum]]),Tabel8[#All],2,FALSE) -> 55 | O86: 25227 | P86: =VLOOKUP(YEAR(Tabel3[[#This Row],[Geb datum]]),Tabel8[#All],3,FALSE) -> S | Q86: AR | R86: AR
A87: NKC46S7 | B87: Lara Schram | C87: Lara | D87: =VLOOKUP(YEAR(Tabel1[[#This Row],[Geb datum]]),Tabel8[#All],2,FALSE) -> 24 | E87: 36887 | F87: =VLOOKUP(YEAR(Tabel1[[#This Row],[Geb datum]]),Tabel8[#All],3,FALSE) -> S | G87: S5 | H87: S5 | K87: NJF77Y3 | L87: Marijn Klink | M87: Marijn | N87: =VLOOKUP(YEAR(Tabel3[[#This Row],[Geb datum]]),Tabel8[#All],2,FALSE) -> 27 | O87: 35550 | P87: =VLOOKUP(YEAR(Tabel3[[#This Row],[Geb datum]]),Tabel8[#All],3,FALSE) -> S | Q87: S1S2 | R87: S2
A88: NMB03R4 | B88: Laura Exalto | C88: Laura | D88: =VLOOKUP(YEAR(Tabel1[[#This Row],[Geb datum]]),Tabel8[#All],2,FALSE) -> 12 | E88: 41047 | F88: =VLOOKUP(YEAR(Tabel1[[#This Row],[Geb datum]]),Tabel8[#All],3,FALSE) -> C | G88: C2 | H88: D1 | K88: NKD39Q8 | L88: Mark Schindler | M88: Mark | N88: =VLOOKUP(YEAR(Tabel3[[#This Row],[Geb datum]]),Tabel8[#All],2,FALSE) -> 25 | O88: 36308 | P88: =VLOOKUP(YEAR(Tabel3[[#This Row],[Geb datum]]),Tabel8[#All],3,FALSE) -> S | Q88: S5 | R88: S5
A89: NKC46T4 | B89: Laura Koote | C89: Laura | D89: =VLOOKUP(YEAR(Tabel1[[#This Row],[Geb datum]]),Tabel8[#All],2,FALSE) -> 22 | E89: 37269 | F89: =VLOOKUP(YEAR(Tabel1[[#This Row],[Geb datum]]),Tabel8[#All],3,FALSE) -> S | G89: S5 | H89: S7 | K89: NMN23M1 | L89: Martijn Veenendaal | M89: Martijn | N89: =VLOOKUP(YEAR(Tabel3[[#This Row],[Geb datum]]),Tabel8[#All],2,FALSE) -> 11 | O89: 41611 | P89: =VLOOKUP(YEAR(Tabel3[[#This Row],[Geb datum]]),Tabel8[#All],3,FALSE) -> D | Q89: D2 | R89: D3
B90: Laura Mol | C90: Laura | D90: =VLOOKUP(YEAR(Tabel1[[#This Row],[Geb datum]]),Tabel8[#All],2,FALSE) -> #N/A | F90: =VLOOKUP(YEAR(Tabel1[[#This Row],[Geb datum]]),Tabel8[#All],3,FALSE) -> #N/A | G90: S4 | K90: NKZ28R9 | L90: Matthijs de Jongh | M90: Matthijs | N90: =VLOOKUP(YEAR(Tabel3[[#This Row],[Geb datum]]),Tabel8[#All],2,FALSE) -> 17 | O90: 39363 | P90: =VLOOKUP(YEAR(Tabel3[[#This Row],[Geb datum]]),Tabel8[#All],3,FALSE) -> A | Q90: A3 | R90: A3
A91: NMG13P0 | B91: Layla de Boer | C91: Layla | D91: =VLOOKUP(YEAR(Tabel1[[#This Row],[Geb datum]]),Tabel8[#All],2,FALSE) -> 11 | E91: 41474 | F91: =VLOOKUP(YEAR(Tabel1[[#This Row],[Geb datum]]),Tabel8[#All],3,FALSE) -> D | G91: D1 | H91: D2 | K91: NMT18Q5 | L91: Matthijs de Reus | M91: Matthijs | N91: =VLOOKUP(YEAR(Tabel3[[#This Row],[Geb datum]]),Tabel8[#All],2,FALSE) -> 13 | O91: 40848 | P91: =VLOOKUP(YEAR(Tabel3[[#This Row],[Geb datum]]),Tabel8[#All],3,FALSE) -> C | Q91: C2 | R91: D1
A92: NMM21T3 | B92: Lenthe van den Boogaart | C92: Lenthe | D92: =VLOOKUP(YEAR(Tabel1[[#This Row],[Geb datum]]),Tabel8[#All],2,FALSE) -> 11 | E92: 41557 | F92: =VLOOKUP(YEAR(Tabel1[[#This Row],[Geb datum]]),Tabel8[#All],3,FALSE) -> D | G92: D2 | H92: D3 | L92: Mayson Josefina | M92: Mayson | N92: =VLOOKUP(YEAR(Tabel3[[#This Row],[Geb datum]]),Tabel8[#All],2,FALSE) -> 10 | O92: 41963 | P92: =VLOOKUP(YEAR(Tabel3[[#This Row],[Geb datum]]),Tabel8[#All],3,FALSE) -> D | Q92: D4 | R92: NSL
A93: NKY54N3 | B93: Lianne Bouwknegt | C93: Lianne | D93: =VLOOKUP(YEAR(Tabel1[[#This Row],[Geb datum]]),Tabel8[#All],2,FALSE) -> 17 | E93: 39199 | F93: =VLOOKUP(YEAR(Tabel1[[#This Row],[Geb datum]]),Tabel8[#All],3,FALSE) -> A | G93: A3 | H93: A3 | K93: NLR06X4 | L93: Menno Pille | M93: Menno | N93: =VLOOKUP(YEAR(Tabel3[[#This Row],[Geb datum]]),Tabel8[#All],2,FALSE) -> 17 | O93: 39187 | P93: =VLOOKUP(YEAR(Tabel3[[#This Row],[Geb datum]]),Tabel8[#All],3,FALSE) -> A | Q93: A3 | R93: A3
A94: NJK34W5 | B94: Lieke Ploeg | C94: Lieke | D94: =VLOOKUP(YEAR(Tabel1[[#This Row],[Geb datum]]),Tabel8[#All],2,FALSE) -> 38 | E94: 31732 | F94: =VLOOKUP(YEAR(Tabel1[[#This Row],[Geb datum]]),Tabel8[#All],3,FALSE) -> S | G94: S3 | H94: S4 | K94: NMJ57G2 | L94: Merlijn de Wit | M94: Merlijn | N94: =VLOOKUP(YEAR(Tabel3[[#This Row],[Geb datum]]),Tabel8[#All],2,FALSE) -> 10 | O94: 41801 | P94: =VLOOKUP(YEAR(Tabel3[[#This Row],[Geb datum]]),Tabel8[#All],3,FALSE) -> D | Q94: Stopt | R94: E1
A95: NGT42S4 | B95: Liesbeth Brand | C95: Liesbeth | D95: =VLOOKUP(YEAR(Tabel1[[#This Row],[Geb datum]]),Tabel8[#All],2,FALSE) -> 34 | E95: 33086 | F95: =VLOOKUP(YEAR(Tabel1[[#This Row],[Geb datum]]),Tabel8[#All],3,FALSE) -> S | G95: MW1 | H95: MW1 | K95: NFW42X5 | L95: Michiel 't Jong | M95: Michiel | N95: =VLOOKUP(YEAR(Tabel3[[#This Row],[Geb datum]]),Tabel8[#All],2,FALSE) -> 43 | O95: 29718 | P95: =VLOOKUP(YEAR(Tabel3[[#This Row],[Geb datum]]),Tabel8[#All],3,FALSE) -> S | Q95: MW1 | R95: MW1
A96: NJK42D1 | B96: Linda Ardon | C96: Linda | D96: =VLOOKUP(YEAR(Tabel1[[#This Row],[Geb datum]]),Tabel8[#All],2,FALSE) -> 32 | E96: 33696 | F96: =VLOOKUP(YEAR(Tabel1[[#This Row],[Geb datum]]),Tabel8[#All],3,FALSE) -> S | G96: S3 | H96: S3 | K96: NMQ51D0 | L96: Mika Kerschkamp | M96: Mika | N96: =VLOOKUP(YEAR(Tabel3[[#This Row],[Geb datum]]),Tabel8[#All],2,FALSE) -> 13 | O96: 40547 | P96: =VLOOKUP(YEAR(Tabel3[[#This Row],[Geb datum]]),Tabel8[#All],3,FALSE) -> C | Q96: C3 | R96: C4
A97: NLF50K8 | B97: Lindi Fasbender | C97: Lindi | D97: =VLOOKUP(YEAR(Tabel1[[#This Row],[Geb datum]]),Tabel8[#All],2,FALSE) -> 19 | E97: 38656 | F97: =VLOOKUP(YEAR(Tabel1[[#This Row],[Geb datum]]),Tabel8[#All],3,FALSE) -> S | G97: S1S2 | H97: A2 | K97: NMK59H6 | L97: Morris van Ameijden | M97: Morris | N97: =VLOOKUP(YEAR(Tabel3[[#This Row],[Geb datum]]),Tabel8[#All],2,FALSE) -> 10 | O97: 41780 | P97: =VLOOKUP(YEAR(Tabel3[[#This Row],[Geb datum]]),Tabel8[#All],3,FALSE) -> D | Q97: D3 | R97: E2
A98: NMD34T8 | B98: Lisa Exalto | C98: Lisa | D98: =VLOOKUP(YEAR(Tabel1[[#This Row],[Geb datum]]),Tabel8[#All],2,FALSE) -> 10 | E98: 41807 | F98: =VLOOKUP(YEAR(Tabel1[[#This Row],[Geb datum]]),Tabel8[#All],3,FALSE) -> D | G98: D2 | H98: E2 | K98: NMN49T8 | L98: Nathan Verberkt | M98: Nathan | N98: =VLOOKUP(YEAR(Tabel3[[#This Row],[Geb datum]]),Tabel8[#All],2,FALSE) -> 11 | O98: 41282 | P98: =VLOOKUP(YEAR(Tabel3[[#This Row],[Geb datum]]),Tabel8[#All],3,FALSE) -> D | Q98: D1 | R98: D2
A99: NLS08H9 | B99: Lisa Reuvers | C99: Lisa | D99: =VLOOKUP(YEAR(Tabel1[[#This Row],[Geb datum]]),Tabel8[#All],2,FALSE) -> 15 | E99: 39993 | F99: =VLOOKUP(YEAR(Tabel1[[#This Row],[Geb datum]]),Tabel8[#All],3,FALSE) -> B | G99: A1A2 | H99: B1 | K99: NLD36P9 | L99: Niek Driesprong | M99: Niek | N99: =VLOOKUP(YEAR(Tabel3[[#This Row],[Geb datum]]),Tabel8[#All],2,FALSE) -> 16 | O99: 39655 | P99: =VLOOKUP(YEAR(Tabel3[[#This Row],[Geb datum]]),Tabel8[#All],3,FALSE) -> A | Q99: A1A2 | R99: B1
A100: NMK07T9 | B100: Lisanne Naeije | C100: Lisanne | D100: =VLOOKUP(YEAR(Tabel1[[#This Row],[Geb datum]]),Tabel8[#All],2,FALSE) -> 12 | E100: 41149 | F100: =VLOOKUP(YEAR(Tabel1[[#This Row],[Geb datum]]),Tabel8[#All],3,FALSE) -> C | G100: C3 | H100: D3 | K100: NLP78P7 | L100: Niek Sas | M100: Niek | N100: =VLOOKUP(YEAR(Tabel3[[#This Row],[Geb datum]]),Tabel8[#All],2,FALSE) -> 14 | O100: 40381 | P100: =VLOOKUP(YEAR(Tabel3[[#This Row],[Geb datum]]),Tabel8[#All],3,FALSE) -> B | Q100: B1B2 | R100: C1
A101: NFW26V3 | B101: Lisette van den Assem | C101: Lisette | D101: =VLOOKUP(YEAR(Tabel1[[#This Row],[Geb datum]]),Tabel8[#All],2,FALSE) -> 41 | E101: 30573 | F101: =VLOOKUP(YEAR(Tabel1[[#This Row],[Geb datum]]),Tabel8[#All],3,FALSE) -> S | G101: AR | H101: AR | K101: NJH76N5 | L101: Olivier Klink | M101: Olivier | N101: =VLOOKUP(YEAR(Tabel3[[#This Row],[Geb datum]]),Tabel8[#All],2,FALSE) -> 26 | O101: 36143 | P101: =VLOOKUP(YEAR(Tabel3[[#This Row],[Geb datum]]),Tabel8[#All],3,FALSE) -> S | Q101: S1S2 | R101: AR
A102: NMV90Z6 | B102: Livia van de Burgt | C102: Livia | D102: =VLOOKUP(YEAR(Tabel1[[#This Row],[Geb datum]]),Tabel8[#All],2,FALSE) -> 7 | E102: 42979 | F102: =VLOOKUP(YEAR(Tabel1[[#This Row],[Geb datum]]),Tabel8[#All],3,FALSE) -> F | G102: F2 | H102: F2 | K102: NMY03K8 | L102: Olle Bezemer | M102: Olle | N102: =VLOOKUP(YEAR(Tabel3[[#This Row],[Geb datum]]),Tabel8[#All],2,FALSE) -> 4 | O102: 44190 | P102: =VLOOKUP(YEAR(Tabel3[[#This Row],[Geb datum]]),Tabel8[#All],3,FALSE) -> K | Q102: K | R102: K
A103: NKK27B9 | B103: Loïs Fernhout | C103: Loïs | D103: =VLOOKUP(YEAR(Tabel1[[#This Row],[Geb datum]]),Tabel8[#All],2,FALSE) -> 21 | E103: 37684 | F103: =VLOOKUP(YEAR(Tabel1[[#This Row],[Geb datum]]),Tabel8[#All],3,FALSE) -> S | G103: S1S2 | H103: S1 | K103: NLS85H0 | L103: Onno den Dekker | M103: Onno | N103: =VLOOKUP(YEAR(Tabel3[[#This Row],[Geb datum]]),Tabel8[#All],2,FALSE) -> 16 | O103: 39623 | P103: =VLOOKUP(YEAR(Tabel3[[#This Row],[Geb datum]]),Tabel8[#All],3,FALSE) -> A | Q103: B1B2 | R103: B1
A104: NMM97Y1 | B104: Maartje Laban | C104: Maartje | D104: =VLOOKUP(YEAR(Tabel1[[#This Row],[Geb datum]]),Tabel8[#All],2,FALSE) -> 9 | E104: 42058 | F104: =VLOOKUP(YEAR(Tabel1[[#This Row],[Geb datum]]),Tabel8[#All],3,FALSE) -> E | G104: E1 | H104: E4 | K104: NMC41D1 | L104: Parham Afsharbegloe | M104: Parham | N104: =VLOOKUP(YEAR(Tabel3[[#This Row],[Geb datum]]),Tabel8[#All],2,FALSE) -> 15 | O104: 40093 | P104: =VLOOKUP(YEAR(Tabel3[[#This Row],[Geb datum]]),Tabel8[#All],3,FALSE) -> B | Q104: B4 | R104: C4
... A121: NKQ14R3 | B121: Nadia de Wit | C121: Nadia | D121: =VLOOKUP(YEAR(Tabel1[[#This Row],[Geb datum]]),Tabel8[#All],2,FALSE) -> 23 | E121: 37104 | F121: =VLOOKUP(YEAR(Tabel1[[#This Row],[Geb datum]]),Tabel8[#All],3,FALSE) -> S | G121: S5 | H121: S7 | K121: NLG59G8 | L121: Senne Koster | M121: Senne | N121: =VLOOKUP(YEAR(Tabel3[[#This Row],[Geb datum]]),Tabel8[#All],2,FALSE) -> 19 | O121: 38657 | P121: =VLOOKUP(YEAR(Tabel3[[#This Row],[Geb datum]]),Tabel8[#All],3,FALSE) -> S | Q121: S1S2 | R121: A1
A122: NMW98N7 | B122: Nehir Torbali | C122: Nehir | D122: =VLOOKUP(YEAR(Tabel1[[#This Row],[Geb datum]]),Tabel8[#All],2,FALSE) -> 9 | E122: 42259 | F122: =VLOOKUP(YEAR(Tabel1[[#This Row],[Geb datum]]),Tabel8[#All],3,FALSE) -> E | G122: E2 | H122: E5 | L122: Sepp de Jong | M122: Sepp | N122: =VLOOKUP(YEAR(Tabel3[[#This Row],[Geb datum]]),Tabel8[#All],2,FALSE) -> 7 | O122: 42986 | P122: =VLOOKUP(YEAR(Tabel3[[#This Row],[Geb datum]]),Tabel8[#All],3,FALSE) -> F | Q122: F1 | R122: Nieuw
A123: NMW80G9 | B123: Nesrin Kombe | C123: Nesrin | D123: =VLOOKUP(YEAR(Tabel1[[#This Row],[Geb datum]]),Tabel8[#All],2,FALSE) -> 9 | E123: 42194 | F123: =VLOOKUP(YEAR(Tabel1[[#This Row],[Geb datum]]),Tabel8[#All],3,FALSE) -> E | G123: E4 | H123: F2 | K123: NMN65C7 | L123: Sepp Jongkind | M123: Sepp | N123: =VLOOKUP(YEAR(Tabel3[[#This Row],[Geb datum]]),Tabel8[#All],2,FALSE) -> 10 | O123: 41760 | P123: =VLOOKUP(YEAR(Tabel3[[#This Row],[Geb datum]]),Tabel8[#All],3,FALSE) -> D | Q123: D4 | R123: E3
A124: NLS54M7 | B124: Nikki Baas | C124: Nikki | D124: =VLOOKUP(YEAR(Tabel1[[#This Row],[Geb datum]]),Tabel8[#All],2,FALSE) -> 14 | E124: 40498 | F124: =VLOOKUP(YEAR(Tabel1[[#This Row],[Geb datum]]),Tabel8[#All],3,FALSE) -> B | G124: B3 | H124: C3 | K124: NLL20F4 | L124: Seth van de Burgt | M124: Seth | N124: =VLOOKUP(YEAR(Tabel3[[#This Row],[Geb datum]]),Tabel8[#All],2,FALSE) -> 18 | O124: 39018 | P124: =VLOOKUP(YEAR(Tabel3[[#This Row],[Geb datum]]),Tabel8[#All],3,FALSE) -> A | Q124: A1A2 | R124: A2
A125: NLN41L1 | B125: Noa Stomp | C125: Noa | D125: =VLOOKUP(YEAR(Tabel1[[#This Row],[Geb datum]]),Tabel8[#All],2,FALSE) -> 14 | E125: 40439 | F125: =VLOOKUP(YEAR(Tabel1[[#This Row],[Geb datum]]),Tabel8[#All],3,FALSE) -> B | G125: B1B2 | H125: C1 | K125: NGT16K5 | L125: Stefan Naaktgeboren | M125: Stefan | N125: =VLOOKUP(YEAR(Tabel3[[#This Row],[Geb datum]]),Tabel8[#All],2,FALSE) -> 33 | O125: 33241 | P125: =VLOOKUP(YEAR(Tabel3[[#This Row],[Geb datum]]),Tabel8[#All],3,FALSE) -> S | Q125: Stopt | R125: S2
A126: NMM85F7 | B126: Noor Brouwer | C126: Noor | D126: =VLOOKUP(YEAR(Tabel1[[#This Row],[Geb datum]]),Tabel8[#All],2,FALSE) -> 11 | E126: 41574 | F126: =VLOOKUP(YEAR(Tabel1[[#This Row],[Geb datum]]),Tabel8[#All],3,FALSE) -> D | G126: D2 | H126: D3 | K126: NMX02T7 | L126: Stepan Polumysni | M126: Stepan | N126: =VLOOKUP(YEAR(Tabel3[[#This Row],[Geb datum]]),Tabel8[#All],2,FALSE) -> 6 | O126: 43224 | P126: =VLOOKUP(YEAR(Tabel3[[#This Row],[Geb datum]]),Tabel8[#All],3,FALSE) -> F | Q126: F2 | R126: K
A127: NLV84L8 | B127: Noortje Vercouteren | C127: Noortje | D127: =VLOOKUP(YEAR(Tabel1[[#This Row],[Geb datum]]),Tabel8[#All],2,FALSE) -> 14 | E127: 40226 | F127: =VLOOKUP(YEAR(Tabel1[[#This Row],[Geb datum]]),Tabel8[#All],3,FALSE) -> B | G127: B4 | H127: C4 | K127: NLV35B6 | L127: Stephan Quarre | M127: Stephan | N127: =VLOOKUP(YEAR(Tabel3[[#This Row],[Geb datum]]),Tabel8[#All],2,FALSE) -> 15 | O127: 39878 | P127: =VLOOKUP(YEAR(Tabel3[[#This Row],[Geb datum]]),Tabel8[#All],3,FALSE) -> B | Q127: B3 | R127: B3
A128: NMW80H6 | B128: Nurefsan Kombe | C128: Nurefsan | D128: =VLOOKUP(YEAR(Tabel1[[#This Row],[Geb datum]]),Tabel8[#All],2,FALSE) -> 11 | E128: 41430 | F128: =VLOOKUP(YEAR(Tabel1[[#This Row],[Geb datum]]),Tabel8[#All],3,FALSE) -> D | G128: D4 | H128: D4 | K128: NGT92Q5 | L128: Steven Kuperus | M128: Steven | N128: =VLOOKUP(YEAR(Tabel3[[#This Row],[Geb datum]]),Tabel8[#All],2,FALSE) -> 34 | O128: 33058 | P128: =VLOOKUP(YEAR(Tabel3[[#This Row],[Geb datum]]),Tabel8[#All],3,FALSE) -> S | Q128: AR | R128: S4
A129: NML06D5 | B129: Olivia de Waard | C129: Olivia | D129: =VLOOKUP(YEAR(Tabel1[[#This Row],[Geb datum]]),Tabel8[#All],2,FALSE) -> 12 | E129: 40937 | F129: =VLOOKUP(YEAR(Tabel1[[#This Row],[Geb datum]]),Tabel8[#All],3,FALSE) -> C | G129: C1 | H129: D1 | K129: NMY03L5 | L129: Ted Bezemer | M129: Ted | N129: =VLOOKUP(YEAR(Tabel3[[#This Row],[Geb datum]]),Tabel8[#All],2,FALSE) -> 1 | O129: 45182 | P129: =VLOOKUP(YEAR(Tabel3[[#This Row],[Geb datum]]),Tabel8[#All],3,FALSE) -> K | Q129: AR | R129: AR
A130: NMH24Z9 | B130: Petra Verheijde | C130: Petra | D130: =VLOOKUP(YEAR(Tabel1[[#This Row],[Geb datum]]),Tabel8[#All],2,FALSE) -> 50 | E130: 27135 | F130: =VLOOKUP(YEAR(Tabel1[[#This Row],[Geb datum]]),Tabel8[#All],3,FALSE) -> S | G130: AR | H130: S4 | K130: NKW50C2 | L130: Thijs Boon | M130: Thijs | N130: =VLOOKUP(YEAR(Tabel3[[#This Row],[Geb datum]]),Tabel8[#All],2,FALSE) -> 21 | O130: 37960 | P130: =VLOOKUP(YEAR(Tabel3[[#This Row],[Geb datum]]),Tabel8[#All],3,FALSE) -> S | Q130: S6 | R130: S6
A131: NMJ35H3 | B131: Pien van Dongen | C131: Pien | D131: =VLOOKUP(YEAR(Tabel1[[#This Row],[Geb datum]]),Tabel8[#All],2,FALSE) -> 10 | E131: 41901 | F131: =VLOOKUP(YEAR(Tabel1[[#This Row],[Geb datum]]),Tabel8[#All],3,FALSE) -> D | G131: D3 | H131: E1 | K131: NMK12K6 | L131: Thijs Vos | M131: Thijs | N131: =VLOOKUP(YEAR(Tabel3[[#This Row],[Geb datum]]),Tabel8[#All],2,FALSE) -> 13 | O131: 40790 | P131: =VLOOKUP(YEAR(Tabel3[[#This Row],[Geb datum]]),Tabel8[#All],3,FALSE) -> C | Q131: C2 | R131: C3
...

Sheet Staf
A1: Naam | B1: Team | C1: Functie | D1: eigen team | E1: team vorig jaar | F1: Niveau
A2: Jens Lohuis | B2: - | C2: Trainer/Coach | D2: A1/A2 | E2: E3
A3: Joël Wietses | B3: - | C3: Trainer/Coach | D3: A1/A2 | E3: E3
A4: Jarno Valk | B4: - | C4: Trainer/Coach | D4: A1/A2 | E4: D3 | F4: Startend - KT2
A5: Joram Flach | B5: - | C5: Trainer/Coach | D5: S7 | E5: D1 | F5: Medior
A6: Kimberly Jacobs | B6: - | C6: Trainer/Coach | D6: X | E6: C3 | F6: Medior
A7: Mark Schindler | B7: - | C7: Trainer/Coach | D7: S7 | E7: D3 | F7: Junior
A8: Rick van de Wijgaart | B8: - | C8: Trainer/Coach | D8: S7 | E8: D3 | F8: Startend - KT2
A9: Tessa Dubbeld | B9: - | C9: Trainer/Coach | D9: S6 | E9: C2
A10: Vacature | B10: - | C10: Trainer/Coach | E10: E5
A11: Vacature | B11: - | C11: Trainer/Coach | E11: E5
A12: Demi | B12: - | C12: Trainer/Coach
A13: Julia Kleingeld | B13: - | C13: Trainer/Coach
A14: Egbert Vos | B14: - | C14: Assistent-trainer | D14: X | E14: D1 | F14: Senior
A15: Michel Sas | B15: - | C15: Teambegeleider | D15: X | E15: B1
A16: Lenny van den Bergh | B16: - | C16: Ondersteuning | E16: E5 | F16: Startend - KT2
A17: Rob van Dongen | B17: A1A2 | C17: Trainer/Coach A1 | D17: X | E17: A1
A18: Ruben Blokland | B18: A1A2 | C18: Trainer/Coach A1 | D18: X | E18: A1 | F18: Senior
A19: Olivier Klink | B19: A1A2 | C19: Trainer/Coach A2 | D19: S1S2 | E19: A2 | F19: Medior - KT3
A20: Tim van Gent | B20: A1A2 | C20: Trainer/Coach A2 | D20: S1S2 | E20: A2 | F20: Junior
A21: Alex van de Klooster | B21: A1A2 | C21: Teambegeleider
A22: David Kuijper | B22: A3 | C22: Trainer/Coach | E22: A3
A23: Ruben Dubbeld | B23: A3 | C23: Trainer/Coach | E23: A3
A24: Jasper Kleingeld | B24: B1B2 | C24: Trainer/Coach B1 | D24: X | E24: C1 | F24: Senior
A25: Mees Oppe | B25: B1B2 | C25: Trainer/Coach B1 | D25: DeetosSnel 1 | E25: C1 | F25: Junior - KT2
A26: Daniël den Uijl | B26: B1B2 | C26: Trainer/Coach B2 | E26: B2
A27: Eva Teerds | B27: B1B2 | C27: Trainer/Coach B2 | E27: B2
A28: Vacature | B28: B1B2 | C28: Trainer/Coach B2
A29: Michel Sas | B29: B1B2 | C29: Teambegeleider
A30: Martijn van der Wiel | B30: B3 | C30: Trainer/Coach | D30: X | E30: C3 | F30: Medior
A31: Vacature | B31: B3 | C31: Trainer/Coach
A32: Laura Mol | B32: B4 | C32: Trainer/Coach | E32: B3
A33: Maud van Wensen | B33: B4 | C33: Trainer/Coach | D33: A1/A2 | E33: B3 | F33: Junior - KT2
A34: Nog in te vullen | B34: B4 | C34: Teambegeleider
A35: Antjan Laban | B35: C1 | C35: Trainer/Coach | D35: X | E35: C2 | F35: Senior
A36: Milou Oppe | B36: C1 | C36: Trainer/Coach | D36: S1/S2 | E36: B1 | F36: Junior - KT2
A37: Kimberley Witman | B37: C2 | C37: Trainer/Coach
A38: Robert Koster | B38: C2 | C38: Trainer/Coach | D38: X | E38: B3 | F38: Senior
A39: Senne Koster | B39: C2 | C39: Trainer/Coach
A40: Nadia de Wit | B40: C3 | C40: Trainer/Coach | D40: S7 | E40: C4 | F40: Junior
A41: Syrah de Wit | B41: C3 | C41: Trainer/Coach | D41: S7 | E41: C4 | F41: Junior
A42: Vacature | B42: C3 | C42: Assistent-trainer
A43: Marcel St. Nicolaas | B43: D1 | C43: Trainer/Coach | D43: X | E43: D2 | F43: Medior
A44: Tom van de Ven | B44: D1 | C44: Trainer/Coach | D44: X | E44: D2 | F44: Medior
A45: Alex de Boer | B45: D1 | C45: Assistent-trainer | D45: X | E45: D2 | F45: Senior
A46: Marlies Valk | B46: D2 | C46: Trainer/Coach | D46: S7 | E46: D1 | F46: Medior
A47: Sara Boshoven | B47: D2 | C47: Trainer/Coach
A48: Anouk de Jongh | B48: D3 | C48: Trainer/Coach | D48: A3 | E48: E2 | F48: Medior
A49: Sjoerd van Ameijden | B49: D3 | C49: Trainer/Coach | D49: X | E49: E2 | F49: Medior
A50: Vacature | B50: D4 | C50: Trainer/Coach
A51: Vacature | B51: D4 | C51: Trainer/Coach
A52: Liesbeth Wibbens | B52: E1 | C52: Trainer/Coach | D52: X | E52: E4 | F52: Medior
A53: Monique te Witt | B53: E1 | C53: Trainer/Coach | D53: X | E53: E4 | F53: Medior
A54: Gertjan Ploeg | B54: E1 | C54: Ondersteuning E-trainers | E54: E4 | F54: Medior
A55: Ilonka Bouwknegt | B55: E2 | C55: Trainer/Coach | D55: - | E55: E5 | F55: Senior
A56: Jet van Trooijen | B56: E4 | C56: Trainer/Coach | D56: X | E56: F2
A57: Kimberly Jacobs | B57: E4 | C57: Trainer/Coach | D57: X | E57: F2
A58: Lianne Stomp - vd Burgt | B58: F1 | C58: Hoofd trainer/coach F | D58: - | E58: F1 | F58: Senior
A59: Seth vd Burgt | B59: F1 | C59: Trainer/Coach | E59: F2 | F59: Startend - KT2
A60: Sophie Kilsdonk | B60: F1 | C60: Trainer/Coach | E60: F2 | F60: Startend - KT2
A61: Lianne Stomp - vd Burgt | B61: F2 | C61: Hoofd trainer/coach F | D61: - | E61: F1 | F61: Senior
A62: Noa Stomp | B62: F2 | C62: Trainer/Coach | E62: F1 | F62: Startend - KT2
A63: Irene Ploeg | B63: F2 | C63: Teambegeleider
A64: Bo van Hoof | B64: S1S2 | C64: Trainer/Coach S1 | D64: S1S2 | E64: S1S2 | F64: Senior - KT3
A65: Arthyn Muller | B65: S1S2 | C65: Trainer/Coach S2 | E65: S1S2 | F65: Senior
A66: Dionne Broere | B66: S1S2 | C66: Teambegeleider S1 | E66: S1S2 | F66: nvt
A67: Fred Lichteveld | B67: S1S2 | C67: Teambegeleider S2
A68: Joris van den Neucker | B68: S1S2 | C68: Analist S1 | D68: S1S2 | E68: S1S2 | F68: nvt
A69: Ruben Kamerbeek | B69: S1S2 | C69: Fysio | D69: S1S2 | E69: S1S2 | F69: nvt
A70: Theo Anrochte | B70: S1S2 | C70: Verzorger | D70: S1S2 | E70: S1S2 | F70: nvt
A71: Kim Ardon | B71: S3 | C71: Begeleider | D71: X | E71: S3
A72: Vacature | B72: S4 | C72: Trainer/Coach | D72: X | E72: S4
A73: Vacature | B73: S4 | C73: Trainer/Coach | E73: S5S6 | F73: Medior - KT3
A74: Vacature | B74: S5 | C74: Trainer/Coach | D74: X
A75: Monique Kooper | B75: S6 | C75: Trainer/Coach | E75: S6 | F75: Medior
A76: Stephan Ligtmans | B76: Stopt | C76: Trainer/Coach | D76: X | E76: B1 | F76: Medior - KT3
A77: Sandra Kerklaan | B77: Stopt | C77: Teambegeleider S2 | E77: S1S2 | F77: nvt
A78: Jeroen de Kruif | B78: Stopt | C78: Coach S2 | E78: S1S2 | F78: Senior
A79: Matthijs de Jongh | B79: E3 | C79: Trainer/Coach | D79: X
A80: Viviënne Versnel | B80: E3 | C80: Trainer/Coach | D80: X
A81: Tessa van Everdingen | B81: E3 | C81: Trainer/Coach | D81: X
A82: Lieke Bakker | B82: E3 | C82: Ondersteuning

Sheet SCENARIO-KEUZE
B2: SPELERS - TEAMS
C3: Situatie | D3: Scenario 1 | E3: Scenario 2 | F3: Scenario 3 | G3: Keuze + argumentatie | H3: Consequenties | L3: TRAINERSINDELING | M3: Optie 1 | N3: Optie 2 | O3: Optie 3 | P3: Andere kandidaten | Q3: Keuze + argumentatie
L29: Ingevuld
L30: Opties / ideeën
L31: Open
B48: Ingevuld
B49: Opties
B50: Open

Sheet Aandachtpunten
A1: Categorie | B1: Aandachtspunten | C1: Onderwerp | D1: Antwoord | E1: Actiehouder | F1: Wanneer | G1: Status
A2: E/D | B2: Merlijn de Wit | C2: Stopt | D2: Definitief? Ja
A3: S1S2 | B3: Vera Klootwijk / Jaimy van Arkel | C3: Blijft?
A4: S1S2 | B4: Djuna | C4: Komt ze ooit nog terug
A5: S1S2 | B5: Iza Wolleswinkel | C5: Selectie?
A6: S1S2 | B6: Robin Domisse | C6: Blijft?
A7: S5S6 | B7: Elena - minimaal S5 .. Mogelijk plekje S1S2
A9: S4 | B9: Wat gaat Naakie doen?
B10: Collin van Vitesse (misschien S1S2)
A11: A1B1 | B11: Lars Visser | C11: Wat gaan alle Vissers doen?
B12: Onno den Dekker - Als A1 niet dan B1?
B13: Tijn Camphens - (ook) nog een jaar B1?
B14: Benthe van der Linden, stopt?
B15: Esmee / Tess samen of niet naar B2 | D15: Definitief naar C1
A16: C1C2 | B16: Finn Verboom - wat gaan we doen | C16: Stopt?
A17: E | B17: Sanae door naar D is fanatiek | D17: Zeker
A18: E | B18: Ralph nog een jaartje in E houden voor ontwikkeling
A19: E | B19: Gaat Suze stoppen?
B20: Joep en Sepp bij elkaar?
B61: Scenario 1. - nu
B62: Scenario 2 - Evie Groen door en Pippa naar D4
B63: Scenario 3 - Manon, Noortje en Evie naar C4 -met 17 kids + wedstrijdlid

Sheet Count
B2: Dames | C2: Aantal | E2: Heren | F2: Aantal | H2: Totaal
B3: K | C3: =COUNTIF(Spelerslijst!F:F,Count!B3) -> 1 | E3: K | F3: =COUNTIF(Spelerslijst!P:P,Count!E3) -> 4 | H3: =Tabel7[[#This Row],[Aantal]]+Tabel9[[#This Row],[Aantal]] -> 5
B4: F | C4: =COUNTIF(Spelerslijst!F:F,Count!B4) -> 8 | E4: F | F4: =COUNTIF(Spelerslijst!P:P,Count!E4) -> 7 | H4: =Tabel7[[#This Row],[Aantal]]+Tabel9[[#This Row],[Aantal]] -> 15 | J4: 2 | L4: F1 | M4: F2
B5: E | C5: =COUNTIF(Spelerslijst!F:F,Count!B5) -> 15 | E5: E | F5: =COUNTIF(Spelerslijst!P:P,Count!E5) -> 7 | H5: =Tabel7[[#This Row],[Aantal]]+Tabel9[[#This Row],[Aantal]] -> 22 | J5: 4 | L5: E1 | M5: E2 | N5: E3 | O5: E4
B6: D | C6: =COUNTIF(Spelerslijst!F:F,Count!B6) -> 20 | E6: D | F6: =COUNTIF(Spelerslijst!P:P,Count!E6) -> 21 | H6: =Tabel7[[#This Row],[Aantal]]+Tabel9[[#This Row],[Aantal]] -> 41 | J6: 4 | L6: D1 | M6: D2 | N6: D3 | O6: D4
B7: C | C7: =COUNTIF(Spelerslijst!F:F,Count!B7) -> 18 | E7: C | F7: =COUNTIF(Spelerslijst!P:P,Count!E7) -> 15 | H7: =Tabel7[[#This Row],[Aantal]]+Tabel9[[#This Row],[Aantal]] -> 33 | J7: 3 | L7: C1 | M7: C2 | N7: C3
B8: B | C8: =COUNTIF(Spelerslijst!F:F,Count!B8) -> 25 | E8: B | F8: =COUNTIF(Spelerslijst!P:P,Count!E8) -> 15 | H8: =Tabel7[[#This Row],[Aantal]]+Tabel9[[#This Row],[Aantal]] -> 40 | J8: 4 | L8: B1 | M8: B2 | N8: B3 | O8: B4
B9: A | C9: =COUNTIF(Spelerslijst!F:F,Count!B9) -> 14 | E9: A | F9: =COUNTIF(Spelerslijst!P:P,Count!E9) -> 18 | H9: =Tabel7[[#This Row],[Aantal]]+Tabel9[[#This Row],[Aantal]] -> 32 | J9: 3 | L9: A1 | M9: A2 | N9: A3
B10: S | C10: =COUNTIF(Spelerslijst!F:F,Count!B10) -> 64 | E10: S | F10: =COUNTIF(Spelerslijst!P:P,Count!E10) -> 64 | H10: =Tabel7[[#This Row],[Aantal]]+Tabel9[[#This Row],[Aantal]] -> 128 | J10: 8 | L10: 1 | M10: 2 | N10: 3 | O10: 4 | P10: 5 | Q10: 6 | R10: 7 | S10: MW1

Sheet Teams-deelversie
A2: Selecties | B2: S1S2 | E2: S5S6 | H2: A1A2 | K2: B1B2
B3: Dames | C3: Heren | E3: Dames | F3: Heren | H3: Dames | I3: Heren | K3: Dames | L3: Heren
B4: {=_xlfn._xlws.FILTER(Spelerslijst!$B:$B,Spelerslijst!$G:$G=B$2,"")} -> Demi van Dijk | C4: {=_xlfn._xlws.FILTER(Spelerslijst!$L:$L,Spelerslijst!$Q:$Q=B$2,"")} -> Bart Driesprong | E4: {=_xlfn._xlws.FILTER(Spelerslijst!$B:$B,Spelerslijst!$G:$G=E$2,"")} | F4: {=_xlfn._xlws.FILTER(Spelerslijst!$L:$L,Spelerslijst!$Q:$Q=E$2,"")} | H4: {=_xlfn._xlws.FILTER(Spelerslijst!$B:$B,Spelerslijst!$G:$G=H$2,"")} -> Amber de Haas | I4: {=_xlfn._xlws.FILTER(Spelerslijst!$L:$L,Spelerslijst!$Q:$Q=H$2,"")} -> Dani Heersping | K4: {=_xlfn._xlws.FILTER(Spelerslijst!$B:$B,Spelerslijst!$G:$G=K$2,"")} -> Danique van der Klooster | L4: {=_xlfn._xlws.FILTER(Spelerslijst!$L:$L,Spelerslijst!$Q:$Q=K$2,"")} -> Diederik Hovestadt
B5: Eva Teerds | C5: Bob Mans | H5: Benthe van der Linden | I5: Freek van Dongen | K5: Demi Engelfriet | L5: Jarno Bemer
B6: Iza Wolleswinkel | C6: Daniel den Uijl | H6: Carmen van der Klooster | I6: Jack Zwanenburg | K6: Demi Lindhout | L6: Jasper Sempel
B7: Lindi Fasbender | C7: Jens Lohuis | H7: Doeska Voorbij | I7: Jarno Valk | K7: Feline van de Burgt | L7: Jonas van de Ven
B8: Loïs Fernhout | C8: Joël Wietses | H8: Elize van de Burgt | I8: Jordi Vaartmans | K8: Floor Lohuis | L8: Kian Vliet
B9: Maud van Wensen | C9: Joeri van Dijk | H9: Lisa Reuvers | I9: Lars Visser | K9: Floortje Jongkind | L9: Niek Sas
B10: Meike Driesprong | C10: Jordan Timmer | H10: Merel Manduapessy | I10: Maarten Sas | K10: Githa Bemer | L10: Onno den Dekker
B11: Milou Oppe | C11: Marijn Klink | H11: Sophie Kilsdonk | I11: Niek Driesprong | K11: Julia Kleingeld | L11: Thomas Vos
B12: Robin Dommisse | C12: Olivier Klink | H12: Stella Verboom | I12: Seth van de Burgt | K12: Noa Stomp | L12: Timo Pichel
B13: Roos Groeneweg | C13: Robin van Kalkeren | I13: Tijn Bäcker
B14: Sara Boshoven | C14: Senne Koster | I14: Tijn Camphens
B15: Xanne Klink | C15: Tim van Gent | I15: Tycho Vliet
B17: {=_xlfn._xlws.FILTER(Staf!$C:$C,Staf!$B:$B='Teams-deelversie'!B2,"")} -> Trainer/Coach S1 | C17: {=_xlfn._xlws.FILTER(Staf!$A:$A,Staf!$B:$B='Teams-deelversie'!B2,"")} -> Bo van Hoof | E17: {=_xlfn._xlws.FILTER(Staf!$C:$C,Staf!$B:$B='Teams-deelversie'!E2,"")} | H17: {=_xlfn._xlws.FILTER(Staf!$C:$C,Staf!$B:$B='Teams-deelversie'!H2,"")} -> Trainer/Coach A1 | I17: {=_xlfn._xlws.FILTER(Staf!$A:$A,Staf!$B:$B='Teams-deelversie'!H2,"")} -> Rob van Dongen | K17: {=_xlfn._xlws.FILTER(Staf!$C:$C,Staf!$B:$B='Teams-deelversie'!K2,"")} -> Trainer/Coach B1 | L17: {=_xlfn._xlws.FILTER(Staf!$A:$A,Staf!$B:$B='Teams-deelversie'!K2,"")} -> Jasper Kleingeld
B18: Trainer/Coach S2 | C18: Arthyn Muller | H18: Trainer/Coach A1 | I18: Ruben Blokland | K18: Trainer/Coach B1 | L18: Mees Oppe
B19: Teambegeleider S1 | C19: Dionne Broere | H19: Trainer/Coach A2 | I19: Olivier Klink | K19: Trainer/Coach B2 | L19: Daniël den Uijl
B20: Teambegeleider S2 | C20: Fred Lichteveld | H20: Trainer/Coach A2 | I20: Tim van Gent | K20: Trainer/Coach B2 | L20: Eva Teerds
B21: Analist S1 | C21: Joris van den Neucker | H21: Teambegeleider | I21: Alex van de Klooster | K21: Trainer/Coach B2 | L21: Vacature
B22: Fysio | C22: Ruben Kamerbeek | K22: Teambegeleider | L22: Michel Sas
B23: Verzorger | C23: Theo Anrochte
A26: Senioren | B26: S1 | E26: S2 | H26: S3 | K26: S4 | N26: S5 | Q26: S6 | T26: S7 | AA26: MW1
B27: Dames | C27: Heren | E27: Dames | F27: Heren | H27: Dames | I27: Heren | K27: Dames | L27: Heren | N27: Dames | O27: Heren | Q27: Dames | R27: Heren | T27: Dames | W27: Heren | AA27: Dames | AB27: Heren
B28: {=_xlfn._xlws.FILTER(Spelerslijst!$B:$B,Spelerslijst!$G:$G=B$26,"")} | C28: {=_xlfn._xlws.FILTER(Spelerslijst!$L:$L,Spelerslijst!$Q:$Q=B$26,"")} | E28: {=_xlfn._xlws.FILTER(Spelerslijst!$B:$B,Spelerslijst!$G:$G=E$26,"")} | F28: {=_xlfn._xlws.FILTER(Spelerslijst!$L:$L,Spelerslijst!$Q:$Q=E$26,"")} | H28: {=_xlfn._xlws.FILTER(Spelerslijst!$B:$B,Spelerslijst!$G:$G=H$26,"")} -> Esther Ardon | I28: {=_xlfn._xlws.FILTER(Spelerslijst!$L:$L,Spelerslijst!$Q:$Q=H$26,"")} -> Emiel Houwerzijl | K28: {=_xlfn._xlws.FILTER(Spelerslijst!$B:$B,Spelerslijst!$G:$G=K$26,"")} -> ~Dame S1S2 | L28: {=_xlfn._xlws.FILTER(Spelerslijst!$L:$L,Spelerslijst!$Q:$Q=K$26,"")} -> ~Heer S1S2 | N28: {=_xlfn._xlws.FILTER(Spelerslijst!$B:$B,Spelerslijst!$G:$G=N$26,"")} -> Anniek Pierse | O28: {=_xlfn._xlws.FILTER(Spelerslijst!$L:$L,Spelerslijst!$Q:$Q=N$26,"")} -> Joram Flach | Q28: {=_xlfn._xlws.FILTER(Spelerslijst!$B:$B,Spelerslijst!$G:$G=Q$26,"")} -> Amber Boeije | R28: {=_xlfn._xlws.FILTER(Spelerslijst!$L:$L,Spelerslijst!$Q:$Q=Q$26,"")} -> Ché Kooper | T28: {=_xlfn._xlws.FILTER(Spelerslijst!$B:$B,Spelerslijst!$G:$G=T$26,"")} | W28: {=_xlfn._xlws.FILTER(Spelerslijst!$L:$L,Spelerslijst!$Q:$Q=T$26,"")} | AA28: {=_xlfn._xlws.FILTER(Spelerslijst!$B:$B,Spelerslijst!$G:$G=AA$26,"")} -> Dorien in 't Veld | AB28: {=_xlfn._xlws.FILTER(Spelerslijst!$L:$L,Spelerslijst!$Q:$Q=AA$26,"")} -> Hans Ploeg
H29: Hilde Visser | I29: Jan Booy | K29: ~Dame S1S2 | L29: ~Heer S1S2 | N29: Jany Lacroes | O29: Laurens Verhagen | Q29: Angela Friebel | R29: David Kuijper | AA29: Kim Heesterbeek | AB29: Michiel 't Jong
H30: Lieke Ploeg | I30: Lex van Gent | K30: Anouk de Jongh | L30: Luuk Baars | N30: Lara Schram | O30: Mark Schindler | Q30: Jennifer Herremans | R30: Jens de Vlaming | AA30: Kim van der Starre-Scheurwater | AB30: Ronald Riet
H31: Linda Ardon | I31: Roy de Vlaming | K31: Carlijn Lievaart | L31: Tijmen Fasbender | N31: Laura Koote | O31: Quinten van Driel | Q31: Kimberley Witman | R31: Ruben Dubbeld | AA31: Liesbeth Brand | AB31: Wilco Kooij
H32: Merel van Gurp | I32: Thomas Isarin | K32: Elena Quarré | L32: Tim Seevinck | N32: Marlies Valk | O32: Rick van de Wijgaart | Q32: Sanne Dubbeld | R32: Thijs Boon | AA32: Tamara van Opstal-Haksteen
H33: Robin Leijdsman | K33: Kim Dommisse | N33: Nadia de Wit | Q33: Tessa Dubbeld | R33: Wouter Koornneef
K34: Laura Mol | N34: Syrah de Wit
B36: {=_xlfn._xlws.FILTER(Staf!$C:$C,Staf!$B:$B='Teams-deelversie'!B26,"")} | E36: {=_xlfn._xlws.FILTER(Staf!$C:$C,Staf!$B:$B='Teams-deelversie'!E26,"")} | H36: {=_xlfn._xlws.FILTER(Staf!$C:$C,Staf!$B:$B='Teams-deelversie'!H26,"")} -> Begeleider | I36: {=_xlfn._xlws.FILTER(Staf!$A:$A,Staf!$B:$B='Teams-deelversie'!H26,"")} -> Kim Ardon | K36: {=_xlfn._xlws.FILTER(Staf!$C:$C,Staf!$B:$B='Teams-deelversie'!K26,"")} -> Trainer/Coach | L36: {=_xlfn._xlws.FILTER(Staf!$A:$A,Staf!$B:$B='Teams-deelversie'!K26,"")} -> Vacature | N36: {=_xlfn._xlws.FILTER(Staf!$C:$C,Staf!$B:$B='Teams-deelversie'!N26,"")} -> Trainer/Coach | O36: {=_xlfn._xlws.FILTER(Staf!$A:$A,Staf!$B:$B='Teams-deelversie'!N26,"")} -> Vacature | Q36: {=_xlfn._xlws.FILTER(Staf!$C:$C,Staf!$B:$B='Teams-deelversie'!Q26,"")} -> Trainer/Coach | R36: {=_xlfn._xlws.FILTER(Staf!$A:$A,Staf!$B:$B='Teams-deelversie'!Q26,"")} -> Monique Kooper | T36: {=_xlfn._xlws.FILTER(Staf!$C:$C,Staf!$B:$B='Teams-deelversie'!T26,"")} | U36: {=_xlfn._xlws.FILTER(Staf!$A:$A,Staf!$B:$B='Teams-deelversie'!T26,"")} | AA36: {=_xlfn._xlws.FILTER(Staf!$C:$C,Staf!$B:$B='Teams-deelversie'!AA26,"")}
K37: Trainer/Coach | L37: Vacature
A39: A-Junioren | B39: A1 | E39: A2 | H39: A3 | K39: A4 | N39: A5
B40: Dames | C40: Heren | E40: Dames | F40: Heren | H40: Dames | I40: Heren | K40: Dames | L40: Heren | N40: Dames | O40: Heren
B41: {=_xlfn._xlws.FILTER(Spelerslijst!$B:$B,Spelerslijst!$G:$G=B$39,"")} | C41: {=_xlfn._xlws.FILTER(Spelerslijst!$L:$L,Spelerslijst!$Q:$Q=B$39,"")} | E41: {=_xlfn._xlws.FILTER(Spelerslijst!$B:$B,Spelerslijst!$G:$G=E$39,"")} | F41: {=_xlfn._xlws.FILTER(Spelerslijst!$L:$L,Spelerslijst!$Q:$Q=E$39,"")} | H41: {=_xlfn._xlws.FILTER(Spelerslijst!$B:$B,Spelerslijst!$G:$G=H$39,"")} -> Julia Bozuwa | I41: {=_xlfn._xlws.FILTER(Spelerslijst!$L:$L,Spelerslijst!$Q:$Q=H$39,"")} -> Casper Boshoven | K41: {=_xlfn._xlws.FILTER(Spelerslijst!$B:$B,Spelerslijst!$G:$G=K$39,"")} | L41: {=_xlfn._xlws.FILTER(Spelerslijst!$L:$L,Spelerslijst!$Q:$Q=K$39,"")} | N41: {=_xlfn._xlws.FILTER(Spelerslijst!$B:$B,Spelerslijst!$G:$G=N$39,"")} | O41: {=_xlfn._xlws.FILTER(Spelerslijst!$L:$L,Spelerslijst!$Q:$Q=N$39,"")}
H42: Lianne Bouwknegt | I42: Matthijs de Jongh
H43: Robin Zwanenburg | I43: Menno Pille
H44: Tessa van Everdingen | I44: Raoul Kuijper
H45: Vivienne Versnel | I45: Tommie Koornneef
H46: Zoë Kamerman
B50: {=_xlfn._xlws.FILTER(Staf!$C:$C,Staf!$B:$B='Teams-deelversie'!B39,"")} | E50: {=_xlfn._xlws.FILTER(Staf!$C:$C,Staf!$B:$B='Teams-deelversie'!E39,"")} | H50: {=_xlfn._xlws.FILTER(Staf!$C:$C,Staf!$B:$B='Teams-deelversie'!H39,"")} -> Trainer/Coach | I50: {=_xlfn._xlws.FILTER(Staf!$A:$A,Staf!$B:$B='Teams-deelversie'!H39,"")} -> David Kuijper | K50: {=_xlfn._xlws.FILTER(Staf!$C:$C,Staf!$B:$B='Teams-deelversie'!K39,"")} | N50: {=_xlfn._xlws.FILTER(Staf!$C:$C,Staf!$B:$B='Teams-deelversie'!N39,"")}
H51: Trainer/Coach | I51: Ruben Dubbeld
A54: B-Aspiranten | B54: B1 | E54: B2 | H54: B3 | K54: B4 | N54: B5
B55: Dames | C55: Heren | E55: Dames | F55: Heren | H55: Dames | I55: Heren | K55: Dames | L55: Heren | N55: Dames | O55: Heren
B56: {=_xlfn._xlws.FILTER(Spelerslijst!$B:$B,Spelerslijst!$G:$G=B$54,"")} | C56: {=_xlfn._xlws.FILTER(Spelerslijst!$L:$L,Spelerslijst!$Q:$Q=B$54,"")} | E56: {=_xlfn._xlws.FILTER(Spelerslijst!$B:$B,Spelerslijst!$G:$G=E$54,"")} | F56: {=_xlfn._xlws.FILTER(Spelerslijst!$L:$L,Spelerslijst!$Q:$Q=E$54,"")} | H56: {=_xlfn._xlws.FILTER(Spelerslijst!$B:$B,Spelerslijst!$G:$G=H$54,"")} -> Danique van der Wiel | I56: {=_xlfn._xlws.FILTER(Spelerslijst!$L:$L,Spelerslijst!$Q:$Q=H$54,"")} -> Joaz Post | K56: {=_xlfn._xlws.FILTER(Spelerslijst!$B:$B,Spelerslijst!$G:$G=K$54,"")} -> Eline Veenendaal | L56: {=_xlfn._xlws.FILTER(Spelerslijst!$L:$L,Spelerslijst!$Q:$Q=K$54,"")} -> Djess van Heeren | N56: {=_xlfn._xlws.FILTER(Spelerslijst!$B:$B,Spelerslijst!$G:$G=#REF!,"")} -> #REF! | O56: {=_xlfn._xlws.FILTER(Spelerslijst!$L:$L,Spelerslijst!$Q:$Q=#REF!,"")} -> #REF!
H57: Enora Bouwknegt | I57: Justin Vos | K57: Evie Groen | L57: Jurre van der Linden
H58: Femke Bakker | I58: Stephan Quarre | K58: Manon Barbaroux | L58: Parham Afsharbegloe
H59: Madelief van Dongen | K59: Noortje Vercouteren
H60: Marit van den Bergh | K60: Pippa Jongkind
H61: Nikki Baas | K61: Sanne Peters
B63: {=_xlfn._xlws.FILTER(Staf!$C:$C,Staf!$B:$B='Teams-deelversie'!B54,"")} | E63: {=_xlfn._xlws.FILTER(Staf!$C:$C,Staf!$B:$B='Teams-deelversie'!E54,"")} | H63: {=_xlfn._xlws.FILTER(Staf!$C:$C,Staf!$B:$B='Teams-deelversie'!H54,"")} -> Trainer/Coach | I63: {=_xlfn._xlws.FILTER(Staf!$A:$A,Staf!$B:$B='Teams-deelversie'!H54,"")} -> Martijn van der Wiel | K63: {=_xlfn._xlws.FILTER(Staf!$C:$C,Staf!$B:$B='Teams-deelversie'!K54,"")} -> Trainer/Coach | L63: {=_xlfn._xlws.FILTER(Staf!$A:$A,Staf!$B:$B='Teams-deelversie'!K54,"")} -> Laura Mol | N63: {=_xlfn._xlws.FILTER(Staf!$C:$C,Staf!$B:$B='Teams-deelversie'!N54,"")}
H64: Trainer/Coach | I64: Vacature | K64: Trainer/Coach | L64: Maud van Wensen
K65: Teambegeleider | L65: Nog in te vullen
A67: C-Aspiranten | B67: C1 | E67: C2 | H67: C3 | K67: C4 | N67: C5
B68: Dames | C68: Heren | E68: Dames | F68: Heren | H68: Dames | I68: Heren | K68: Dames | L68: Heren | N68: Dames | O68: Heren
B69: {=_xlfn._xlws.FILTER(Spelerslijst!$B:$B,Spelerslijst!$G:$G=B$67,"")} -> Esmée de Boer | C69: {=_xlfn._xlws.FILTER(Spelerslijst!$L:$L,Spelerslijst!$Q:$Q=B$67,"")} -> Freek Laban | E69: {=_xlfn._xlws.FILTER(Spelerslijst!$B:$B,Spelerslijst!$G:$G=E$67,"")} -> Anouk Bakker | F69: {=_xlfn._xlws.FILTER(Spelerslijst!$L:$L,Spelerslijst!$Q:$Q=E$67,"")} -> Joep van Ameijden | H69: {=_xlfn._xlws.FILTER(Spelerslijst!$B:$B,Spelerslijst!$G:$G=H$67,"")} -> Anne-Sophie Lotgerink | I69: {=_xlfn._xlws.FILTER(Spelerslijst!$L:$L,Spelerslijst!$Q:$Q=H$67,"")} -> Daan vd Weijde | K69: {=_xlfn._xlws.FILTER(Spelerslijst!$B:$B,Spelerslijst!$G:$G=K$67,"")} | L69: {=_xlfn._xlws.FILTER(Spelerslijst!$L:$L,Spelerslijst!$Q:$Q=K$67,"")} | N69: {=_xlfn._xlws.FILTER(Spelerslijst!$B:$B,Spelerslijst!$G:$G=N$67,"")} | O69: {=_xlfn._xlws.FILTER(Spelerslijst!$L:$L,Spelerslijst!$Q:$Q=N$67,"")}
B70: Eva van Rooij | C70: Lenn Belder | E70: Eva Bezemer | F70: Juda Vos | H70: Feline Littooij | I70: Finn de Haseth
B71: Olivia de Waard | C71: Sander Heerspring | E71: Famke Nijman | F71: Matthijs de Reus | H71: Jenna Ehmila | I71: Levi Molendijk
B72: Saar Camphens | C72: Tiemen den Dekker | E72: Fenna van Rijswijk | F72: Thijs Vos | H72: Kayleigh Gerritsen | I72: Mika Kerschkamp
B73: Tess Volker | E73: Laura Exalto | F73: Xavi Jacobs | H73: Lisanne Naeije
E74: Sanne van Driel | H74: Milou Markusse
B77: {=_xlfn._xlws.FILTER(Staf!$C:$C,Staf!$B:$B='Teams-deelversie'!B67,"")} -> Trainer/Coach | C77: {=_xlfn._xlws.FILTER(Staf!$A:$A,Staf!$B:$B='Teams-deelversie'!B67,"")} -> Antjan Laban | E77: {=_xlfn._xlws.FILTER(Staf!$C:$C,Staf!$B:$B='Teams-deelversie'!E67,"")} -> Trainer/Coach | F77: {=_xlfn._xlws.FILTER(Staf!$A:$A,Staf!$B:$B='Teams-deelversie'!E67,"")} -> Kimberley Witman | H77: {=_xlfn._xlws.FILTER(Staf!$C:$C,Staf!$B:$B='Teams-deelversie'!H67,"")} -> Trainer/Coach | I77: {=_xlfn._xlws.FILTER(Staf!$A:$A,Staf!$B:$B='Teams-deelversie'!H67,"")} -> Nadia de Wit | K77: {=_xlfn._xlws.FILTER(Staf!$C:$C,Staf!$B:$B='Teams-deelversie'!K67,"")} | N77: {=_xlfn._xlws.FILTER(Staf!$C:$C,Staf!$B:$B='Teams-deelversie'!N67,"")}
B78: Trainer/Coach | C78: Milou Oppe | E78: Trainer/Coach | F78: Robert Koster | H78: Trainer/Coach | I78: Syrah de Wit
E79: Trainer/Coach | F79: Senne Koster | H79: Assistent-trainer | I79: Vacature
A81: D-Pupillen | B81: D1 | E81: D2 | H81: D3 | K81: D4 | N81: D5
B82: Dames | C82: Heren | E82: Dames | F82: Heren | H82: Dames | I82: Heren | K82: Dames | L82: Heren | N82: Dames | O82: Heren
B83: {=_xlfn._xlws.FILTER(Spelerslijst!$B:$B,Spelerslijst!$G:$G=B$81,"")} -> Davina Moniz | C83: {=_xlfn._xlws.FILTER(Spelerslijst!$L:$L,Spelerslijst!$Q:$Q=B$81,"")} -> Abel van de Ven | E83: {=_xlfn._xlws.FILTER(Spelerslijst!$B:$B,Spelerslijst!$G:$G=E$81,"")} -> Esther Oosse | F83: {=_xlfn._xlws.FILTER(Spelerslijst!$L:$L,Spelerslijst!$Q:$Q=E$81,"")} -> Cas Uljee | H83: {=_xlfn._xlws.FILTER(Spelerslijst!$B:$B,Spelerslijst!$G:$G=H$81,"")} -> Ize van der Linden | I83: {=_xlfn._xlws.FILTER(Spelerslijst!$L:$L,Spelerslijst!$Q:$Q=H$81,"")} -> Ayden van den Bosch | K83: {=_xlfn._xlws.FILTER(Spelerslijst!$B:$B,Spelerslijst!$G:$G=K$81,"")} -> Benthe van Dijl | L83: {=_xlfn._xlws.FILTER(Spelerslijst!$L:$L,Spelerslijst!$Q:$Q=K$81,"")} -> Collin Koppelaar | N83: {=_xlfn._xlws.FILTER(Spelerslijst!$B:$B,Spelerslijst!$G:$G=N$81,"")} | O83: {=_xlfn._xlws.FILTER(Spelerslijst!$L:$L,Spelerslijst!$Q:$Q=N$81,"")}
B84: Evi Kleingeld | C84: Falco Bemer | E84: Jolijn van den Bergh | F84: Fynn Kuling | H84: Jeslynn Vos | I84: Jorn den Dekker | K84: Elske Niehof | L84: Joep Jongkind
B85: Fay Tims | C85: Nathan Verberkt | E85: Lenthe van den Boogaart | F85: Lars Winter | H85: Pien van Dongen | I85: Levi Everaarts | K85: Emma Schot | L85: Lukas van der Weijde
B86: Imke van Geldrop | C86: Tygo Bemer | E86: Lisa Exalto | F86: Martijn Veenendaal | H86: Sanae el Arbiati | I86: Lucas van de Rest | K86: Nurefsan Kombe | L86: Mayson Josefina
B87: Layla de Boer | E87: Noor Brouwer | F87: Tobias Hoedelmans | I87: Morris van Ameijden | L87: Ralf Dijkstra
B88: Yara van der Wiel | E88: Tess Uljee | L88: Sepp Jongkind
B91: {=_xlfn._xlws.FILTER(Staf!$C:$C,Staf!$B:$B='Teams-deelversie'!B81,"")} -> Trainer/Coach | C91: {=_xlfn._xlws.FILTER(Staf!$A:$A,Staf!$B:$B='Teams-deelversie'!B81,"")} -> Marcel St. Nicolaas | E91: {=_xlfn._xlws.FILTER(Staf!$C:$C,Staf!$B:$B='Teams-deelversie'!E81,"")} -> Trainer/Coach | F91: {=_xlfn._xlws.FILTER(Staf!$A:$A,Staf!$B:$B='Teams-deelversie'!E81,"")} -> Marlies Valk | H91: {=_xlfn._xlws.FILTER(Staf!$C:$C,Staf!$B:$B='Teams-deelversie'!H81,"")} -> Trainer/Coach | I91: {=_xlfn._xlws.FILTER(Staf!$A:$A,Staf!$B:$B='Teams-deelversie'!H81,"")} -> Anouk de Jongh | K91: {=_xlfn._xlws.FILTER(Staf!$C:$C,Staf!$B:$B='Teams-deelversie'!K81,"")} -> Trainer/Coach | L91: {=_xlfn._xlws.FILTER(Staf!$A:$A,Staf!$B:$B='Teams-deelversie'!K81,"")} -> Vacature | N91: {=_xlfn._xlws.FILTER(Staf!$C:$C,Staf!$B:$B='Teams-deelversie'!N81,"")}
B92: Trainer/Coach | C92: Tom van de Ven | E92: Trainer/Coach | F92: Sara Boshoven | H92: Trainer/Coach | I92: Sjoerd van Ameijden | K92: Trainer/Coach | L92: Vacature
B93: Assistent-trainer | C93: Alex de Boer
A95: E-pupillen | B95: E1 | E95: E2 | H95: E3 | K95: E4 | N95: E5 | Q95: E6 | T95: E7
B96: Dames | C96: Heren | E96: Dames | F96: Heren | H96: Dames | I96: Heren | K96: Dames | L96: Heren | N96: Dames | O96: Heren | Q96: Dames | R96: Heren | T96: Dames | W96: Heren
B97: {=_xlfn._xlws.FILTER(Spelerslijst!$B:$B,Spelerslijst!$G:$G=B$95,"")} -> Maartje Laban | C97: {=_xlfn._xlws.FILTER(Spelerslijst!$L:$L,Spelerslijst!$Q:$Q=B$95,"")} -> Koen Ploeg | E97: {=_xlfn._xlws.FILTER(Spelerslijst!$B:$B,Spelerslijst!$G:$G=E$95,"")} -> Aniek van den Bergh | F97: {=_xlfn._xlws.FILTER(Spelerslijst!$L:$L,Spelerslijst!$Q:$Q=E$95,"")} -> Gideon Verberkt | H97: {=_xlfn._xlws.FILTER(Spelerslijst!$B:$B,Spelerslijst!$G:$G=H$95,"")} -> Imme Bouman | I97: {=_xlfn._xlws.FILTER(Spelerslijst!$L:$L,Spelerslijst!$Q:$Q=H$95,"")} -> Tom van der Stel | K97: {=_xlfn._xlws.FILTER(Spelerslijst!$B:$B,Spelerslijst!$G:$G=K$95,"")} -> Jaylinn Ottevanger | L97: {=_xlfn._xlws.FILTER(Spelerslijst!$L:$L,Spelerslijst!$Q:$Q=K$95,"")} -> Lucien Mol | N97: {=_xlfn._xlws.FILTER(Spelerslijst!$B:$B,Spelerslijst!$G:$G=N$95,"")} | O97: {=_xlfn._xlws.FILTER(Spelerslijst!$L:$L,Spelerslijst!$Q:$Q=N$95,"")} | Q97: {=_xlfn._xlws.FILTER(Spelerslijst!$B:$B,Spelerslijst!$G:$G=Q$95,"")} | R97: {=_xlfn._xlws.FILTER(Spelerslijst!$L:$L,Spelerslijst!$Q:$Q=Q$95,"")} | T97: {=_xlfn._xlws.FILTER(Spelerslijst!$B:$B,Spelerslijst!$G:$G=T$95,"")} | U97: {=_xlfn._xlws.FILTER(Spelerslijst!$H:$H,Spelerslijst!$G:$G=T$95,"")} | V97: {=_xlfn._xlws.FILTER(Spelerslijst!$D:$D,Spelerslijst!$G:$G=T$95,"")} | W97: {=_xlfn._xlws.FILTER(Spelerslijst!$L:$L,Spelerslijst!$Q:$Q=T$95,"")} | X97: {=_xlfn._xlws.FILTER(Spelerslijst!$R:$R,Spelerslijst!$Q:$Q=T$95,"")} | Y97: {=_xlfn._xlws.FILTER(Spelerslijst!$N:$N,Spelerslijst!$Q:$Q=T$95,"")}
B98: Robin Mans | C98: Rens Boekee | E98: Julia van Twist | F98: Timo van der Sijde | H98: Karlijn Bakker | K98: Julia Baas
B99: Sofie Kleingeld | E99: Nehir Torbali | H99: Suze Maaskant | K99: Nesrin Kombe
H100: Tess Rebollo | K100: Vive Jacobs
K101: Wies van den Berg
B103: {=_xlfn._xlws.FILTER(Staf!$C:$C,Staf!$B:$B='Teams-deelversie'!B95,"")} -> Trainer/Coach | C103: {=_xlfn._xlws.FILTER(Staf!$A:$A,Staf!$B:$B='Teams-deelversie'!B95,"")} -> Liesbeth Wibbens | E103: {=_xlfn._xlws.FILTER(Staf!$C:$C,Staf!$B:$B='Teams-deelversie'!E95,"")} -> Trainer/Coach | F103: {=_xlfn._xlws.FILTER(Staf!$A:$A,Staf!$B:$B='Teams-deelversie'!E95,"")} -> Ilonka Bouwknegt | H103: {=_xlfn._xlws.FILTER(Staf!$C:$C,Staf!$B:$B='Teams-deelversie'!H95,"")} -> Trainer/Coach | I103: {=_xlfn._xlws.FILTER(Staf!$A:$A,Staf!$B:$B='Teams-deelversie'!H95,"")} -> Matthijs de Jongh | K103: {=_xlfn._xlws.FILTER(Staf!$C:$C,Staf!$B:$B='Teams-deelversie'!K95,"")} -> Trainer/Coach | L103: {=_xlfn._xlws.FILTER(Staf!$A:$A,Staf!$B:$B=Teams!W103,"")} -> Jet van Trooijen | N103: {=_xlfn._xlws.FILTER(Staf!$C:$C,Staf!$B:$B='Teams-deelversie'!N95,"")} | Q103: {=_xlfn._xlws.FILTER(Staf!$C:$C,Staf!$B:$B='Teams-deelversie'!Q95,"")} | T103: {=_xlfn._xlws.FILTER(Staf!$C:$C,Staf!$B:$B='Teams-deelversie'!T95,"")} | U103: {=_xlfn._xlws.FILTER(Staf!$A:$A,Staf!$B:$B='Teams-deelversie'!T95,"")}
B104: Trainer/Coach | C104: Monique te Witt | H104: Trainer/Coach | I104: Viviënne Versnel | K104: Trainer/Coach | L104: Kimberly Jacobs
B105: Ondersteuning E-trainers | C105: Gertjan Ploeg | H105: Trainer/Coach | I105: Tessa van Everdingen
H106: Ondersteuning | I106: Lieke Bakker
A107: F-Pupillen | B107: F1 | E107: F2 | H107: F3 | K107: F4 | N107: F5
B108: Dames | C108: Heren | E108: Dames | F108: Heren | H108: Dames | I108: Heren | K108: Dames | L108: Heren | N108: Dames | O108: Heren
B109: {=_xlfn._xlws.FILTER(Spelerslijst!$B:$B,Spelerslijst!$G:$G=B$107,"")} -> Alisa Stomp | C109: {=_xlfn._xlws.FILTER(Spelerslijst!$L:$L,Spelerslijst!$Q:$Q=B$107,"")} -> Amos Alberts | E109: {=_xlfn._xlws.FILTER(Spelerslijst!$B:$B,Spelerslijst!$G:$G=E$107,"")} -> Livia van de Burgt | F109: {=_xlfn._xlws.FILTER(Spelerslijst!$L:$L,Spelerslijst!$Q:$Q=E$107,"")} -> Elroy van Wingerden | H109: {=_xlfn._xlws.FILTER(Spelerslijst!$B:$B,Spelerslijst!$G:$G=H$107,"")} | I109: {=_xlfn._xlws.FILTER(Spelerslijst!$L:$L,Spelerslijst!$Q:$Q=H$107,"")} | K109: {=_xlfn._xlws.FILTER(Spelerslijst!$B:$B,Spelerslijst!$G:$G=K$107,"")} | L109: {=_xlfn._xlws.FILTER(Spelerslijst!$L:$L,Spelerslijst!$Q:$Q=K$107,"")} | N109: {=_xlfn._xlws.FILTER(Spelerslijst!$B:$B,Spelerslijst!$G:$G=N$107,"")} | O109: {=_xlfn._xlws.FILTER(Spelerslijst!$L:$L,Spelerslijst!$Q:$Q=N$107,"")}
B110: Lara Mans | C110: Luuk Ploeg | E110: Mayvin Nawar | F110: Finn Ploeg
C111: Sepp de Jong | E111: Sanna de Lange | F111: Ruben Verberkt
E112: Tess Rombouts | F112: Stepan Polumysni
B115: {=_xlfn._xlws.FILTER(Staf!$C:$C,Staf!$B:$B='Teams-deelversie'!B107,"")} -> Hoofd trainer/coach F | C115: {=_xlfn._xlws.FILTER(Staf!$A:$A,Staf!$B:$B=Teams!B115,"")} -> Lianne Stomp - vd Burgt | E115: {=_xlfn._xlws.FILTER(Staf!$C:$C,Staf!$B:$B='Teams-deelversie'!E107,"")} -> Hoofd trainer/coach F | F115: {=_xlfn._xlws.FILTER(Staf!$A:$A,Staf!$B:$B=Teams!I115,"")} -> Lianne Stomp - vd Burgt | H115: {=_xlfn._xlws.FILTER(Staf!$C:$C,Staf!$B:$B='Teams-deelversie'!H107,"")} | K115: {=_xlfn._xlws.FILTER(Staf!$C:$C,Staf!$B:$B='Teams-deelversie'!K107,"")} | N115: {=_xlfn._xlws.FILTER(Staf!$C:$C,Staf!$B:$B='Teams-deelversie'!N107,"")}
B116: Trainer/Coach | C116: Seth vd Burgt | E116: Trainer/Coach | F116: Noa Stomp
B117: Trainer/Coach | C117: Sophie Kilsdonk | E117: Teambegeleider | F117: Irene Ploeg
A120: Kangoeroes | B120: K
B121: Dames | C121: Heren
B122: {=_xlfn._xlws.FILTER(Spelerslijst!$B:$B,Spelerslijst!$G:$G=B$120,"")} -> Floor van de Merwe | C122: {=_xlfn._xlws.FILTER(Spelerslijst!$L:$L,Spelerslijst!$Q:$Q=B$120,"")} -> Branley van Wingerden
C123: Olle Bezemer
B130: {=_xlfn._xlws.FILTER(Staf!$C:$C,Staf!$B:$B='Teams-deelversie'!B120,"")}

Sheet Stoppers
A1: Rel.nr | B1: Naam & Initialen) | C1: Roepnaam | D1: Leeftijd Peildatum | E1: Geb datum | F1: Team op Peildatum | G1: Team 20-21 | I1: Rel.nr | J1: Naam & Initialen) | K1: Roepnaam | L1: Leeftijd Peildatum | M1: Geb datum | N1: Team op Peildatum | O1: Team 20-21
A2: {=_xlfn._xlws.FILTER(Spelerslijst!A:A,Spelerslijst!$G:$G="Stopt","")} -> NKS24S7 | B2: {=_xlfn._xlws.FILTER(Spelerslijst!B:B,Spelerslijst!$G:$G="Stopt","")} -> Bente van Wijngaarden | C2: {=_xlfn._xlws.FILTER(Spelerslijst!C:C,Spelerslijst!$G:$G="Stopt","")} -> Bente | D2: {=_xlfn._xlws.FILTER(Spelerslijst!D:D,Spelerslijst!$G:$G="Stopt","")} -> 18 | E2: {=_xlfn._xlws.FILTER(Spelerslijst!E:E,Spelerslijst!$G:$G="Stopt","")} -> 38928 | F2: {=_xlfn._xlws.FILTER(Spelerslijst!F:F,Spelerslijst!$G:$G="Stopt","")} -> A | G2: {=_xlfn._xlws.FILTER(Spelerslijst!G:G,Spelerslijst!$G:$G="Stopt","")} -> Stopt | I2: {=_xlfn._xlws.FILTER(Spelerslijst!K:K,Spelerslijst!$Q:$Q="Stopt","")} -> NFW26G8 | J2: {=_xlfn._xlws.FILTER(Spelerslijst!L:L,Spelerslijst!$Q:$Q="Stopt","")} -> Arjan Noels | K2: {=_xlfn._xlws.FILTER(Spelerslijst!M:M,Spelerslijst!$Q:$Q="Stopt","")} -> Arjan | L2: {=_xlfn._xlws.FILTER(Spelerslijst!N:N,Spelerslijst!$Q:$Q="Stopt","")} -> 44 | M2: {=_xlfn._xlws.FILTER(Spelerslijst!O:O,Spelerslijst!$Q:$Q="Stopt","")} -> 29523 | N2: {=_xlfn._xlws.FILTER(Spelerslijst!P:P,Spelerslijst!$Q:$Q="Stopt","")} -> S | O2: {=_xlfn._xlws.FILTER(Spelerslijst!Q:Q,Spelerslijst!$Q:$Q="Stopt","")} -> Stopt
A3: NKR88F7 | B3: Bridget ter Horst | C3: Bridget | D3: 21 | E3: 37771 | F3: S | G3: Stopt | I3: NMV76G1 | J3: Art Malschaert | K3: Art | L3: 7 | M3: 42955 | N3: F | O3: Stopt
A4: NML00R5 | B4: Bryanna Bos | C4: Bryanna | D4: 14 | E4: 40373 | F4: B | G4: Stopt | I4: NFS90V6 | J4: Bart de Wit | K4: Bart | L4: 45 | M4: 29031 | N4: S | O4: Stopt
A5: NJC15T9 | B5: Diana Visser-Michelsen | C5: Diana | D5: 32 | E5: 33777 | F5: S | G5: Stopt | I5: NMQ44L0 | J5: Cas Tieleman | K5: Cas | L5: 20 | M5: 38220 | N5: S | O5: Stopt
A6: NMR70L4 | B6: Diede van den Boogaart | C6: Diede | D6: 6 | E6: 43409 | F6: F | G6: Stopt | I6: NMX21V8 | J6: Ciprian Minzararu | K6: Ciprian | L6: 8 | M6: 42507 | N6: E | O6: Stopt
A7: NMX01Q3 | B7: Elize Bohms | C7: Elize | D7: 12 | E7: 41223 | F7: C | G7: Stopt | I7: NFW26Q8 | J7: Egbert Vos | K7: Egbert | L7: 43 | M7: 29725 | N7: S | O7: Stopt
A8: NMQ57Y5 | B8: Feliz Lanser | C8: Feliz | D8: 9 | E8: 42333 | F8: E | G8: Stopt | I8: NMG03C4 | J8: Finn Verboom | K8: Finn | L8: 12 | M8: 40974 | N8: C | O8: Stopt
A9: NLL19T4 | B9: Mila de Wit | C9: Mila | D9: 17 | E9: 39433 | F9: A | G9: Stopt | I9: NJB54T5 | J9: Jaimy van Arkel | K9: Jaimy | L9: 27 | M9: 35451 | N9: S | O9: Stopt
A10: NMT10Q1 | B10: Mirjam de Wit | C10: Mirjam | D10: 44 | E10: 29257 | F10: S | G10: Stopt | I10: NFW14Y3 | J10: Jan-Peter Verwaal | K10: Jan-Peter | L10: 55 | M10: 25273 | N10: S | O10: Stopt
A11: NJK27R4 | B11: Sanne van Andel | C11: Sanne | D11: 36 | E11: 32143 | F11: S | G11: Stopt | I11: NML47R6 | J11: Maarten Rutten | K11: Maarten | L11: 14 | M11: 40227 | N11: B | O11: Stopt
A12: NKL40B9 | B12: Vera Klootwijk | C12: Vera | D12: 22 | E12: 37410 | F12: S | G12: Stopt | I12: NMJ57G2 | J12: Merlijn de Wit | K12: Merlijn | L12: 10 | M12: 41801 | N12: D | O12: Stopt
I13: NFZ85W0 | J13: Peter Batenburg | K13: Peter | L13: 42 | M13: 30083 | N13: S | O13: Stopt
I14: NJH51W3 | J14: Peter Berendsen | K14: Peter | L14: 27 | M14: 35488 | N14: S | O14: Stopt
I15: NFW13G4 | J15: Sebastiaan Belder | K15: Sebastiaan | L15: 44 | M15: 29221 | N15: S | O15: Stopt
I16: NGT16K5 | J16: Stefan Naaktgeboren | K16: Stefan | L16: 33 | M16: 33241 | N16: S | O16: Stopt
I17: NMS76D7 | J17: Vince van der Hoeven | K17: Vince | L17: 12 | M17: 41263 | N17: C | O17: Stopt

Sheet vraagtekens
A1: Rel.nr | B1: Naam & Initialen) | C1: Roepnaam | D1: Leeftijd Peildatum | E1: Geb datum | F1: Team op Peildatum | G1: Team 20-21 | I1: Rel.nr | J1: Naam & Initialen) | K1: Roepnaam | L1: Leeftijd Peildatum | M1: Geb datum | N1: Team op Peildatum | O1: Team 20-21
A2: {=_xlfn._xlws.FILTER(Spelerslijst!A:A,Spelerslijst!$G:$G="?","")} -> NMW65S8 | B2: {=_xlfn._xlws.FILTER(Spelerslijst!B:B,Spelerslijst!$G:$G="?","")} -> Annelieke Smouter | C2: {=_xlfn._xlws.FILTER(Spelerslijst!C:C,Spelerslijst!$G:$G="?","")} -> Annelieke | D2: {=_xlfn._xlws.FILTER(Spelerslijst!D:D,Spelerslijst!$G:$G="?","")} -> 25 | E2: {=_xlfn._xlws.FILTER(Spelerslijst!E:E,Spelerslijst!$G:$G="?","")} -> 36522 | F2: {=_xlfn._xlws.FILTER(Spelerslijst!F:F,Spelerslijst!$G:$G="?","")} -> S | G2: {=_xlfn._xlws.FILTER(Spelerslijst!G:G,Spelerslijst!$G:$G="?","")} -> ? | I2: {=_xlfn._xlws.FILTER(Spelerslijst!K:K,Spelerslijst!$Q:$Q="?","")} | J2: {=_xlfn._xlws.FILTER(Spelerslijst!L:L,Spelerslijst!$Q:$Q="?","")} | K2: {=_xlfn._xlws.FILTER(Spelerslijst!M:M,Spelerslijst!$Q:$Q="?","")} | L2: {=_xlfn._xlws.FILTER(Spelerslijst!N:N,Spelerslijst!$Q:$Q="?","")} | M2: {=_xlfn._xlws.FILTER(Spelerslijst!O:O,Spelerslijst!$Q:$Q="?","")} | N2: {=_xlfn._xlws.FILTER(Spelerslijst!P:P,Spelerslijst!$Q:$Q="?","")} | O2: {=_xlfn._xlws.FILTER(Spelerslijst!Q:Q,Spelerslijst!$Q:$Q="?","")}
A3: NKX20W8 | B3: Flore Steenks | C3: Flore | D3: 20 | E3: 38263 | F3: S | G3: ?
A4: NGG54V3 | B4: Hanneke Batenburg | C4: Hanneke | D4: 37 | E4: 32050 | F4: S | G4: ?
A5: NJC72L4 | B5: Nada Hussein | C5: Nada | D5: 34 | E5: 32945 | F5: S | G5: ?
A6: NJQ72J4 | B6: Simone van Zwoll | C6: Simone | D6: 30 | E6: 34635 | F6: S | G6: ?

Sheet check bond 160124
A1: Check V | B1: Check M | C1: Check | D1: Relatiecode | E1: Volledige naam (2) | F1: Roepnaam | G1: Geboortedatum | H1: Lidmaatschapcode | I1: Status | J1: Geslacht
A2: =_xlfn.IFNA(VLOOKUP(D2,Spelerslijst!A:B,1,FALSE),FALSE) -> FALSE | B2: =_xlfn.IFNA(VLOOKUP(D2,Spelerslijst!K:L,1,FALSE),FALSE) -> NFS90V6 | C2: =IF(AND(A2=FALSE,B2=FALSE),"Onbekend","") | D2: NFS90V6 | E2: Bart de Wit | F2: Bart | G2: 29031 | H2: 200 | I2: definitief | J2: M
A3: =_xlfn.IFNA(VLOOKUP(D3,Spelerslijst!A:B,1,FALSE),FALSE) -> FALSE | B3: =_xlfn.IFNA(VLOOKUP(D3,Spelerslijst!K:L,1,FALSE),FALSE) -> NFV13V8 | C3: =IF(AND(A3=FALSE,B3=FALSE),"Onbekend","") | D3: NFV13V8 | E3: Ronald Riet | F3: Ronald | G3: 30397 | H3: 203 | I3: definitief | J3: M
A4: =_xlfn.IFNA(VLOOKUP(D4,Spelerslijst!A:B,1,FALSE),FALSE) -> FALSE | B4: =_xlfn.IFNA(VLOOKUP(D4,Spelerslijst!K:L,1,FALSE),FALSE) -> NFW13Y0 | C4: =IF(AND(A4=FALSE,B4=FALSE),"Onbekend","") | D4: NFW13Y0 | E4: Marco van Kalkeren | F4: Marco | G4: 25227 | H4: 203 | I4: definitief | J4: M
A5: =_xlfn.IFNA(VLOOKUP(D5,Spelerslijst!A:B,1,FALSE),FALSE) -> FALSE | B5: =_xlfn.IFNA(VLOOKUP(D5,Spelerslijst!K:L,1,FALSE),FALSE) -> NFW14Y3 | C5: =IF(AND(A5=FALSE,B5=FALSE),"Onbekend","") | D5: NFW14Y3 | E5: Jan-Peter Verwaal | F5: Jan-Peter | G5: 25273 | H5: 202 | I5: definitief | J5: M
A6: =_xlfn.IFNA(VLOOKUP(D6,Spelerslijst!A:B,1,FALSE),FALSE) -> FALSE | B6: =_xlfn.IFNA(VLOOKUP(D6,Spelerslijst!K:L,1,FALSE),FALSE) -> NFW15F3 | C6: =IF(AND(A6=FALSE,B6=FALSE),"Onbekend","") | D6: NFW15F3 | E6: Johan van der Wall | F6: Johan | G6: 24003 | H6: 202 | I6: definitief | J6: M
A7: =_xlfn.IFNA(VLOOKUP(D7,Spelerslijst!A:B,1,FALSE),FALSE) -> NFW15S4 | B7: =_xlfn.IFNA(VLOOKUP(D7,Spelerslijst!K:L,1,FALSE),FALSE) -> FALSE | C7: =IF(AND(A7=FALSE,B7=FALSE),"Onbekend","") | D7: NFW15S4 | E7: Debita Moerman | F7: Debita | G7: 28329 | H7: 202 | I7: definitief | J7: V
A8: =_xlfn.IFNA(VLOOKUP(D8,Spelerslijst!A:B,1,FALSE),FALSE) -> FALSE | B8: =_xlfn.IFNA(VLOOKUP(D8,Spelerslijst!K:L,1,FALSE),FALSE) -> NFW26G8 | C8: =IF(AND(A8=FALSE,B8=FALSE),"Onbekend","") | D8: NFW26G8 | E8: Arjan Noels | F8: Arjan | G8: 29523 | H8: 200 | I8: definitief | J8: M
A9: =_xlfn.IFNA(VLOOKUP(D9,Spelerslijst!A:B,1,FALSE),FALSE) -> FALSE | B9: =_xlfn.IFNA(VLOOKUP(D9,Spelerslijst!K:L,1,FALSE),FALSE) -> NFW26Q8 | C9: =IF(AND(A9=FALSE,B9=FALSE),"Onbekend","") | D9: NFW26Q8 | E9: Egbert Vos | F9: Egbert | G9: 29725 | H9: 200 | I9: definitief | J9: M
A10: =_xlfn.IFNA(VLOOKUP(D10,Spelerslijst!A:B,1,FALSE),FALSE) -> NFW26V3 | B10: =_xlfn.IFNA(VLOOKUP(D10,Spelerslijst!K:L,1,FALSE),FALSE) -> FALSE | C10: =IF(AND(A10=FALSE,B10=FALSE),"Onbekend","") | D10: NFW26V3 | E10: Lisette van den Assem | F10: Lisette | G10: 30573 | H10: 202 | I10: definitief | J10: V
A11: =_xlfn.IFNA(VLOOKUP(D11,Spelerslijst!A:B,1,FALSE),FALSE) -> NFW28D3 | B11: =_xlfn.IFNA(VLOOKUP(D11,Spelerslijst!K:L,1,FALSE),FALSE) -> FALSE | C11: =IF(AND(A11=FALSE,B11=FALSE),"Onbekend","") | D11: NFW28D3 | E11: Dorien in 't Veld | F11: Dorien | G11: 31086 | H11: 203 | I11: definitief | J11: V
A12: =_xlfn.IFNA(VLOOKUP(D12,Spelerslijst!A:B,1,FALSE),FALSE) -> FALSE | B12: =_xlfn.IFNA(VLOOKUP(D12,Spelerslijst!K:L,1,FALSE),FALSE) -> NFW28T5 | C12: =IF(AND(A12=FALSE,B12=FALSE),"Onbekend","") | D12: NFW28T5 | E12: Jasper Kleingeld | F12: Jasper | G12: 31083 | H12: 202 | I12: definitief | J12: M
A13: =_xlfn.IFNA(VLOOKUP(D13,Spelerslijst!A:B,1,FALSE),FALSE) -> NFW41S7 | B13: =_xlfn.IFNA(VLOOKUP(D13,Spelerslijst!K:L,1,FALSE),FALSE) -> FALSE | C13: =IF(AND(A13=FALSE,B13=FALSE),"Onbekend","") | D13: NFW41S7 | E13: Barbara Camphens-Moerman | F13: Barbara | G13: 29885 | H13: 202 | I13: definitief | J13: V
... A283: =_xlfn.IFNA(VLOOKUP(D283,Spelerslijst!A:B,1,FALSE),FALSE) -> FALSE | B283: =_xlfn.IFNA(VLOOKUP(D283,Spelerslijst!K:L,1,FALSE),FALSE) -> NMY03L5 | C283: =IF(AND(A283=FALSE,B283=FALSE),"Onbekend","") | D283: NMY03L5 | E283: Ted Bezemer | F283: Ted | G283: 45182 | H283: 240 | I283: definitief | J283: M

Sheet leden
A1: Relatiecode | B1: Volledige naam (2) | C1: Roepnaam | D1: Geboortedatum | E1: Lidmaatschapcode | F1: Status | G1: Geslacht
A2: NLZ21F1 | B2: Abel van de Ven | C2: Abel | D2: 41668 | E2: 230 | F2: definitief | G2: M
A3: NMV61M3 | B3: Alisa Stomp | C3: Alisa | D3: 42919 | E3: 230 | F3: definitief | G3: V
A4: NLB70T7 | B4: Amber Boeije | C4: Amber | D4: 38480 | E4: 210 | F4: definitief | G4: V
A5: NLH27P1 | B5: Amber de Haas | C5: Amber | D5: 39114 | E5: 210 | F5: definitief | G5: V
A6: NMV71X5 | B6: Amos Alberts | C6: Amos | D6: 42901 | E6: 230 | F6: definitief | G6: M
A7: NLB70X5 | B7: Angela Friebel | C7: Angela | D7: 37541 | E7: 200 | F7: definitief | G7: V
A8: NMS40B0 | B8: Aniek van den Bergh | C8: Aniek | D8: 42308 | E8: 230 | F8: definitief | G8: V
A9: NKD19X7 | B9: Anne Driesprong | C9: Anne | D9: 36727 | E9: 202 | F9: definitief | G9: V
A10: NMW65S8 | B10: Annelieke Smouter | C10: Annelieke | D10: 36522 | E10: 200 | F10: definitief | G10: V
A11: NMW83F1 | B11: Anne-Sophie Lotgerink | C11: Anne-Sophie | D11: 40912 | E11: 230 | F11: definitief | G11: V
A12: NKJ29C1 | B12: Anniek Pierse | C12: Anniek | D12: 37324 | E12: 200 | F12: definitief | G12: V
A13: NLZ39C9 | B13: Anouk Bakker | C13: Anouk | D13: 41214 | E13: 230 | F13: definitief | G13: V
... A283: NLX08G7 | B283: Zoë Kamerman | C283: Zoë | D283: 40015 | E283: 220 | F283: definitief | G283: V

Sheet PEIL
A1: Pijltabel | B1: 24/25
A2: Jaartal | B2: Leeftijd | C2: Categorie
A3: 2023 | B3: 1 | C3: K
A4: 2022 | B4: 2 | C4: K
A5: 2021 | B5: 3 | C5: K
A6: 2020 | B6: 4 | C6: K
A7: 2019 | B7: 5 | C7: K
A8: 2018 | B8: 6 | C8: F
A9: 2017 | B9: 7 | C9: F
A10: 2016 | B10: 8 | C10: E
A11: 2015 | B11: 9 | C11: E
A12: 2014 | B12: 10 | C12: D
A13: 2013 | B13: 11 | C13: D
A14: 2012 | B14: 12 | C14: C
... A76: 1950 | B76: 74 | C76: S
