Workbook

Sheet Teams
A2: Selecties | B2: S1S2 | G2: =AVERAGE(D4:D21,G4:G21) -> 23.681818 | I2: S5S6 | N2: =AVERAGE(K4:K21,N4:N21) -> 21.117647 | P2: A1A2 | U2: =AVERAGE(R4:R21,U4:U21) -> #DIV/0! | W2: B1B2 | AB2: =AVERAGE(Y4:Y21,AB4:AB21) -> #DIV/0!
B3: =CONCATENATE("Dames (",COUNTA(C4:C16),")") -> Dames (11) | E3: =CONCATENATE("Heren (",COUNTA(F4:F16),")") -> Heren (11) | I3: =CONCATENATE("Dames (",COUNTA(J4:J16),")") -> Dames (8) | L3: =CONCATENATE("Heren (",COUNTA(M4:M16),")") -> Heren (9) | P3: =CONCATENATE("Dames (",COUNTA(Q4:Q16),")") -> Dames (1) | S3: =CONCATENATE("Heren (",COUNTA(T4:T16),")") -> Heren (1) | W3: =CONCATENATE("Dames (",COUNTA(X4:X16),")") -> Dames (1) | Z3: =CONCATENATE("Heren (",COUNTA(AA4:AA16),")") -> Heren (1)
B4: {=_xlfn._xlws.FILTER(Spelerslijst!$B:$B,Spelerslijst!$G:$G=B$2,"")} -> Bridget ter Horst | C4: {=_xlfn._xlws.FILTER(Spelerslijst!$H:$H,Spelerslijst!$G:$G=B$2,"")} -> S5 | D4: {=_xlfn._xlws.FILTER(Spelerslijst!$D:$D,Spelerslijst!$G:$G=B$2,"")} -> 20 | E4: {=_xlfn._xlws.FILTER(Spelerslijst!$L:$L,Spelerslijst!$Q:$Q=B$2,"")} -> Bart Driesprong | F4: {=_xlfn._xlws.FILTER(Spelerslijst!$R:$R,Spelerslijst!$Q:$Q=B$2,"")} -> S1 | G4: {=_xlfn._xlws.FILTER(Spelerslijst!$N:$N,Spelerslijst!$Q:$Q=B$2,"")} -> 25 | I4: {=_xlfn._xlws.FILTER(Spelerslijst!$B:$B,Spelerslijst!$G:$G=I$2,"")} -> Angela Friebel | J4: {=_xlfn._xlws.FILTER(Spelerslijst!$H:$H,Spelerslijst!$G:$G=I$2,"")} -> S6 | K4: {=_xlfn._xlws.FILTER(Spelerslijst!$D:$D,Spelerslijst!$G:$G=I$2,"")} -> 21 | L4: {=_xlfn._xlws.FILTER(Spelerslijst!$L:$L,Spelerslijst!$Q:$Q=I$2,"")} -> Cas Tieleman | M4: {=_xlfn._xlws.FILTER(Spelerslijst!$R:$R,Spelerslijst!$Q:$Q=I$2,"")} -> S6 | N4: {=_xlfn._xlws.FILTER(Spelerslijst!$N:$N,Spelerslijst!$Q:$Q=I$2,"")} -> 19 | P4: {=_xlfn._xlws.FILTER(Spelerslijst!$B:$B,Spelerslijst!$G:$G=P$2,"")} | Q4: {=_xlfn._xlws.FILTER(Spelerslijst!$H:$H,Spelerslijst!$G:$G=P$2,"")} | R4: {=_xlfn._xlws.FILTER(Spelerslijst!$D:$D,Spelerslijst!$G:$G=P$2,"")} | S4: {=_xlfn._xlws.FILTER(Spelerslijst!$L:$L,Spelerslijst!$Q:$Q=P$2,"")} | T4: {=_xlfn._xlws.FILTER(Spelerslijst!$R:$R,Spelerslijst!$Q:$Q=P$2,"")} | U4: {=_xlfn._xlws.FILTER(Spelerslijst!$N:$N,Spelerslijst!$Q:$Q=P$2,"")} | W4: {=_xlfn._xlws.FILTER(Spelerslijst!$B:$B,Spelerslijst!$G:$G=W$2,"")} | X4: {=_xlfn._xlws.FILTER(Spelerslijst!$H:$H,Spelerslijst!$G:$G=W$2,"")} | Y4: {=_xlfn._xlws.FILTER(Spelerslijst!$D:$D,Spelerslijst!$G:$G=W$2,"")} | Z4: {=_xlfn._xlws.FILTER(Spelerslijst!$L:$L,Spelerslijst!$Q:$Q=W$2,"")} | AA4: {=_xlfn._xlws.FILTER(Spelerslijst!$R:$R,Spelerslijst!$Q:$Q=W$2,"")} | AB4: {=_xlfn._xlws.FILTER(Spelerslijst!$N:$N,Spelerslijst!$Q:$Q=W$2,"")}
B5: Demi van Dijk | C5: S2 | D5: 22 | E5: Bob Mans | F5: S2 | G5: 27 | I5: Carlijn Lievaart | J5: A2 | K5: 19 | L5: Ché Kooper | M5: S7 | N5: 21
B6: Djuna Seevinck | C6: S1 | D6: 22 | E6: Daniel den Uijl | F6: S5 | G6: 20 | I6: Jany Lacroes | J6: S5 | K6: 25 | L6: David Kuijper | M6: S6 | N6: 20
B7: Eva Teerds | C7: S2 | D7: 21 | E7: Jaimy van Arkel | F7: * | G7: 23 | I7: Jennifer Herremans | J7: S6 | K7: 20 | L7: Jens de Vlaming | M7: S6 | N7: 20
B8: Kim Dommisse | C8: S5 | D8: 22 | E8: Joeri van Dijk | F8: S2 | G8: 25 | I8: Kimberley Witman | J8: S6 | K8: 19 | L8: Luuk Baars | M8: S5 | N8: 22
B9: Loïs Fernhout | C9: S5 | D9: 20 | E9: Jordan Timmer | F9: A1 | G9: 19 | I9: Lara Schram | J9: S5 | K9: 23 | L9: Quinten van Driel | M9: S5 | N9: 23
B10: Milou Oppe | C10: S2 | D10: 21 | E10: Marijn Klink | F10: S1 | G10: 26 | I10: Sanne Dubbeld | J10: S6 | K10: 21 | L10: Ruben Dubbeld | M10: S6 | N10: 23
B11: Renske Visser | C11: S2 | D11: 25 | E11: Olivier Klink | F11: AR | G11: 25 | I11: Tessa Dubbeld | J11: S6 | K11: 23 | L11: Thijs Boon | M11: S6 | N11: 20
B12: Robin Dommisse | C12: S2 | D12: 25 | E12: Robin van Kalkeren | F12: S1 | G12: 27 | L12: Tijmen Fasbender | M12: S5 | N12: 20
B13: Vera Klootwijk | C13: * | D13: 23 | E13: Stefan Naaktgeboren | F13: S2 | G13: 32
B14: Xanne Klink | C14: S1 | D14: 28 | E14: Tim van Gent | F14: S2 | G14: 23
B17: {=_xlfn._xlws.FILTER(Staf!$C:$C,Staf!$B:$B=Teams!B2,"")} -> Analist S1 | C17: {=_xlfn._xlws.FILTER(Staf!$A:$A,Staf!$B:$B=Teams!B2,"")} -> Joris van den Neucker | I17: {=_xlfn._xlws.FILTER(Staf!$C:$C,Staf!$B:$B=Teams!I2,"")} -> Trainer/Coach S5 | J17: {=_xlfn._xlws.FILTER(Staf!$A:$A,Staf!$B:$B=Teams!I2,"")} -> Robin Dommisse | P17: {=_xlfn._xlws.FILTER(Staf!$C:$C,Staf!$B:$B=Teams!P2,"")} -> Trainer/Coach A1 | Q17: {=_xlfn._xlws.FILTER(Staf!$A:$A,Staf!$B:$B=Teams!P2,"")} -> Rob van Dongen | W17: {=_xlfn._xlws.FILTER(Staf!$C:$C,Staf!$B:$B=Teams!W2,"")} | X17: {=_xlfn._xlws.FILTER(Staf!$A:$A,Staf!$B:$B=Teams!W2,"")}
B18: Teambegeleider S1 | C18: Dionne Broere
B19: Teambegeleider S2 | C19: Sandra Kerklaan
B20: Fysio | C20: Ruben Kamerbeek
B21: Verzorger | C21: Theo Anrochte
B22: Coach S2 | C22: Arthyn Muller
B23: Coach S2 | C23: Jeroen de Kruif
B24: Coach S1 | C24: Bo van Hoof
A26: Senioren | B26: S1 | G26: =AVERAGE(D28:D37,G28:G37) -> #DIV/0! | I26: S2 | N26: =AVERAGE(K28:K37,N28:N37) -> #DIV/0! | P26: S3 | U26: =AVERAGE(R28:R37,U28:U37) -> 31.5 | W26: S4 | AB26: =AVERAGE(Y28:Y37,AB28:AB37) -> 38.6 | AD26: S5 | AI26: =AVERAGE(AF28:AF37,AI28:AI37) -> #DIV/0! | AK26: S6 | AP26: =AVERAGE(AM28:AM37,AP28:AP37) -> #DIV/0! | AR26: S7 | AW26: =AVERAGE(AT28:AT37,AW28:AW37) -> 21.75 | AY26: MW1 | BD26: =AVERAGE(BA28:BA37,BD28:BD37) -> 39
B27: =CONCATENATE("Dames (",COUNTA(C28:C35),")") -> Dames (1) | E27: =CONCATENATE("Heren (",COUNTA(F28:F35),")") -> Heren (1) | I27: =CONCATENATE("Dames (",COUNTA(J28:J35),")") -> Dames (1) | L27: =CONCATENATE("Heren (",COUNTA(M28:M35),")") -> Heren (1) | P27: =CONCATENATE("Dames (",COUNTA(Q28:Q35),")") -> Dames (7) | S27: =CONCATENATE("Heren (",COUNTA(T28:T35),")") -> Heren (5) | W27: =CONCATENATE("Dames (",COUNTA(X28:X35),")") -> Dames (5) | Z27: =CONCATENATE("Heren (",COUNTA(AA28:AA35),")") -> Heren (5) | AD27: =CONCATENATE("Dames (",COUNTA(AE28:AE35),")") -> Dames (1) | AG27: =CONCATENATE("Heren (",COUNTA(AH28:AH35),")") -> Heren (1) | AK27: =CONCATENATE("Dames (",COUNTA(AL28:AL35),")") -> Dames (1) | AN27: =CONCATENATE("Heren (",COUNTA(AO28:AO35),")") -> Heren (1) | AR27: =CONCATENATE("Dames (",COUNTA(AS28:AS35),")") -> Dames (5) | AU27: =CONCATENATE("Heren (",COUNTA(AV28:AV35),")") -> Heren (3) | AY27: =CONCATENATE("Dames (",COUNTA(AZ28:AZ35),")") -> Dames (7) | BB27: =CONCATENATE("Heren (",COUNTA(BC28:BC35),")") -> Heren (6)
B28: {=_xlfn._xlws.FILTER(Spelerslijst!$B:$B,Spelerslijst!$G:$G=B$26,"")} | C28: {=_xlfn._xlws.FILTER(Spelerslijst!$H:$H,Spelerslijst!$G:$G=B$26,"")} | D28: {=_xlfn._xlws.FILTER(Spelerslijst!$D:$D,Spelerslijst!$G:$G=B$26,"")} | E28: {=_xlfn._xlws.FILTER(Spelerslijst!$L:$L,Spelerslijst!$Q:$Q=B$26,"")} | F28: {=_xlfn._xlws.FILTER(Spelerslijst!$R:$R,Spelerslijst!$Q:$Q=B$26,"")} | G28: {=_xlfn._xlws.FILTER(Spelerslijst!$N:$N,Spelerslijst!$Q:$Q=B$26,"")} | I28: {=_xlfn._xlws.FILTER(Spelerslijst!$B:$B,Spelerslijst!$G:$G=I$26,"")} | J28: {=_xlfn._xlws.FILTER(Spelerslijst!$H:$H,Spelerslijst!$G:$G=I$26,"")} | K28: {=_xlfn._xlws.FILTER(Spelerslijst!$D:$D,Spelerslijst!$G:$G=I$26,"")} | L28: {=_xlfn._xlws.FILTER(Spelerslijst!$L:$L,Spelerslijst!$Q:$Q=I$26,"")} | M28: {=_xlfn._xlws.FILTER(Spelerslijst!$R:$R,Spelerslijst!$Q:$Q=I$26,"")} | N28: {=_xlfn._xlws.FILTER(Spelerslijst!$N:$N,Spelerslijst!$Q:$Q=I$26,"")} | P28: {=_xlfn._xlws.FILTER(Spelerslijst!$B:$B,Spelerslijst!$G:$G=P$26,"")} -> Esther Ardon | Q28: {=_xlfn._xlws.FILTER(Spelerslijst!$H:$H,Spelerslijst!$G:$G=P$26,"")} -> S3 | R28: {=_xlfn._xlws.FILTER(Spelerslijst!$D:$D,Spelerslijst!$G:$G=P$26,"")} -> 27 | S28: {=_xlfn._xlws.FILTER(Spelerslijst!$L:$L,Spelerslijst!$Q:$Q=P$26,"")} -> Emiel Houwerzijl | T28: {=_xlfn._xlws.FILTER(Spelerslijst!$R:$R,Spelerslijst!$Q:$Q=P$26,"")} -> S3 | U28: {=_xlfn._xlws.FILTER(Spelerslijst!$N:$N,Spelerslijst!$Q:$Q=P$26,"")} -> 29 | W28: {=_xlfn._xlws.FILTER(Spelerslijst!$B:$B,Spelerslijst!$G:$G=W$26,"")} -> Barbara Camphens-Moerman | X28: {=_xlfn._xlws.FILTER(Spelerslijst!$H:$H,Spelerslijst!$G:$G=W$26,"")} -> MW1 | Y28: {=_xlfn._xlws.FILTER(Spelerslijst!$D:$D,Spelerslijst!$G:$G=W$26,"")} -> 42 | Z28: {=_xlfn._xlws.FILTER(Spelerslijst!$L:$L,Spelerslijst!$Q:$Q=W$26,"")} -> Antjan Laban | AA28: {=_xlfn._xlws.FILTER(Spelerslijst!$R:$R,Spelerslijst!$Q:$Q=W$26,"")} -> S4 | AB28: {=_xlfn._xlws.FILTER(Spelerslijst!$N:$N,Spelerslijst!$Q:$Q=W$26,"")} -> 43 | AD28: {=_xlfn._xlws.FILTER(Spelerslijst!$B:$B,Spelerslijst!$G:$G=AD$26,"")} | AE28: {=_xlfn._xlws.FILTER(Spelerslijst!$H:$H,Spelerslijst!$G:$G=AD$26,"")} | AF28: {=_xlfn._xlws.FILTER(Spelerslijst!$D:$D,Spelerslijst!$G:$G=AD$26,"")} | AG28: {=_xlfn._xlws.FILTER(Spelerslijst!$L:$L,Spelerslijst!$Q:$Q=AD$26,"")} | AH28: {=_xlfn._xlws.FILTER(Spelerslijst!$R:$R,Spelerslijst!$Q:$Q=AD$26,"")} | AI28: {=_xlfn._xlws.FILTER(Spelerslijst!$N:$N,Spelerslijst!$Q:$Q=AD$26,"")} | AK28: {=_xlfn._xlws.FILTER(Spelerslijst!$B:$B,Spelerslijst!$G:$G=AK$26,"")} | AL28: {=_xlfn._xlws.FILTER(Spelerslijst!$H:$H,Spelerslijst!$G:$G=AK$26,"")} | AM28: {=_xlfn._xlws.FILTER(Spelerslijst!$D:$D,Spelerslijst!$G:$G=AK$26,"")} | AN28: {=_xlfn._xlws.FILTER(Spelerslijst!$L:$L,Spelerslijst!$Q:$Q=AK$26,"")} | AO28: {=_xlfn._xlws.FILTER(Spelerslijst!$R:$R,Spelerslijst!$Q:$Q=AK$26,"")} | AP28: {=_xlfn._xlws.FILTER(Spelerslijst!$N:$N,Spelerslijst!$Q:$Q=AK$26,"")} | AR28: {=_xlfn._xlws.FILTER(Spelerslijst!$B:$B,Spelerslijst!$G:$G=AR$26,"")} -> Anniek Pierse | AS28: {=_xlfn._xlws.FILTER(Spelerslijst!$H:$H,Spelerslijst!$G:$G=AR$26,"")} -> S7 | AT28: {=_xlfn._xlws.FILTER(Spelerslijst!$D:$D,Spelerslijst!$G:$G=AR$26,"")} -> 21 | AU28: {=_xlfn._xlws.FILTER(Spelerslijst!$L:$L,Spelerslijst!$Q:$Q=AR$26,"")} -> Joram Flach | AV28: {=_xlfn._xlws.FILTER(Spelerslijst!$R:$R,Spelerslijst!$Q:$Q=AR$26,"")} -> S7 | AW28: {=_xlfn._xlws.FILTER(Spelerslijst!$N:$N,Spelerslijst!$Q:$Q=AR$26,"")} -> 24 | AY28: {=_xlfn._xlws.FILTER(Spelerslijst!$B:$B,Spelerslijst!$G:$G=AY$26,"")} -> Dorien in 't Veld | AZ28: {=_xlfn._xlws.FILTER(Spelerslijst!$H:$H,Spelerslijst!$G:$G=AY$26,"")} -> MW1 | BA28: {=_xlfn._xlws.FILTER(Spelerslijst!$D:$D,Spelerslijst!$G:$G=AY$26,"")} -> 38 | BB28: {=_xlfn._xlws.FILTER(Spelerslijst!$L:$L,Spelerslijst!$Q:$Q=AY$26,"")} -> Hans Ploeg | BC28: {=_xlfn._xlws.FILTER(Spelerslijst!$R:$R,Spelerslijst!$Q:$Q=AY$26,"")} -> * | BD28: {=_xlfn._xlws.FILTER(Spelerslijst!$N:$N,Spelerslijst!$Q:$Q=AY$26,"")} -> 38
P29: Hanneke Batenburg | Q29: S3 | R29: 36 | S29: Jan Booy | T29: S3 | U29: 33 | W29: Diana Visser-Michelsen | X29: S4 | Y29: 31 | Z29: Arjan Noels | AA29: S4 | AB29: 43 | AR29: Laura Koote | AS29: S7 | AT29: 21 | AU29: Mark Schindler | AV29: S7 | AW29: 24 | AY29: Kim Heesterbeek | AZ29: * | BA29: 36 | BB29: Michiel 't Jong | BC29: MW1 | BD29: 42
P30: Linda Ardon | Q30: S3 | R30: 31 | S30: Lex van Gent | T30: S1 | U30: 28 | W30: Esther Wibbens | X30: S4 | Y30: 31 | Z30: Bart de Wit | AA30: S4 | AB30: 44 | AR30: Marlies Valk | AS30: S7 | AT30: 20 | AU30: Rick van de Wijgaart | AV30: S7 | AW30: 20 | AY30: Kim Scheurwater | AZ30: * | BA30: 35 | BB30: Peter Batenburg | BC30: * | BD30: 41
P31: Merel van Gurp | Q31: S3 | R31: 31 | S31: Roy de Vlaming | T31: S3 | U31: 39 | W31: Lieke Ploeg | X31: S4 | Y31: 37 | Z31: Bas de Jong | AA31: S4 | AB31: 33 | AR31: Nadia de Wit | AS31: S7 | AT31: 22 | AY31: Liesbeth Brand | AZ31: * | BA31: 33 | BB31: Ronald Riet | BC31: MW1 | BD31: 40
P32: Nada Hussein | Q32: S3 | R32: 33 | S32: Thomas Isarin | T32: S3 | U32: 35 | W32: Petra Verheijde | X32: S4 | Y32: 49 | Z32: Steven Kuperus | AA32: S4 | AB32: 33 | AR32: Syrah de Wit | AS32: S7 | AT32: 22 | AY32: Mirjam de Wit | AZ32: MW1 | BA32: 43 | BB32: Sebastiaan Belder | BC32: * | BD32: 43
P33: Robin Leijdsman | Q33: S3 | R33: 27 | AY33: Sanne van Andel | AZ33: * | BA33: 35 | BB33: Wilco Kooij | BC33: MW1 | BD33: 48
P34: Simone van Zwoll | Q34: S3 | R34: 29 | AY34: Tamara van Opstal-Haksteen | AZ34: MW1 | BA34: 35
B36: {=_xlfn._xlws.FILTER(Staf!$C:$C,Staf!$B:$B=Teams!B26,"")} | C36: {=_xlfn._xlws.FILTER(Staf!$A:$A,Staf!$B:$B=Teams!B26,"")} | I36: {=_xlfn._xlws.FILTER(Staf!$C:$C,Staf!$B:$B=Teams!I26,"")} | J36: {=_xlfn._xlws.FILTER(Staf!$A:$A,Staf!$B:$B=Teams!I26,"")} | P36: {=_xlfn._xlws.FILTER(Staf!$C:$C,Staf!$B:$B=Teams!P26,"")} -> Begeleider | Q36: {=_xlfn._xlws.FILTER(Staf!$A:$A,Staf!$B:$B=Teams!P26,"")} -> Kim Ardon | W36: {=_xlfn._xlws.FILTER(Staf!$C:$C,Staf!$B:$B=Teams!W26,"")} -> Thuiscoach | X36: {=_xlfn._xlws.FILTER(Staf!$A:$A,Staf!$B:$B=Teams!W26,"")} -> Marco van Kalkeren | AD36: {=_xlfn._xlws.FILTER(Staf!$C:$C,Staf!$B:$B=Teams!AD26,"")} | AE36: {=_xlfn._xlws.FILTER(Staf!$A:$A,Staf!$B:$B=Teams!AD26,"")} | AK36: {=_xlfn._xlws.FILTER(Staf!$C:$C,Staf!$B:$B=Teams!AK26,"")} | AL36: {=_xlfn._xlws.FILTER(Staf!$A:$A,Staf!$B:$B=Teams!AK26,"")} | AR36: {=_xlfn._xlws.FILTER(Staf!$C:$C,Staf!$B:$B=Teams!AR26,"")} | AS36: {=_xlfn._xlws.FILTER(Staf!$A:$A,Staf!$B:$B=Teams!AR26,"")} | AY36: {=_xlfn._xlws.FILTER(Staf!$C:$C,Staf!$B:$B=Teams!AY26,"")} | AZ36: {=_xlfn._xlws.FILTER(Staf!$A:$A,Staf!$B:$B=Teams!AY26,"")}
A40: A-Junioren | B40: A1 | G40: =AVERAGE(D42:D52,G42:G52) -> 16.9 | I40: A2 | N40: =AVERAGE(K42:K52,N42:N52) -> 17.3 | P40: A3 | U40: =AVERAGE(R42:R52,U42:U52) -> 15.454545 | W40: A4 | AB40: =AVERAGE(Y42:Y52,AB42:AB52) -> #DIV/0! | AD40: A5 | AI40: =AVERAGE(AF42:AF52,AI42:AI52) -> #DIV/0!
B41: =CONCATENATE("Dames (",COUNTA(C42:C50),")") -> Dames (5) | E41: =CONCATENATE("Heren (",COUNTA(F42:F50),")") -> Heren (5) | I41: =CONCATENATE("Dames (",COUNTA(J42:J50),")") -> Dames (5) | L41: =CONCATENATE("Heren (",COUNTA(M42:M50),")") -> Heren (5) | P41: =CONCATENATE("Dames (",COUNTA(Q42:Q50),")") -> Dames (7) | S41: =CONCATENATE("Heren (",COUNTA(T42:T50),")") -> Heren (4) | W41: =CONCATENATE("Dames (",COUNTA(X42:X50),")") -> Dames (1) | Z41: =CONCATENATE("Heren (",COUNTA(AA42:AA50),")") -> Heren (1) | AD41: =CONCATENATE("Dames (",COUNTA(AE42:AE50),")") -> Dames (1) | AG41: =CONCATENATE("Heren (",COUNTA(AH42:AH50),")") -> Heren (1)
B42: {=_xlfn._xlws.FILTER(Spelerslijst!$B:$B,Spelerslijst!$G:$G=B$40,"")} -> Amber de Haas | C42: {=_xlfn._xlws.FILTER(Spelerslijst!$H:$H,Spelerslijst!$G:$G=B$40,"")} -> B1 | D42: {=_xlfn._xlws.FILTER(Spelerslijst!$D:$D,Spelerslijst!$G:$G=B$40,"")} -> 16 | E42: {=_xlfn._xlws.FILTER(Spelerslijst!$L:$L,Spelerslijst!$Q:$Q=B$40,"")} -> Jack Zwanenburg | F42: {=_xlfn._xlws.FILTER(Spelerslijst!$R:$R,Spelerslijst!$Q:$Q=B$40,"")} -> B1 | G42: {=_xlfn._xlws.FILTER(Spelerslijst!$N:$N,Spelerslijst!$Q:$Q=B$40,"")} -> 16 | I42: {=_xlfn._xlws.FILTER(Spelerslijst!$B:$B,Spelerslijst!$G:$G=I$40,"")} -> Anouk de Jongh | J42: {=_xlfn._xlws.FILTER(Spelerslijst!$H:$H,Spelerslijst!$G:$G=I$40,"")} -> A2 | K42: {=_xlfn._xlws.FILTER(Spelerslijst!$D:$D,Spelerslijst!$G:$G=I$40,"")} -> 18 | L42: {=_xlfn._xlws.FILTER(Spelerslijst!$L:$L,Spelerslijst!$Q:$Q=I$40,"")} -> Freek van Dongen | M42: {=_xlfn._xlws.FILTER(Spelerslijst!$R:$R,Spelerslijst!$Q:$Q=I$40,"")} -> B2 | N42: {=_xlfn._xlws.FILTER(Spelerslijst!$N:$N,Spelerslijst!$Q:$Q=I$40,"")} -> 16 | P42: {=_xlfn._xlws.FILTER(Spelerslijst!$B:$B,Spelerslijst!$G:$G=P$40,"")} -> Amber Boeije | Q42: {=_xlfn._xlws.FILTER(Spelerslijst!$H:$H,Spelerslijst!$G:$G=P$40,"")} -> A3 | R42: {=_xlfn._xlws.FILTER(Spelerslijst!$D:$D,Spelerslijst!$G:$G=P$40,"")} -> 18 | S42: {=_xlfn._xlws.FILTER(Spelerslijst!$L:$L,Spelerslijst!$Q:$Q=P$40,"")} -> Laurens Verhagen | T42: {=_xlfn._xlws.FILTER(Spelerslijst!$R:$R,Spelerslijst!$Q:$Q=P$40,"")} -> A3 | U42: {=_xlfn._xlws.FILTER(Spelerslijst!$N:$N,Spelerslijst!$Q:$Q=P$40,"")} -> 19 | W42: {=_xlfn._xlws.FILTER(Spelerslijst!$B:$B,Spelerslijst!$G:$G=W$40,"")} | X42: {=_xlfn._xlws.FILTER(Spelerslijst!$H:$H,Spelerslijst!$G:$G=W$40,"")} | Y42: {=_xlfn._xlws.FILTER(Spelerslijst!$D:$D,Spelerslijst!$G:$G=W$40,"")} | Z42: {=_xlfn._xlws.FILTER(Spelerslijst!$L:$L,Spelerslijst!$Q:$Q=W$40,"")} | AA42: {=_xlfn._xlws.FILTER(Spelerslijst!$R:$R,Spelerslijst!$Q:$Q=W$40,"")} | AB42: {=_xlfn._xlws.FILTER(Spelerslijst!$N:$N,Spelerslijst!$Q:$Q=W$40,"")} | AD42: {=_xlfn._xlws.FILTER(Spelerslijst!$B:$B,Spelerslijst!$G:$G=AD$40,"")} | AE42: {=_xlfn._xlws.FILTER(Spelerslijst!$H:$H,Spelerslijst!$G:$G=AD$40,"")} | AF42: {=_xlfn._xlws.FILTER(Spelerslijst!$D:$D,Spelerslijst!$G:$G=AD$40,"")} | AG42: {=_xlfn._xlws.FILTER(Spelerslijst!$L:$L,Spelerslijst!$Q:$Q=AD$40,"")} | AH42: {=_xlfn._xlws.FILTER(Spelerslijst!$R:$R,Spelerslijst!$Q:$Q=AD$40,"")} | AI42: {=_xlfn._xlws.FILTER(Spelerslijst!$N:$N,Spelerslijst!$Q:$Q=AD$40,"")}
B43: Iza Wolleswinkel | C43: B1 | D43: 16 | E43: Jarno Valk | F43: B1 | G43: 16 | I43: Elena Quarré | J43: A2 | K43: 18 | L43: Joël Wietses | M43: A2 | N43: 18 | P43: Bente van Wijngaarden | Q43: A3 | R43: 17 | S43: Matthijs de Jongh | T43: B4 | U43: 16
B44: Merel Manduapessy | C44: B1 | D44: 16 | E44: Jens Lohuis | F44: A1 | G44: 18 | I44: Lindi Fasbender | J44: A2 | K44: 18 | L44: Seth van de Burgt | M44: B2 | N44: 17 | P44: Flore Steenks | Q44: A3 | R44: 19 | S44: Menno Pille | T44: B4 | U44: 16
B45: Roos Groeneweg | C45: A1 | D45: 18 | E45: Jordi Vaartmans | F45: B1 | G45: 17 | I45: Maud van Wensen | J45: A1 | K45: 18 | L45: Tijn Bäcker | M45: B1 | N45: 16 | P45: Julia Bozuwa | Q45: A3 | R45: 16 | S45: Tommie Koornneef | T45: B4 | U45: 16
B46: Sara Boshoven | C46: A1 | D46: 18 | E46: Senne Koster | F46: A1 | G46: 18 | I46: Mila de Wit | J46: B2 | K46: 16 | L46: Wouter Koornneef | M46: A2 | N46: 18 | P46: Lianne Bouwknegt | Q46: A3 | R46: 16
P47: Tessa van Everdingen | Q47: A3 | R47: 17
P48: Vivienne Versnel | Q48: * | R48: 0
B51: {=_xlfn._xlws.FILTER(Staf!$C:$C,Staf!$B:$B=Teams!B40,"")} -> Trainer/Coach A1 | C51: {=_xlfn._xlws.FILTER(Staf!$A:$A,Staf!$B:$B=Teams!B40,"")} -> Ruben Blokland | I51: {=_xlfn._xlws.FILTER(Staf!$C:$C,Staf!$B:$B=Teams!I40,"")} -> Trainer/Coach A2 | J51: {=_xlfn._xlws.FILTER(Staf!$A:$A,Staf!$B:$B=Teams!I40,"")} -> Tim van Gent | P51: {=_xlfn._xlws.FILTER(Staf!$C:$C,Staf!$B:$B=Teams!P40,"")} -> Trainer/Coach | Q51: {=_xlfn._xlws.FILTER(Staf!$A:$A,Staf!$B:$B=Teams!P40,"")} -> Team 6 | W51: {=_xlfn._xlws.FILTER(Staf!$C:$C,Staf!$B:$B=Teams!W40,"")} | X51: {=_xlfn._xlws.FILTER(Staf!$A:$A,Staf!$B:$B=Teams!W40,"")} | AD51: {=_xlfn._xlws.FILTER(Staf!$C:$C,Staf!$B:$B=Teams!AD40,"")} | AE51: {=_xlfn._xlws.FILTER(Staf!$A:$A,Staf!$B:$B=Teams!AD40,"")}
B52: Trainer/Coach A1 | C52: Rob van Dongen | I52: Trainer/Coach A2 | J52: Olivier Klink | P52: 0 | Q52: o.a. Kimberley Witman & Angela Friebel
P53: 0 | Q53: o.a. Ruben Dubbeld & David Kuijper
A55: B-Aspiranten | B55: B1 | G55: =AVERAGE(D57:D66,G57:G66) -> 14.857143 | I55: B2 | N55: =AVERAGE(K57:K66,N57:N66) -> 14.636364 | P55: B3 | U55: =AVERAGE(R57:R66,U57:U66) -> 14 | W55: B4 | AB55: =AVERAGE(Y57:Y66,AB57:AB66) -> #DIV/0! | AD55: B5 | AH55: B5 | AI55: =AVERAGE(AF57:AF66,AI57:AI66) -> #DIV/0!
B56: =CONCATENATE("Dames (",COUNTA(C57:C64),")") -> Dames (4) | E56: =CONCATENATE("Heren (",COUNTA(F57:F64),")") -> Heren (3) | I56: =CONCATENATE("Dames (",COUNTA(J57:J64),")") -> Dames (5) | L56: =CONCATENATE("Heren (",COUNTA(M57:M64),")") -> Heren (6) | P56: =CONCATENATE("Dames (",COUNTA(Q57:Q64),")") -> Dames (5) | S56: =CONCATENATE("Heren (",COUNTA(T57:T64),")") -> Heren (5) | W56: =CONCATENATE("Dames (",COUNTA(X57:X64),")") -> Dames (1) | Z56: =CONCATENATE("Heren (",COUNTA(AA57:AA64),")") -> Heren (1) | AD56: =CONCATENATE("Dames (",COUNTA(AE57:AE64),")") -> Dames (1) | AG56: =CONCATENATE("Heren (",COUNTA(AH57:AH64),")") -> Heren (1)
B57: {=_xlfn._xlws.FILTER(Spelerslijst!$B:$B,Spelerslijst!$G:$G=B$55,"")} -> Carmen van der Klooster | C57: {=_xlfn._xlws.FILTER(Spelerslijst!$H:$H,Spelerslijst!$G:$G=B$55,"")} -> B1 | D57: {=_xlfn._xlws.FILTER(Spelerslijst!$D:$D,Spelerslijst!$G:$G=B$55,"")} -> 15 | E57: {=_xlfn._xlws.FILTER(Spelerslijst!$L:$L,Spelerslijst!$Q:$Q=B$55,"")} -> Maarten Sas | F57: {=_xlfn._xlws.FILTER(Spelerslijst!$R:$R,Spelerslijst!$Q:$Q=B$55,"")} -> B1 | G57: {=_xlfn._xlws.FILTER(Spelerslijst!$N:$N,Spelerslijst!$Q:$Q=B$55,"")} -> 15 | I57: {=_xlfn._xlws.FILTER(Spelerslijst!$B:$B,Spelerslijst!$G:$G=I$55,"")} -> Benthe van der Linden | J57: {=_xlfn._xlws.FILTER(Spelerslijst!$H:$H,Spelerslijst!$G:$G=I$55,"")} -> B2 | K57: {=_xlfn._xlws.FILTER(Spelerslijst!$D:$D,Spelerslijst!$G:$G=I$55,"")} -> 15 | L57: {=_xlfn._xlws.FILTER(Spelerslijst!$L:$L,Spelerslijst!$Q:$Q=I$55,"")} -> Tycho Vliet | M57: {=_xlfn._xlws.FILTER(Spelerslijst!$R:$R,Spelerslijst!$Q:$Q=I$55,"")} -> B2 | N57: {=_xlfn._xlws.FILTER(Spelerslijst!$N:$N,Spelerslijst!$Q:$Q=I$55,"")} -> 16 | P57: {=_xlfn._xlws.FILTER(Spelerslijst!$B:$B,Spelerslijst!$G:$G=P$55,"")} -> Floortje Jongkind | Q57: {=_xlfn._xlws.FILTER(Spelerslijst!$H:$H,Spelerslijst!$G:$G=P$55,"")} -> C3 | R57: {=_xlfn._xlws.FILTER(Spelerslijst!$D:$D,Spelerslijst!$G:$G=P$55,"")} -> 13 | S57: {=_xlfn._xlws.FILTER(Spelerslijst!$L:$L,Spelerslijst!$Q:$Q=P$55,"")} -> Casper Boshoven | T57: {=_xlfn._xlws.FILTER(Spelerslijst!$R:$R,Spelerslijst!$Q:$Q=P$55,"")} -> B4 | U57: {=_xlfn._xlws.FILTER(Spelerslijst!$N:$N,Spelerslijst!$Q:$Q=P$55,"")} -> 15 | W57: {=_xlfn._xlws.FILTER(Spelerslijst!$B:$B,Spelerslijst!$G:$G=W$55,"")} | X57: {=_xlfn._xlws.FILTER(Spelerslijst!$H:$H,Spelerslijst!$G:$G=W$55,"")} | Y57: {=_xlfn._xlws.FILTER(Spelerslijst!$D:$D,Spelerslijst!$G:$G=W$55,"")} | Z57: {=_xlfn._xlws.FILTER(Spelerslijst!$L:$L,Spelerslijst!$Q:$Q=W$55,"")} | AA57: {=_xlfn._xlws.FILTER(Spelerslijst!$R:$R,Spelerslijst!$Q:$Q=W$55,"")} | AB57: {=_xlfn._xlws.FILTER(Spelerslijst!$N:$N,Spelerslijst!$Q:$Q=W$55,"")} | AD57: {=_xlfn._xlws.FILTER(Spelerslijst!$B:$B,Spelerslijst!$G:$G=AH$55,"")} | AE57: {=_xlfn._xlws.FILTER(Spelerslijst!$H:$H,Spelerslijst!$G:$G=AH$55,"")} | AF57: {=_xlfn._xlws.FILTER(Spelerslijst!$D:$D,Spelerslijst!$G:$G=AH$55,"")} | AG57: {=_xlfn._xlws.FILTER(Spelerslijst!$L:$L,Spelerslijst!$Q:$Q=AH$55,"")} | AH57: {=_xlfn._xlws.FILTER(Spelerslijst!$R:$R,Spelerslijst!$Q:$Q=AH$55,"")} | AI57: {=_xlfn._xlws.FILTER(Spelerslijst!$N:$N,Spelerslijst!$Q:$Q=AH$55,"")}
B58: Doeska Voorbij | C58: B2 | D58: 15 | E58: Niek Driesprong | F58: B2 | G58: 15 | I58: Elize van de Burgt | J58: B2 | K58: 15 | L58: Dani Heersping | M58: B3 | N58: 15 | P58: Madelief van Dongen | Q58: C3 | R58: 14 | S58: Justin Vos | T58: B3 | U58: 14
B59: Lisa Reuvers | C59: C1 | D59: 14 | E59: Onno den Dekker | F59: C1 | G59: 15 | I59: Floor Lohuis | J59: C2 | K59: 14 | L59: Jarno Bemer | M59: C1 | N59: 14 | P59: Marit van den Bergh | Q59: C4 | R59: 13 | S59: Raoul Kuijper | T59: B3 | U59: 15
B60: Sophie Kilsdonk | C60: B2 | D60: 15 | E60: Lars Visser | I60: Githa Bemer | J60: C1 | K60: 14 | L60: Jasper Sempel | M60: C2 | N60: 14 | P60: Robin Zwanenburg | Q60: B3 | R60: 14 | S60: Stephan Quarre | T60: C3 | U60: 14
I61: Stella Verboom | J61: B3 | K61: 15 | L61: Kian Vliet | M61: C2 | N61: 14 | P61: Zoë Kamerman | Q61: B3 | R61: 14 | S61: Timo Pichel | T61: B3 | U61: 14
L62: Tijn Camphens | M62: B2 | N62: 15
B65: {=_xlfn._xlws.FILTER(Staf!$C:$C,Staf!$B:$B=Teams!B55,"")} -> Trainer/Coach | C65: {=_xlfn._xlws.FILTER(Staf!$A:$A,Staf!$B:$B=Teams!B55,"")} -> Milou Oppe | I65: {=_xlfn._xlws.FILTER(Staf!$C:$C,Staf!$B:$B=Teams!I55,"")} -> Trainer/Coach | J65: {=_xlfn._xlws.FILTER(Staf!$A:$A,Staf!$B:$B=Teams!I55,"")} -> Daniel den Uijl | P65: {=_xlfn._xlws.FILTER(Staf!$C:$C,Staf!$B:$B=Teams!P55,"")} -> Trainer/Coach | Q65: {=_xlfn._xlws.FILTER(Staf!$A:$A,Staf!$B:$B=Teams!P55,"")} -> Maud van Wensen | W65: {=_xlfn._xlws.FILTER(Staf!$C:$C,Staf!$B:$B=Teams!W55,"")} | X65: {=_xlfn._xlws.FILTER(Staf!$A:$A,Staf!$B:$B=Teams!W55,"")} | AD65: {=_xlfn._xlws.FILTER(Staf!$C:$C,Staf!$B:$B=Teams!AD55,"")} | AE65: {=_xlfn._xlws.FILTER(Staf!$A:$A,Staf!$B:$B=Teams!AD55,"")}
B66: Trainer/Coach | C66: Stephan Ligtmans | I66: Trainer/Coach | J66: Eva Teerds | P66: Trainer/Coach | Q66: Laura Mol
B67: Teambegeleider | C67: Michel Sas | P67: Trainer/Coach | Q67: Robert Koster
A69: C-Aspiranten | B69: C1 | G69: =AVERAGE(D71:D82,G71:G82) -> 12.777778 | I69: C2 | N69: =AVERAGE(K71:K82,N71:N82) -> 12.444444 | P69: C3 | U69: =AVERAGE(R71:R82,U71:U82) -> 14.7 | W69: C4 | AB69: =AVERAGE(Y71:Y82,AB71:AB82) -> 12.833333 | AD69: C5 | AI69: =AVERAGE(AF71:AF82,AI71:AI82) -> #DIV/0!
B70: =CONCATENATE("Dames (",COUNTA(C71:C80),")") -> Dames (5) | E70: =CONCATENATE("Heren (",COUNTA(F71:F80),")") -> Heren (4) | I70: =CONCATENATE("Dames (",COUNTA(J71:J80),")") -> Dames (5) | L70: =CONCATENATE("Heren (",COUNTA(M71:M80),")") -> Heren (4) | P70: =CONCATENATE("Dames (",COUNTA(Q71:Q80),")") -> Dames (6) | S70: =CONCATENATE("Heren (",COUNTA(T71:T80),")") -> Heren (4) | W70: =CONCATENATE("Dames (",COUNTA(X71:X80),")") -> Dames (7) | Z70: =CONCATENATE("Heren (",COUNTA(AA71:AA80),")") -> Heren (5) | AD70: =CONCATENATE("Dames (",COUNTA(AE71:AE80),")") -> Dames (1) | AG70: =CONCATENATE("Heren (",COUNTA(AH71:AH80),")") -> Heren (1)
B71: {=_xlfn._xlws.FILTER(Spelerslijst!$B:$B,Spelerslijst!$G:$G=B$69,"")} -> Danique van der Klooster | C71: {=_xlfn._xlws.FILTER(Spelerslijst!$H:$H,Spelerslijst!$G:$G=B$69,"")} -> C1 | D71: {=_xlfn._xlws.FILTER(Spelerslijst!$D:$D,Spelerslijst!$G:$G=B$69,"")} -> 13 | E71: {=_xlfn._xlws.FILTER(Spelerslijst!$L:$L,Spelerslijst!$Q:$Q=B$69,"")} -> Lenn Belder | F71: {=_xlfn._xlws.FILTER(Spelerslijst!$R:$R,Spelerslijst!$Q:$Q=B$69,"")} -> D1 | G71: {=_xlfn._xlws.FILTER(Spelerslijst!$N:$N,Spelerslijst!$Q:$Q=B$69,"")} -> 12 | I71: {=_xlfn._xlws.FILTER(Spelerslijst!$B:$B,Spelerslijst!$G:$G=I$69,"")} -> Esmée de Boer | J71: {=_xlfn._xlws.FILTER(Spelerslijst!$H:$H,Spelerslijst!$G:$G=I$69,"")} -> C2 | K71: {=_xlfn._xlws.FILTER(Spelerslijst!$D:$D,Spelerslijst!$G:$G=I$69,"")} -> 13 | L71: {=_xlfn._xlws.FILTER(Spelerslijst!$L:$L,Spelerslijst!$Q:$Q=I$69,"")} -> Diederik Hovestadt | M71: {=_xlfn._xlws.FILTER(Spelerslijst!$R:$R,Spelerslijst!$Q:$Q=I$69,"")} -> C3 | N71: {=_xlfn._xlws.FILTER(Spelerslijst!$N:$N,Spelerslijst!$Q:$Q=I$69,"")} -> 14 | P71: {=_xlfn._xlws.FILTER(Spelerslijst!$B:$B,Spelerslijst!$G:$G=P$69,"")} -> Danique van der Wiel | Q71: {=_xlfn._xlws.FILTER(Spelerslijst!$H:$H,Spelerslijst!$G:$G=P$69,"")} -> C3 | R71: {=_xlfn._xlws.FILTER(Spelerslijst!$D:$D,Spelerslijst!$G:$G=P$69,"")} -> 13 | S71: {=_xlfn._xlws.FILTER(Spelerslijst!$L:$L,Spelerslijst!$Q:$Q=P$69,"")} -> Joaz Post | T71: {=_xlfn._xlws.FILTER(Spelerslijst!$R:$R,Spelerslijst!$Q:$Q=P$69,"")} -> C3 | U71: {=_xlfn._xlws.FILTER(Spelerslijst!$N:$N,Spelerslijst!$Q:$Q=P$69,"")} -> 13 | W71: {=_xlfn._xlws.FILTER(Spelerslijst!$B:$B,Spelerslijst!$G:$G=W$69,"")} -> Bryanna Bos | X71: {=_xlfn._xlws.FILTER(Spelerslijst!$H:$H,Spelerslijst!$G:$G=W$69,"")} -> C4 | Y71: {=_xlfn._xlws.FILTER(Spelerslijst!$D:$D,Spelerslijst!$G:$G=W$69,"")} -> 13 | Z71: {=_xlfn._xlws.FILTER(Spelerslijst!$L:$L,Spelerslijst!$Q:$Q=W$69,"")} -> Djess van Heeren | AA71: {=_xlfn._xlws.FILTER(Spelerslijst!$R:$R,Spelerslijst!$Q:$Q=W$69,"")} -> C4 | AB71: {=_xlfn._xlws.FILTER(Spelerslijst!$N:$N,Spelerslijst!$Q:$Q=W$69,"")} -> 13 | AD71: {=_xlfn._xlws.FILTER(Spelerslijst!$B:$B,Spelerslijst!$G:$G=AD$69,"")} | AE71: {=_xlfn._xlws.FILTER(Spelerslijst!$H:$H,Spelerslijst!$G:$G=AD$69,"")} | AF71: {=_xlfn._xlws.FILTER(Spelerslijst!$D:$D,Spelerslijst!$G:$G=AD$69,"")} | AG71: {=_xlfn._xlws.FILTER(Spelerslijst!$L:$L,Spelerslijst!$Q:$Q=AD$69,"")} | AH71: {=_xlfn._xlws.FILTER(Spelerslijst!$R:$R,Spelerslijst!$Q:$Q=AD$69,"")} | AI71: {=_xlfn._xlws.FILTER(Spelerslijst!$N:$N,Spelerslijst!$Q:$Q=AD$69,"")}
B72: Demi Engelfriet | C72: C2 | D72: 13 | E72: Niek Sas | F72: C1 | G72: 13 | I72: Eva van Rooij | J72: D1 | K72: 11 | L72: Freek Laban | M72: D1 | N72: 11 | P72: Enora Bouwknegt | Q72: D2 | R72: 13 | S72: Maarten Rutten | T72: C3 | U72: 13 | W72: Eline Veenendaal | X72: C4 | Y72: 14 | Z72: Jurre van der Linden | AA72: C4 | AB72: 13
B73: Demi Lindhout | C73: C1 | D73: 13 | E73: Thomas Vos | F73: C1 | G73: 13 | I73: Feline van de Burgt | J73: C2 | K73: 13 | L73: Jonas van de Ven | M73: C2 | N73: 13 | P73: Famke Nijman | Q73: D2 | R73: 12 | S73: Thijs Vos | T73: D2 | U73: 12 | W73: Evie Groen | X73: C4 | Y73: 13 | Z73: Levi Molendijk | AA73: D2 | AB73: 12
B74: Julia Kleingeld | C74: C2 | D74: 13 | E74: Tiemen den Dekker | F74: D1 | G74: 12 | I74: Saar Camphens | J74: D1 | K74: 12 | L74: Sander Heerspring | M74: D1 | N74: 12 | P74: Femke Bakker | Q74: C3 | R74: 13 | S74: Xavi Jacobs | T74: D2 | U74: 12 | W74: Manon Barbaroux | X74: C4 | Y74: 12 | Z74: Mika Kerschkamp | AA74: D2 | AB74: 12
B75: Noa Stomp | C75: C2 | D75: 13 | I75: Tess Volker | J75: C2 | K75: 13 | P75: Nikki Baas | Q75: C3 | R75: 13 | W75: Noortje Vercouteren | X75: C4 | Y75: 13 | Z75: Parham Afsharbegloe | AA75: C4 | AB75: 14
P76: Sanne van Driel | Q76: D2 | R76: 33 | W76: Pippa Jongkind | X76: C4 | Y76: 12
W77: Sanne Peters | X77: C4 | Y77: 13
B81: {=_xlfn._xlws.FILTER(Staf!$C:$C,Staf!$B:$B=Teams!B69,"")} -> Trainer/Coach | C81: {=_xlfn._xlws.FILTER(Staf!$A:$A,Staf!$B:$B=Teams!B69,"")} -> Mees Oppe | I81: {=_xlfn._xlws.FILTER(Staf!$C:$C,Staf!$B:$B=Teams!I69,"")} -> Trainer/Coach | J81: {=_xlfn._xlws.FILTER(Staf!$A:$A,Staf!$B:$B=Teams!I69,"")} -> Antjan Laban | P81: {=_xlfn._xlws.FILTER(Staf!$C:$C,Staf!$B:$B=Teams!P69,"")} -> Trainer/Coach | Q81: {=_xlfn._xlws.FILTER(Staf!$A:$A,Staf!$B:$B=Teams!P69,"")} -> Kimberly Jacobs | W81: {=_xlfn._xlws.FILTER(Staf!$C:$C,Staf!$B:$B=Teams!W69,"")} -> Trainer/Coach | X81: {=_xlfn._xlws.FILTER(Staf!$A:$A,Staf!$B:$B=Teams!W69,"")} -> Syrah de Wit | AD81: {=_xlfn._xlws.FILTER(Staf!$C:$C,Staf!$B:$B=Teams!AD69,"")} | AE81: {=_xlfn._xlws.FILTER(Staf!$A:$A,Staf!$B:$B=Teams!AD69,"")}
B82: Trainer/Coach | C82: Jasper Kleingeld | I82: Trainer/Coach | J82: Tessa Dubbeld | P82: Trainer/Coach | Q82: Martijn van der Wiel | W82: Trainer/Coach | X82: Nadia de Wit
A85: D-Pupillen | B85: D1 | G85: =AVERAGE(D87:D96,G87:G96) -> 10.9 | I85: D2 | N85: =AVERAGE(K87:K96,N87:N96) -> 10.1 | P85: D3 | U85: =AVERAGE(R87:R96,U87:U96) -> 10.272727 | W85: D4 | AB85: =AVERAGE(Y87:Y96,AB87:AB96) -> #DIV/0! | AD85: D5 | AI85: =AVERAGE(AF87:AF96,AI87:AI96) -> #DIV/0!
B86: =CONCATENATE("Dames (",COUNTA(C87:C94),")") -> Dames (6) | E86: =CONCATENATE("Heren (",COUNTA(F87:F94),")") -> Heren (4) | I86: =CONCATENATE("Dames (",COUNTA(J87:J94),")") -> Dames (6) | L86: =CONCATENATE("Heren (",COUNTA(M87:M94),")") -> Heren (4) | P86: =CONCATENATE("Dames (",COUNTA(Q87:Q93),")") -> Dames (7) | S86: =CONCATENATE("Heren (",COUNTA(T87:T94),")") -> Heren (4) | W86: =CONCATENATE("Dames (",COUNTA(X87:X94),")") -> Dames (1) | Z86: =CONCATENATE("Heren (",COUNTA(AA87:AA94),")") -> Heren (1) | AD86: =CONCATENATE("Dames (",COUNTA(AE87:AE94),")") -> Dames (1) | AG86: =CONCATENATE("Heren (",COUNTA(AH87:AH94),")") -> Heren (1)
B87: {=_xlfn._xlws.FILTER(Spelerslijst!$B:$B,Spelerslijst!$G:$G=B$85,"")} -> Anouk Bakker | C87: {=_xlfn._xlws.FILTER(Spelerslijst!$H:$H,Spelerslijst!$G:$G=B$85,"")} -> D3 | D87: {=_xlfn._xlws.FILTER(Spelerslijst!$D:$D,Spelerslijst!$G:$G=B$85,"")} -> 11 | E87: {=_xlfn._xlws.FILTER(Spelerslijst!$L:$L,Spelerslijst!$Q:$Q=B$85,"")} -> Finn Verboom | F87: {=_xlfn._xlws.FILTER(Spelerslijst!R:R,Spelerslijst!$Q:$Q=B$85,"")} -> D3 | G87: {=_xlfn._xlws.FILTER(Spelerslijst!$N:$N,Spelerslijst!$Q:$Q=B$85,"")} -> 11 | I87: {=_xlfn._xlws.FILTER(Spelerslijst!$B:$B,Spelerslijst!$G:$G=I$85,"")} -> Evi Kleingeld | J87: {=_xlfn._xlws.FILTER(Spelerslijst!$H:$H,Spelerslijst!$G:$G=I$85,"")} -> E1 | K87: {=_xlfn._xlws.FILTER(Spelerslijst!$D:$D,Spelerslijst!$G:$G=I$85,"")} -> 10 | L87: {=_xlfn._xlws.FILTER(Spelerslijst!$L:$L,Spelerslijst!$Q:$Q=I$85,"")} -> Abel van de Ven | M87: {=_xlfn._xlws.FILTER(Spelerslijst!$R:$R,Spelerslijst!$Q:$Q=I$85,"")} -> E3 | N87: {=_xlfn._xlws.FILTER(Spelerslijst!$N:$N,Spelerslijst!$Q:$Q=I$85,"")} -> 9 | P87: {=_xlfn._xlws.FILTER(Spelerslijst!$B:$B,Spelerslijst!$G:$G=P$85,"")} -> Esther Oosse | Q87: {=_xlfn._xlws.FILTER(Spelerslijst!$H:$H,Spelerslijst!$G:$G=P$85,"")} -> E2 | R87: {=_xlfn._xlws.FILTER(Spelerslijst!$D:$D,Spelerslijst!$G:$G=P$85,"")} -> 10 | S87: {=_xlfn._xlws.FILTER(Spelerslijst!$L:$L,Spelerslijst!$Q:$Q=P$85,"")} -> Cas Uljee | T87: {=_xlfn._xlws.FILTER(Spelerslijst!$R:$R,Spelerslijst!$Q:$Q=P$85,"")} -> E3 | U87: {=_xlfn._xlws.FILTER(Spelerslijst!$N:$N,Spelerslijst!$Q:$Q=P$85,"")} -> 10 | W87: {=_xlfn._xlws.FILTER(Spelerslijst!$B:$B,Spelerslijst!$G:$G=W$85,"")} | X87: {=_xlfn._xlws.FILTER(Spelerslijst!$H:$H,Spelerslijst!$G:$G=W$85,"")} | Y87: {=_xlfn._xlws.FILTER(Spelerslijst!$D:$D,Spelerslijst!$G:$G=W$85,"")} | Z87: {=_xlfn._xlws.FILTER(Spelerslijst!$L:$L,Spelerslijst!$Q:$Q=W$85,"")} | AA87: {=_xlfn._xlws.FILTER(Spelerslijst!$R:$R,Spelerslijst!$Q:$Q=W$85,"")} | AB87: {=_xlfn._xlws.FILTER(Spelerslijst!$N:$N,Spelerslijst!$Q:$Q=W$85,"")} | AD87: {=_xlfn._xlws.FILTER(Spelerslijst!$B:$B,Spelerslijst!$G:$G=AD$85,"")} | AE87: {=_xlfn._xlws.FILTER(Spelerslijst!$H:$H,Spelerslijst!$G:$G=AD$85,"")} | AF87: {=_xlfn._xlws.FILTER(Spelerslijst!$D:$D,Spelerslijst!$G:$G=AD$85,"")} | AG87: {=_xlfn._xlws.FILTER(Spelerslijst!$L:$L,Spelerslijst!$Q:$Q=AD$85,"")} | AH87: {=_xlfn._xlws.FILTER(Spelerslijst!$R:$R,Spelerslijst!$Q:$Q=AD$85,"")} | AI87: {=_xlfn._xlws.FILTER(Spelerslijst!$N:$N,Spelerslijst!$Q:$Q=AD$85,"")}
B88: Davina Moniz | C88: E2 | D88: 10 | E88: Joep van Ameijden | F88: D3 | G88: 11 | I88: Fay Tims | J88: E1 | K88: 10 | L88: Falco Bemer | M88: E1 | N88: 10 | P88: Feline Littooij | Q88: D3 | R88: 11 | S88: Fynn Kuling | T88: E2 | U88: 10
B89: Eva Bezemer | C89: D3 | D89: 11 | E89: Juda Vos | F89: D3 | G89: 11 | I89: Fenna van Rijswijk | J89: D2 | K89: 11 | L89: Nathan Verberkt | M89: E2 | N89: 10 | P89: Jolijn van den Bergh | Q89: E5 | R89: 10 | S89: Martijn Veenendaal | T89: E3 | U89: 10
B90: Imke van Geldrop | C90: E2 | D90: 10 | E90: Matthijs de Reus | F90: D3 | G90: 12 | I90: Jenna Ehmila | J90: D3 | K90: 11 | L90: Tygo Bemer | M90: E1 | N90: 10 | P90: Lenthe van den Boogaart | Q90: E2 | R90: 10 | S90: Vince van der Hoeven | T90: E5 | U90: 11
B91: Laura Exalto | C91: D3 | D91: 11 | I91: Layla de Boer | J91: E1 | K91: 10 | P91: Lisanne Naeije | Q91: D3 | R91: 11
B92: Olivia de Waard | C92: D3 | D92: 11 | I92: Yara van der Wiel | J92: E1 | K92: 10 | P92: Noor Brouwer | Q92: E4 | R92: 10
P93: Tess Uljee | Q93: E4 | R93: 10
B95: {=_xlfn._xlws.FILTER(Staf!$C:$C,Staf!$B:$B=Teams!B85,"")} -> Trainer/Coach | C95: {=_xlfn._xlws.FILTER(Staf!$A:$A,Staf!$B:$B=Teams!B85,"")} -> Joram Flach | I95: {=_xlfn._xlws.FILTER(Staf!$C:$C,Staf!$B:$B=Teams!I85,"")} -> Trainer/Coach | J95: {=_xlfn._xlws.FILTER(Staf!$A:$A,Staf!$B:$B=Teams!I85,"")} -> Marcel St. Nicolaas | P95: {=_xlfn._xlws.FILTER(Staf!$C:$C,Staf!$B:$B=Teams!P85,"")} -> Trainer/Coach | Q95: {=_xlfn._xlws.FILTER(Staf!$A:$A,Staf!$B:$B=Teams!P85,"")} -> Mark Schindler | W95: {=_xlfn._xlws.FILTER(Staf!$C:$C,Staf!$B:$B=Teams!W85,"")} | X95: {=_xlfn._xlws.FILTER(Staf!$A:$A,Staf!$B:$B=Teams!W85,"")} | AD95: {=_xlfn._xlws.FILTER(Staf!$C:$C,Staf!$B:$B=Teams!AD85,"")} | AE95: {=_xlfn._xlws.FILTER(Staf!$A:$A,Staf!$B:$B=Teams!AD85,"")}
B96: Trainer/Coach | C96: Marlies Valk | I96: Trainer/Coach | J96: Tom van de Ven | P96: Trainer/Coach | Q96: Rick van de Wijgaart
B97: Assistent-trainer | C97: Egbert Vos | I97: Assistent-trainer | J97: Alex de Boer | P97: Trainer/Coach | Q97: Jarno Valk
A99: E-pupillen | B99: E1 | G99: =AVERAGE(D101:D108,G101:G108) -> 9 | I99: E2 | N99: =AVERAGE(K101:K108,N101:N108) -> 9 | P99: E3 | U99: =AVERAGE(R101:R108,U101:U108) -> 8.8333333 | W99: E4 | AB99: =AVERAGE(Y101:Y108,AB101:AB108) -> 8.1666667 | AD99: E5 | AI99: =AVERAGE(AF101:AF108,AI101:AI108) -> 6.8333333 | AK99: E6 | AP99: =AVERAGE(AM101:AM108,AP101:AP108) -> #DIV/0! | AR99: E7 | AW99: =AVERAGE(AT101:AT108,AW101:AW108) -> #DIV/0!
B100: =CONCATENATE("Dames (",COUNTA(C101:C106),")") -> Dames (2) | E100: =CONCATENATE("Heren (",COUNTA(F101:F106),")") -> Heren (3) | I100: =CONCATENATE("Dames (",COUNTA(J101:J106),")") -> Dames (2) | L100: =CONCATENATE("Heren (",COUNTA(M101:M106),")") -> Heren (4) | P100: =CONCATENATE("Dames (",COUNTA(Q101:Q106),")") -> Dames (3) | S100: =CONCATENATE("Heren (",COUNTA(T101:T106),")") -> Heren (3) | W100: =CONCATENATE("Dames (",COUNTA(X101:X106),")") -> Dames (3) | Z100: =CONCATENATE("Heren (",COUNTA(AA101:AA106),")") -> Heren (3) | AD100: =CONCATENATE("Dames (",COUNTA(AE101:AE106),")") -> Dames (4) | AG100: =CONCATENATE("Heren (",COUNTA(AH101:AH106),")") -> Heren (2) | AK100: =CONCATENATE("Dames (",COUNTA(AL101:AL106),")") -> Dames (1) | AN100: =CONCATENATE("Heren (",COUNTA(AO101:AO106),")") -> Heren (1) | AR100: =CONCATENATE("Dames (",COUNTA(AS101:AS106),")") -> Dames (1) | AU100: =CONCATENATE("Heren (",COUNTA(AV101:AV106),")") -> Heren (1)
B101: {=_xlfn._xlws.FILTER(Spelerslijst!$B:$B,Spelerslijst!$G:$G=B$99,"")} -> Jeslynn Vos | C101: {=_xlfn._xlws.FILTER(Spelerslijst!$H:$H,Spelerslijst!$G:$G=B$99,"")} -> E3 | D101: {=_xlfn._xlws.FILTER(Spelerslijst!$D:$D,Spelerslijst!$G:$G=B$99,"")} -> 9 | E101: {=_xlfn._xlws.FILTER(Spelerslijst!$L:$L,Spelerslijst!$Q:$Q=B$99,"")} -> Ayden van den Bosch | F101: {=_xlfn._xlws.FILTER(Spelerslijst!$R:$R,Spelerslijst!$Q:$Q=B$99,"")} -> E6 | G101: {=_xlfn._xlws.FILTER(Spelerslijst!$N:$N,Spelerslijst!$Q:$Q=B$99,"")} -> 9 | I101: {=_xlfn._xlws.FILTER(Spelerslijst!$B:$B,Spelerslijst!$G:$G=I$99,"")} -> Ize van der Linden | J101: {=_xlfn._xlws.FILTER(Spelerslijst!$H:$H,Spelerslijst!$G:$G=I$99,"")} -> E3 | K101: {=_xlfn._xlws.FILTER(Spelerslijst!$D:$D,Spelerslijst!$G:$G=I$99,"")} -> 9 | L101: {=_xlfn._xlws.FILTER(Spelerslijst!$L:$L,Spelerslijst!$Q:$Q=I$99,"")} -> Jorn den Dekker | M101: {=_xlfn._xlws.FILTER(Spelerslijst!$R:$R,Spelerslijst!$Q:$Q=I$99,"")} -> E5 | N101: {=_xlfn._xlws.FILTER(Spelerslijst!$N:$N,Spelerslijst!$Q:$Q=I$99,"")} -> 9 | P101: {=_xlfn._xlws.FILTER(Spelerslijst!$B:$B,Spelerslijst!$G:$G=P$99,"")} -> Emma Schot | Q101: {=_xlfn._xlws.FILTER(Spelerslijst!$H:$H,Spelerslijst!$G:$G=P$99,"")} -> E7 | R101: {=_xlfn._xlws.FILTER(Spelerslijst!$D:$D,Spelerslijst!$G:$G=P$99,"")} -> 10 | S101: {=_xlfn._xlws.FILTER(Spelerslijst!$L:$L,Spelerslijst!$Q:$Q=P$99,"")} -> Lucas van de Rest | T101: {=_xlfn._xlws.FILTER(Spelerslijst!$R:$R,Spelerslijst!$Q:$Q=P$99,"")} -> E7 | U101: {=_xlfn._xlws.FILTER(Spelerslijst!$N:$N,Spelerslijst!$Q:$Q=P$99,"")} -> 9 | W101: {=_xlfn._xlws.FILTER(Spelerslijst!$B:$B,Spelerslijst!$G:$G=W$99,"")} -> Maartje Laban | X101: {=_xlfn._xlws.FILTER(Spelerslijst!$H:$H,Spelerslijst!$G:$G=W$99,"")} -> F1 | Y101: {=_xlfn._xlws.FILTER(Spelerslijst!$D:$D,Spelerslijst!$G:$G=W$99,"")} -> 8 | Z101: {=_xlfn._xlws.FILTER(Spelerslijst!$L:$L,Spelerslijst!$Q:$Q=W$99,"")} -> Joep Jongkind | AA101: {=_xlfn._xlws.FILTER(Spelerslijst!$R:$R,Spelerslijst!$Q:$Q=W$99,"")} -> E7 | AB101: {=_xlfn._xlws.FILTER(Spelerslijst!$N:$N,Spelerslijst!$Q:$Q=W$99,"")} -> 9 | AD101: {=_xlfn._xlws.FILTER(Spelerslijst!$B:$B,Spelerslijst!$G:$G=AD$99,"")} -> Aniek van den Bergh | AE101: {=_xlfn._xlws.FILTER(Spelerslijst!$H:$H,Spelerslijst!$G:$G=AD$99,"")} -> F2 | AF101: {=_xlfn._xlws.FILTER(Spelerslijst!$D:$D,Spelerslijst!$G:$G=AD$99,"")} -> 8 | AG101: {=_xlfn._xlws.FILTER(Spelerslijst!$L:$L,Spelerslijst!$Q:$Q=AD$99,"")} -> Gideon Verberkt | AH101: {=_xlfn._xlws.FILTER(Spelerslijst!$R:$R,Spelerslijst!$Q:$Q=AD$99,"")} -> * | AI101: {=_xlfn._xlws.FILTER(Spelerslijst!$N:$N,Spelerslijst!$Q:$Q=AD$99,"")} -> 9 | AK101: {=_xlfn._xlws.FILTER(Spelerslijst!$B:$B,Spelerslijst!$G:$G=AK$99,"")} | AL101: {=_xlfn._xlws.FILTER(Spelerslijst!$H:$H,Spelerslijst!$G:$G=AK$99,"")} | AM101: {=_xlfn._xlws.FILTER(Spelerslijst!$D:$D,Spelerslijst!$G:$G=AK$99,"")} | AN101: {=_xlfn._xlws.FILTER(Spelerslijst!$L:$L,Spelerslijst!$Q:$Q=AK$99,"")} | AO101: {=_xlfn._xlws.FILTER(Spelerslijst!$R:$R,Spelerslijst!$Q:$Q=AK$99,"")} | AP101: {=_xlfn._xlws.FILTER(Spelerslijst!$N:$N,Spelerslijst!$Q:$Q=AK$99,"")} | AR101: {=_xlfn._xlws.FILTER(Spelerslijst!$B:$B,Spelerslijst!$G:$G=AR$99,"")} | AS101: {=_xlfn._xlws.FILTER(Spelerslijst!$H:$H,Spelerslijst!$G:$G=AR$99,"")} | AT101: {=_xlfn._xlws.FILTER(Spelerslijst!$D:$D,Spelerslijst!$G:$G=AR$99,"")} | AU101: {=_xlfn._xlws.FILTER(Spelerslijst!$L:$L,Spelerslijst!$Q:$Q=AR$99,"")} | AV101: {=_xlfn._xlws.FILTER(Spelerslijst!$R:$R,Spelerslijst!$Q:$Q=AR$99,"")} | AW101: {=_xlfn._xlws.FILTER(Spelerslijst!$N:$N,Spelerslijst!$Q:$Q=AR$99,"")}
B102: Pien van Dongen | C102: E6 | D102: 9 | E102: Levi Everaarts | F102: E6 | G102: 9 | I102: Lisa Exalto | J102: E5 | K102: 9 | L102: Lars Winter | M102: E6 | N102: 9 | P102: Suze Maaskant | Q102: F2 | R102: 8 | S102: Ralf Dijkstra | T102: * | U102: 9 | W102: Robin Mans | X102: F1 | Y102: 8 | Z102: Koen Ploeg | AA102: F1 | AB102: 8 | AD102: Feliz Lanser | AE102: F2 | AF102: 8 | AG102: Timo van der Sijde | AH102: * | AI102: 8
E103: Merlijn de Wit | F103: E4 | G103: 9 | L103: Morris van Ameijden | M103: E5 | N103: 9 | P103: Tess Rebollo | Q103: F2 | R103: 8 | S103: Sepp Jongkind | T103: E7 | U103: 9 | W103: Sofie Kleingeld | X103: F1 | Y103: 8 | Z103: Rens Boekee | AA103: F1 | AB103: 8 | AD103: Julia van Twist | AE103: F2 | AF103: 8
L104: Tobias Hoedelmans | M104: E4 | N104: 9 | AD104: Sanae | AE104: * | AF104: 0
B107: {=_xlfn._xlws.FILTER(Staf!$C:$C,Staf!$B:$B=Teams!B99,"")} -> Trainer/Coach | C107: {=_xlfn._xlws.FILTER(Staf!$A:$A,Staf!$B:$B=Teams!B99,"")} -> Bart de Wit | I107: {=_xlfn._xlws.FILTER(Staf!$C:$C,Staf!$B:$B=Teams!I99,"")} -> Trainer/Coach | J107: {=_xlfn._xlws.FILTER(Staf!$A:$A,Staf!$B:$B=Teams!I99,"")} -> Anouk de Jongh | P107: {=_xlfn._xlws.FILTER(Staf!$C:$C,Staf!$B:$B=Teams!P99,"")} -> #VALUE! | Q107: {=_xlfn._xlws.FILTER(Staf!$A:$A,Staf!$B:$B=Teams!P99,"")} -> Jack Zwanenburg | W107: {=_xlfn._xlws.FILTER(Staf!$C:$C,Staf!$B:$B=Teams!W99,"")} -> Trainer/Coach | X107: {=_xlfn._xlws.FILTER(Staf!$A:$A,Staf!$B:$B=Teams!W99,"")} -> Monique te Witt | AD107: {=_xlfn._xlws.FILTER(Staf!$C:$C,Staf!$B:$B=Teams!AD99,"")} -> Ondersteuning | AE107: {=_xlfn._xlws.FILTER(Staf!$A:$A,Staf!$B:$B=Teams!AD99,"")} -> Lenny van den Bergh | AK107: {=_xlfn._xlws.FILTER(Staf!$C:$C,Staf!$B:$B=Teams!AK99,"")} | AL107: {=_xlfn._xlws.FILTER(Staf!$A:$A,Staf!$B:$B=Teams!AK99,"")} | AR107: {=_xlfn._xlws.FILTER(Staf!$C:$C,Staf!$B:$B=Teams!AR99,"")} | AS107: {=_xlfn._xlws.FILTER(Staf!$A:$A,Staf!$B:$B=Teams!AR99,"")}
I108: Trainer/Coach | J108: Sjoerd van Ameijden | Q108: Vacature | W108: Assistent-trainer | X108: Gertjan Ploeg | AD108: Trainer/Coach | AE108: Vacature
Q109: Vacature | W109: Trainer/Coach | X109: Liesbeth Wibbens | AD109: Trainer/Coach | AE109: Vacature
Q110: Jens Lohuis
A111: F-Pupillen | B111: F1 | G111: =AVERAGE(D113:D121,G113:G121) -> 6.2 | I111: F2 | N111: =AVERAGE(K113:K121,N113:N121) -> 6.1666667 | P111: F3 | Q111: Joël Wietses | U111: =AVERAGE(R113:R121,U113:U121) -> #DIV/0! | W111: F4 | AB111: =AVERAGE(Y113:Y121,AB113:AB121) -> #DIV/0! | AD111: F5 | AI111: =AVERAGE(AF113:AF121,AI113:AI121) -> #DIV/0!
B112: =CONCATENATE("Dames (",COUNTA(C113:C118),")") -> Dames (4) | E112: =CONCATENATE("Heren (",COUNTA(F113:F118),")") -> Heren (1) | I112: =CONCATENATE("Dames (",COUNTA(J113:J118),")") -> Dames (4) | L112: =CONCATENATE("Heren (",COUNTA(M113:M118),")") -> Heren (2) | P112: =CONCATENATE("Dames (",COUNTA(Q113:Q118),")") -> Dames (1) | S112: =CONCATENATE("Heren (",COUNTA(T113:T118),")") -> Heren (1) | W112: =CONCATENATE("Dames (",COUNTA(X113:X118),")") -> Dames (1) | Z112: =CONCATENATE("Heren (",COUNTA(AA113:AA118),")") -> Heren (1) | AD112: =CONCATENATE("Dames (",COUNTA(AE113:AE118),")") -> Dames (1) | AG112: =CONCATENATE("Heren (",COUNTA(AH113:AH118),")") -> Heren (1)
B113: {=_xlfn._xlws.FILTER(Spelerslijst!$B:$B,Spelerslijst!$G:$G=B$111,"")} -> Alisa Stomp | C113: {=_xlfn._xlws.FILTER(Spelerslijst!$H:$H,Spelerslijst!$G:$G=B$111,"")} -> * | D113: {=_xlfn._xlws.FILTER(Spelerslijst!$D:$D,Spelerslijst!$G:$G=B$111,"")} -> 6 | E113: {=_xlfn._xlws.FILTER(Spelerslijst!$L:$L,Spelerslijst!$Q:$Q=B$111,"")} -> Amos Alberts | F113: {=_xlfn._xlws.FILTER(Spelerslijst!$R:$R,Spelerslijst!$Q:$Q=B$111,"")} -> * | G113: {=_xlfn._xlws.FILTER(Spelerslijst!$N:$N,Spelerslijst!$Q:$Q=B$111,"")} -> 6 | I113: {=_xlfn._xlws.FILTER(Spelerslijst!$B:$B,Spelerslijst!$G:$G=I$111,"")} -> Livia van de Burgt | J113: {=_xlfn._xlws.FILTER(Spelerslijst!$H:$H,Spelerslijst!$G:$G=I$111,"")} -> * | K113: {=_xlfn._xlws.FILTER(Spelerslijst!$D:$D,Spelerslijst!$G:$G=I$111,"")} -> 6 | L113: {=_xlfn._xlws.FILTER(Spelerslijst!$L:$L,Spelerslijst!$Q:$Q=I$111,"")} -> Art Malschaert | M113: {=_xlfn._xlws.FILTER(Spelerslijst!$R:$R,Spelerslijst!$Q:$Q=I$111,"")} -> * | N113: {=_xlfn._xlws.FILTER(Spelerslijst!$N:$N,Spelerslijst!$Q:$Q=I$111,"")} -> 6 | P113: {=_xlfn._xlws.FILTER(Spelerslijst!$B:$B,Spelerslijst!$G:$G=P$111,"")} | Q113: {=_xlfn._xlws.FILTER(Spelerslijst!$H:$H,Spelerslijst!$G:$G=P$111,"")} | R113: {=_xlfn._xlws.FILTER(Spelerslijst!$D:$D,Spelerslijst!$G:$G=P$111,"")} | S113: {=_xlfn._xlws.FILTER(Spelerslijst!$L:$L,Spelerslijst!$Q:$Q=P$111,"")} | T113: {=_xlfn._xlws.FILTER(Spelerslijst!$R:$R,Spelerslijst!$Q:$Q=P$111,"")} | U113: {=_xlfn._xlws.FILTER(Spelerslijst!$N:$N,Spelerslijst!$Q:$Q=P$111,"")} | W113: {=_xlfn._xlws.FILTER(Spelerslijst!$B:$B,Spelerslijst!$G:$G=W$111,"")} | X113: {=_xlfn._xlws.FILTER(Spelerslijst!$H:$H,Spelerslijst!$G:$G=W$111,"")} | Y113: {=_xlfn._xlws.FILTER(Spelerslijst!$D:$D,Spelerslijst!$G:$G=W$111,"")} | Z113: {=_xlfn._xlws.FILTER(Spelerslijst!$L:$L,Spelerslijst!$Q:$Q=W$111,"")} | AA113: {=_xlfn._xlws.FILTER(Spelerslijst!$R:$R,Spelerslijst!$Q:$Q=W$111,"")} | AB113: {=_xlfn._xlws.FILTER(Spelerslijst!$N:$N,Spelerslijst!$Q:$Q=W$111,"")} | AD113: {=_xlfn._xlws.FILTER(Spelerslijst!$B:$B,Spelerslijst!$G:$G=AD$111,"")} | AE113: {=_xlfn._xlws.FILTER(Spelerslijst!$H:$H,Spelerslijst!$G:$G=AD$111,"")} | AF113: {=_xlfn._xlws.FILTER(Spelerslijst!$D:$D,Spelerslijst!$G:$G=AD$111,"")} | AG113: {=_xlfn._xlws.FILTER(Spelerslijst!$L:$L,Spelerslijst!$Q:$Q=AD$111,"")} | AH113: {=_xlfn._xlws.FILTER(Spelerslijst!$R:$R,Spelerslijst!$Q:$Q=AD$111,"")} | AI113: {=_xlfn._xlws.FILTER(Spelerslijst!$N:$N,Spelerslijst!$Q:$Q=AD$111,"")}
B114: Imme Bouman | C114: F2 | D114: 7 | I114: Sanna de Lange | J114: K | K114: 6 | L114: Sem van de Wiel | M114: * | N114: 6
B115: Karlijn Bakker | C115: F2 | D115: 7 | I115: Vive Jacobs | J115: F2 | K115: 6
B116: Lara Mans | C116: * | D116: 5 | I116: Wies van den Berg | J116: * | K116: 7
B119: {=_xlfn._xlws.FILTER(Staf!$C:$C,Staf!$B:$B=Teams!B111,"")} -> Trainer/Coach | C119: {=_xlfn._xlws.FILTER(Staf!$A:$A,Staf!$B:$B=Teams!B111,"")} -> Lianne Stomp - vd Burgt | I119: {=_xlfn._xlws.FILTER(Staf!$C:$C,Staf!$B:$B=Teams!I111,"")} -> Trainer/Coach | J119: {=_xlfn._xlws.FILTER(Staf!$A:$A,Staf!$B:$B=Teams!I111,"")} -> Seth vd Burgt | P119: {=_xlfn._xlws.FILTER(Staf!$C:$C,Staf!$B:$B=Teams!P111,"")} | Q119: {=_xlfn._xlws.FILTER(Staf!$A:$A,Staf!$B:$B=Teams!P111,"")} | W119: {=_xlfn._xlws.FILTER(Staf!$C:$C,Staf!$B:$B=Teams!W111,"")} | X119: {=_xlfn._xlws.FILTER(Staf!$A:$A,Staf!$B:$B=Teams!W111,"")} | AD119: {=_xlfn._xlws.FILTER(Staf!$C:$C,Staf!$B:$B=Teams!AD111,"")} | AE119: {=_xlfn._xlws.FILTER(Staf!$A:$A,Staf!$B:$B=Teams!AD111,"")}
B120: Trainer/Coach | C120: Noa Stomp | I120: Trainer/Coach | J120: Sophie Kilsdonk
I121: Trainer/Coach | J121: Jet van Trooijen
I122: Trainer/Coach | J122: Kimberly Jacobs
A124: Kangoeroes | B124: K | G124: =AVERAGE(D126:D135,G126:G135) -> 5
B125: =CONCATENATE("Dames (",COUNTA(C126:C133),")") -> Dames (1) | E125: =CONCATENATE("Heren (",COUNTA(F126:F133),")") -> Heren (1)
B126: {=_xlfn._xlws.FILTER(Spelerslijst!$B:$B,Spelerslijst!$G:$G=B$124,"")} -> Diede van den Boogaart | C126: {=_xlfn._xlws.FILTER(Spelerslijst!$H:$H,Spelerslijst!$G:$G=B$124,"")} -> K | D126: {=_xlfn._xlws.FILTER(Spelerslijst!$D:$D,Spelerslijst!$G:$G=B$124,"")} -> 5 | E126: {=_xlfn._xlws.FILTER(Spelerslijst!$L:$L,Spelerslijst!$Q:$Q=B$124,"")} | F126: {=_xlfn._xlws.FILTER(Spelerslijst!$R:$R,Spelerslijst!$Q:$Q=B$124,"")} | G126: {=_xlfn._xlws.FILTER(Spelerslijst!$N:$N,Spelerslijst!$Q:$Q=B$124,"")}
...

Sheet Spelerslijst
A1: Rel.nr | B1: Naam & Initialen) | C1: Roepnaam | D1: Leeftijd Peildatum | E1: Geb datum | F1: Team op Peildatum | G1: Team 23-24 | H1: Team 22-23 | I1: AR | K1: Rel.nr | L1: Naam & Initialen | M1: Roepnaam | N1: Leeftijd Peildatum | O1: Geb datum | P1: Team op Peildatum | Q1: Team 23-24 | R1: Team 22-232 | S1: AR
A2: NLH27P1 | B2: Amber de Haas | C2: Amber | D2: =VLOOKUP(YEAR(Tabel1[[#This Row],[Geb datum]]),Tabel8[#All],2,FALSE) -> 16 | E2: 39114 | F2: =VLOOKUP(YEAR(Tabel1[[#This Row],[Geb datum]]),Tabel8[#All],3,FALSE) -> A | G2: A1 | H2: B1 | K2: NLG58X4 | L2: Freek van Dongen | M2: Freek | N2: =VLOOKUP(YEAR(Tabel3[[#This Row],[Geb datum]]),Tabel8[#All],2,FALSE) -> 16 | O2: 39196 | P2: =VLOOKUP(YEAR(Tabel3[[#This Row],[Geb datum]]),Tabel8[#All],3,FALSE) -> A | Q2: A2 | R2: B2
A3: NKT92K1 | B3: Anouk de Jongh | C3: Anouk | D3: =VLOOKUP(YEAR(Tabel1[[#This Row],[Geb datum]]),Tabel8[#All],2,FALSE) -> 18 | E3: 38597 | F3: =VLOOKUP(YEAR(Tabel1[[#This Row],[Geb datum]]),Tabel8[#All],3,FALSE) -> A | G3: A2 | H3: A2 | K3: NLL19V8 | L3: Jack Zwanenburg | M3: Jack | N3: =VLOOKUP(YEAR(Tabel3[[#This Row],[Geb datum]]),Tabel8[#All],2,FALSE) -> 16 | O3: 39356 | P3: =VLOOKUP(YEAR(Tabel3[[#This Row],[Geb datum]]),Tabel8[#All],3,FALSE) -> A | Q3: A1 | R3: B1
A4: NLB70S0 | B4: Elena Quarré | C4: Elena | D4: =VLOOKUP(YEAR(Tabel1[[#This Row],[Geb datum]]),Tabel8[#All],2,FALSE) -> 18 | E4: 38509 | F4: =VLOOKUP(YEAR(Tabel1[[#This Row],[Geb datum]]),Tabel8[#All],3,FALSE) -> A | G4: A2 | H4: A2 | K4: NLG57L7 | L4: Jarno Valk | M4: Jarno | N4: =VLOOKUP(YEAR(Tabel3[[#This Row],[Geb datum]]),Tabel8[#All],2,FALSE) -> 16 | O4: 39367 | P4: =VLOOKUP(YEAR(Tabel3[[#This Row],[Geb datum]]),Tabel8[#All],3,FALSE) -> A | Q4: A1 | R4: B1
A5: NLP78N3 | B5: Iza Wolleswinkel | C5: Iza | D5: =VLOOKUP(YEAR(Tabel1[[#This Row],[Geb datum]]),Tabel8[#All],2,FALSE) -> 16 | E5: 39328 | F5: =VLOOKUP(YEAR(Tabel1[[#This Row],[Geb datum]]),Tabel8[#All],3,FALSE) -> A | G5: A1 | H5: B1 | K5: NLG59F1 | L5: Jens Lohuis | M5: Jens | N5: =VLOOKUP(YEAR(Tabel3[[#This Row],[Geb datum]]),Tabel8[#All],2,FALSE) -> 18 | O5: 38578 | P5: =VLOOKUP(YEAR(Tabel3[[#This Row],[Geb datum]]),Tabel8[#All],3,FALSE) -> A | Q5: A1 | R5: A1
A6: NLF50K8 | B6: Lindi Fasbender | C6: Lindi | D6: =VLOOKUP(YEAR(Tabel1[[#This Row],[Geb datum]]),Tabel8[#All],2,FALSE) -> 18 | E6: 38656 | F6: =VLOOKUP(YEAR(Tabel1[[#This Row],[Geb datum]]),Tabel8[#All],3,FALSE) -> A | G6: A2 | H6: A2 | K6: NLB70Y2 | L6: Joeke Meijer | M6: Joeke | N6: =VLOOKUP(YEAR(Tabel3[[#This Row],[Geb datum]]),Tabel8[#All],2,FALSE) -> 18 | O6: 38617 | P6: =VLOOKUP(YEAR(Tabel3[[#This Row],[Geb datum]]),Tabel8[#All],3,FALSE) -> A | Q6: Stopt | R6: A2
A7: NLL20B6 | B7: Maud van Wensen | C7: Maud | D7: =VLOOKUP(YEAR(Tabel1[[#This Row],[Geb datum]]),Tabel8[#All],2,FALSE) -> 18 | E7: 38451 | F7: =VLOOKUP(YEAR(Tabel1[[#This Row],[Geb datum]]),Tabel8[#All],3,FALSE) -> A | G7: A2 | H7: A1 | K7: NKX66T5 | L7: Joël Wietses | M7: Joël | N7: =VLOOKUP(YEAR(Tabel3[[#This Row],[Geb datum]]),Tabel8[#All],2,FALSE) -> 18 | O7: 38502 | P7: =VLOOKUP(YEAR(Tabel3[[#This Row],[Geb datum]]),Tabel8[#All],3,FALSE) -> A | Q7: A2 | R7: A2
A8: NLL81G4 | B8: Merel Manduapessy | C8: Merel | D8: =VLOOKUP(YEAR(Tabel1[[#This Row],[Geb datum]]),Tabel8[#All],2,FALSE) -> 16 | E8: 39324 | F8: =VLOOKUP(YEAR(Tabel1[[#This Row],[Geb datum]]),Tabel8[#All],3,FALSE) -> A | G8: A1 | H8: B1 | K8: NLG58W7 | L8: Jordi Vaartmans | M8: Jordi | N8: =VLOOKUP(YEAR(Tabel3[[#This Row],[Geb datum]]),Tabel8[#All],2,FALSE) -> 17 | O8: 39069 | P8: =VLOOKUP(YEAR(Tabel3[[#This Row],[Geb datum]]),Tabel8[#All],3,FALSE) -> A | Q8: A1 | R8: B1
A9: NLL19T4 | B9: Mila de Wit | C9: Mila | D9: =VLOOKUP(YEAR(Tabel1[[#This Row],[Geb datum]]),Tabel8[#All],2,FALSE) -> 16 | E9: 39433 | F9: =VLOOKUP(YEAR(Tabel1[[#This Row],[Geb datum]]),Tabel8[#All],3,FALSE) -> A | G9: A2 | H9: B2 | K9: NLG59G8 | L9: Senne Koster | M9: Senne | N9: =VLOOKUP(YEAR(Tabel3[[#This Row],[Geb datum]]),Tabel8[#All],2,FALSE) -> 18 | O9: 38657 | P9: =VLOOKUP(YEAR(Tabel3[[#This Row],[Geb datum]]),Tabel8[#All],3,FALSE) -> A | Q9: A1 | R9: A1
A10: NKY17P6 | B10: Roos Groeneweg | C10: Roos | D10: =VLOOKUP(YEAR(Tabel1[[#This Row],[Geb datum]]),Tabel8[#All],2,FALSE) -> 18 | E10: 38432 | F10: =VLOOKUP(YEAR(Tabel1[[#This Row],[Geb datum]]),Tabel8[#All],3,FALSE) -> A | G10: A1 | H10: A1 | K10: NLL20F4 | L10: Seth van de Burgt | M10: Seth | N10: =VLOOKUP(YEAR(Tabel3[[#This Row],[Geb datum]]),Tabel8[#All],2,FALSE) -> 17 | O10: 39018 | P10: =VLOOKUP(YEAR(Tabel3[[#This Row],[Geb datum]]),Tabel8[#All],3,FALSE) -> A | Q10: A2 | R10: B2
A11: NLB71D8 | B11: Sara Boshoven | C11: Sara | D11: =VLOOKUP(YEAR(Tabel1[[#This Row],[Geb datum]]),Tabel8[#All],2,FALSE) -> 18 | E11: 38635 | F11: =VLOOKUP(YEAR(Tabel1[[#This Row],[Geb datum]]),Tabel8[#All],3,FALSE) -> A | G11: A1 | H11: A1 | K11: NLG57P5 | L11: Tijn Bäcker | M11: Tijn | N11: =VLOOKUP(YEAR(Tabel3[[#This Row],[Geb datum]]),Tabel8[#All],2,FALSE) -> 16 | O11: 39239 | P11: =VLOOKUP(YEAR(Tabel3[[#This Row],[Geb datum]]),Tabel8[#All],3,FALSE) -> A | Q11: A2 | R11: B1
A12: NLB70T7 | B12: Amber Boeije | C12: Amber | D12: =VLOOKUP(YEAR(Tabel1[[#This Row],[Geb datum]]),Tabel8[#All],2,FALSE) -> 18 | E12: 38480 | F12: =VLOOKUP(YEAR(Tabel1[[#This Row],[Geb datum]]),Tabel8[#All],3,FALSE) -> A | G12: A3 | H12: A3 | K12: NLM05B2 | L12: Tycho Vliet | M12: Tycho | N12: =VLOOKUP(YEAR(Tabel3[[#This Row],[Geb datum]]),Tabel8[#All],2,FALSE) -> 16 | O12: 39346 | P12: =VLOOKUP(YEAR(Tabel3[[#This Row],[Geb datum]]),Tabel8[#All],3,FALSE) -> A | Q12: B2 | R12: B2
A13: NKS24S7 | B13: Bente van Wijngaarden | C13: Bente | D13: =VLOOKUP(YEAR(Tabel1[[#This Row],[Geb datum]]),Tabel8[#All],2,FALSE) -> 17 | E13: 38928 | F13: =VLOOKUP(YEAR(Tabel1[[#This Row],[Geb datum]]),Tabel8[#All],3,FALSE) -> A | G13: A3 | H13: A3 | K13: NLB71F2 | L13: Wouter Koornneef | M13: Wouter | N13: =VLOOKUP(YEAR(Tabel3[[#This Row],[Geb datum]]),Tabel8[#All],2,FALSE) -> 18 | O13: 38517 | P13: =VLOOKUP(YEAR(Tabel3[[#This Row],[Geb datum]]),Tabel8[#All],3,FALSE) -> A | Q13: A2 | R13: A2
... A17: NLJ47P3 | B17: Tessa van Everdingen | C17: Tessa | D17: =VLOOKUP(YEAR(Tabel1[[#This Row],[Geb datum]]),Tabel8[#All],2,FALSE) -> 17 | E17: 38900 | F17: =VLOOKUP(YEAR(Tabel1[[#This Row],[Geb datum]]),Tabel8[#All],3,FALSE) -> A | G17: A3 | H17: A3 | K17: NLB71B4 | L17: Tommie Koornneef | M17: Tommie | N17: =VLOOKUP(YEAR(Tabel3[[#This Row],[Geb datum]]),Tabel8[#All],2,FALSE) -> 16 | O17: 39123 | P17: =VLOOKUP(YEAR(Tabel3[[#This Row],[Geb datum]]),Tabel8[#All],3,FALSE) -> A | Q17: A3 | R17: B4
B18: Vivienne Versnel | C18: Vivienne | G18: A3 | H18: * | K18: NJH39X4 | L18: Bart van der Brugge | M18: Bart | N18: =VLOOKUP(YEAR(Tabel3[[#This Row],[Geb datum]]),Tabel8[#All],2,FALSE) -> 28 | O18: 34900 | P18: =VLOOKUP(YEAR(Tabel3[[#This Row],[Geb datum]]),Tabel8[#All],3,FALSE) -> S | Q18: AR | R18: AR
A19: NKD19X7 | B19: Anne Driesprong | C19: Anne | D19: =VLOOKUP(YEAR(Tabel1[[#This Row],[Geb datum]]),Tabel8[#All],2,FALSE) -> 23 | E19: 36727 | F19: =VLOOKUP(YEAR(Tabel1[[#This Row],[Geb datum]]),Tabel8[#All],3,FALSE) -> S | G19: AR | H19: AR | K19: NKX66V9 | L19: Bert Seevinck | M19: Bert | N19: =VLOOKUP(YEAR(Tabel3[[#This Row],[Geb datum]]),Tabel8[#All],2,FALSE) -> 62 | O19: 22358 | P19: =VLOOKUP(YEAR(Tabel3[[#This Row],[Geb datum]]),Tabel8[#All],3,FALSE) -> S | Q19: AR | R19: AR
A20: NKX56Q9 | B20: Damaris Everaarts | C20: Damaris | D20: =VLOOKUP(YEAR(Tabel1[[#This Row],[Geb datum]]),Tabel8[#All],2,FALSE) -> 44 | E20: 28948 | F20: =VLOOKUP(YEAR(Tabel1[[#This Row],[Geb datum]]),Tabel8[#All],3,FALSE) -> S | G20: AR | H20: AR | K20: NJG52P6 | L20: Freek de Peuter | M20: Freek | N20: =VLOOKUP(YEAR(Tabel3[[#This Row],[Geb datum]]),Tabel8[#All],2,FALSE) -> 27 | O20: 35270 | P20: =VLOOKUP(YEAR(Tabel3[[#This Row],[Geb datum]]),Tabel8[#All],3,FALSE) -> S | Q20: AR | R20: S2
A21: NGT43N2 | B21: Hilde Visser | C21: Hilde | D21: =VLOOKUP(YEAR(Tabel1[[#This Row],[Geb datum]]),Tabel8[#All],2,FALSE) -> 33 | E21: 33146 | F21: =VLOOKUP(YEAR(Tabel1[[#This Row],[Geb datum]]),Tabel8[#All],3,FALSE) -> S | G21: AR | H21: S4 | K21: NFW28T5 | L21: Jasper Kleingeld | M21: Jasper | N21: =VLOOKUP(YEAR(Tabel3[[#This Row],[Geb datum]]),Tabel8[#All],2,FALSE) -> 38 | O21: 31083 | P21: =VLOOKUP(YEAR(Tabel3[[#This Row],[Geb datum]]),Tabel8[#All],3,FALSE) -> S | Q21: AR | R21: AR
A22: NJW77M6 | B22: Merel Schram | C22: Merel | D22: =VLOOKUP(YEAR(Tabel1[[#This Row],[Geb datum]]),Tabel8[#All],2,FALSE) -> 24 | E22: 36432 | F22: =VLOOKUP(YEAR(Tabel1[[#This Row],[Geb datum]]),Tabel8[#All],3,FALSE) -> S | G22: AR | H22: S2 | K22: NJH51J2 | L22: Jeroen Huijgen | M22: Jeroen | N22: =VLOOKUP(YEAR(Tabel3[[#This Row],[Geb datum]]),Tabel8[#All],2,FALSE) -> 27 | O22: 35145 | P22: =VLOOKUP(YEAR(Tabel3[[#This Row],[Geb datum]]),Tabel8[#All],3,FALSE) -> S | Q22: AR | R22: AR
A23: NGT43H0 | B23: Mirjam Noordam | C23: Mirjam | D23: =VLOOKUP(YEAR(Tabel1[[#This Row],[Geb datum]]),Tabel8[#All],2,FALSE) -> 36 | E23: 32119 | F23: =VLOOKUP(YEAR(Tabel1[[#This Row],[Geb datum]]),Tabel8[#All],3,FALSE) -> S | G23: AR | H23: S4 | K23: NFW15F3 | L23: Johan van der Wall | M23: Johan | N23: =VLOOKUP(YEAR(Tabel3[[#This Row],[Geb datum]]),Tabel8[#All],2,FALSE) -> 58 | O23: 24003 | P23: =VLOOKUP(YEAR(Tabel3[[#This Row],[Geb datum]]),Tabel8[#All],3,FALSE) -> S | Q23: AR | R23: AR
A24: NKF94H2 | B24: Tirsa Fernhout | C24: Tirsa | D24: =VLOOKUP(YEAR(Tabel1[[#This Row],[Geb datum]]),Tabel8[#All],2,FALSE) -> 25 | E24: 35817 | F24: =VLOOKUP(YEAR(Tabel1[[#This Row],[Geb datum]]),Tabel8[#All],3,FALSE) -> S | G24: AR | H24: AR | K24: NJF53H2 | L24: Lars van Strijen | M24: Lars | N24: =VLOOKUP(YEAR(Tabel3[[#This Row],[Geb datum]]),Tabel8[#All],2,FALSE) -> 27 | O24: 35330 | P24: =VLOOKUP(YEAR(Tabel3[[#This Row],[Geb datum]]),Tabel8[#All],3,FALSE) -> S | Q24: AR | R24: AR
A25: NLY40X3 | B25: Anjanette Matena | C25: Anjanette | D25: =VLOOKUP(YEAR(Tabel1[[#This Row],[Geb datum]]),Tabel8[#All],2,FALSE) -> 14 | E25: 39961 | F25: =VLOOKUP(YEAR(Tabel1[[#This Row],[Geb datum]]),Tabel8[#All],3,FALSE) -> B | G25: Stopt | H25: C1 | K25: NFX11D8 | L25: Lex van Dalen | M25: Lex | N25: =VLOOKUP(YEAR(Tabel3[[#This Row],[Geb datum]]),Tabel8[#All],2,FALSE) -> 56 | O25: 24583 | P25: =VLOOKUP(YEAR(Tabel3[[#This Row],[Geb datum]]),Tabel8[#All],3,FALSE) -> S | Q25: AR | R25: AR
A26: NLP78D3 | B26: Benthe van der Linden | C26: Benthe | D26: =VLOOKUP(YEAR(Tabel1[[#This Row],[Geb datum]]),Tabel8[#All],2,FALSE) -> 15 | E26: 39629 | F26: =VLOOKUP(YEAR(Tabel1[[#This Row],[Geb datum]]),Tabel8[#All],3,FALSE) -> B | G26: B2 | H26: B2 | K26: NJH51W3 | L26: Peter Berendsen | M26: Peter | N26: =VLOOKUP(YEAR(Tabel3[[#This Row],[Geb datum]]),Tabel8[#All],2,FALSE) -> 26 | O26: 35488 | P26: =VLOOKUP(YEAR(Tabel3[[#This Row],[Geb datum]]),Tabel8[#All],3,FALSE) -> S | Q26: AR | R26: AR
A27: NLN05N7 | B27: Carmen van der Klooster | C27: Carmen | D27: =VLOOKUP(YEAR(Tabel1[[#This Row],[Geb datum]]),Tabel8[#All],2,FALSE) -> 15 | E27: 39760 | F27: =VLOOKUP(YEAR(Tabel1[[#This Row],[Geb datum]]),Tabel8[#All],3,FALSE) -> B | G27: B1 | H27: B1 | K27: NGT42V5 | L27: Rens Draaijer | M27: Rens | N27: =VLOOKUP(YEAR(Tabel3[[#This Row],[Geb datum]]),Tabel8[#All],2,FALSE) -> 33 | O27: 33211 | P27: =VLOOKUP(YEAR(Tabel3[[#This Row],[Geb datum]]),Tabel8[#All],3,FALSE) -> S | Q27: AR | R27: AR
A28: NLT96R9 | B28: Doeska Voorbij | C28: Doeska | D28: =VLOOKUP(YEAR(Tabel1[[#This Row],[Geb datum]]),Tabel8[#All],2,FALSE) -> 15 | E28: 39751 | F28: =VLOOKUP(YEAR(Tabel1[[#This Row],[Geb datum]]),Tabel8[#All],3,FALSE) -> B | G28: B1 | H28: B2 | K28: NGP49B2 | L28: Robbert van Ameijden | M28: Robbert | N28: =VLOOKUP(YEAR(Tabel3[[#This Row],[Geb datum]]),Tabel8[#All],2,FALSE) -> 33 | O28: 32911 | P28: =VLOOKUP(YEAR(Tabel3[[#This Row],[Geb datum]]),Tabel8[#All],3,FALSE) -> S | Q28: AR | R28: AR
A29: NLL20G1 | B29: Elize van de Burgt | C29: Elize | D29: =VLOOKUP(YEAR(Tabel1[[#This Row],[Geb datum]]),Tabel8[#All],2,FALSE) -> 15 | E29: 39804 | F29: =VLOOKUP(YEAR(Tabel1[[#This Row],[Geb datum]]),Tabel8[#All],3,FALSE) -> B | G29: B2 | H29: B2 | K29: NKG59J2 | L29: Tim Groeneweg | M29: Tim | N29: =VLOOKUP(YEAR(Tabel3[[#This Row],[Geb datum]]),Tabel8[#All],2,FALSE) -> 22 | O29: 37246 | P29: =VLOOKUP(YEAR(Tabel3[[#This Row],[Geb datum]]),Tabel8[#All],3,FALSE) -> S | Q29: AR | R29: S2
A30: NLJ04Z4 | B30: Floor Lohuis | C30: Floor | D30: =VLOOKUP(YEAR(Tabel1[[#This Row],[Geb datum]]),Tabel8[#All],2,FALSE) -> 14 | E30: 39878 | F30: =VLOOKUP(YEAR(Tabel1[[#This Row],[Geb datum]]),Tabel8[#All],3,FALSE) -> B | G30: B2 | H30: C2 | K30: NJF34K6 | L30: Tom Hendriks | M30: Tom | N30: =VLOOKUP(YEAR(Tabel3[[#This Row],[Geb datum]]),Tabel8[#All],2,FALSE) -> 27 | O30: 35092 | P30: =VLOOKUP(YEAR(Tabel3[[#This Row],[Geb datum]]),Tabel8[#All],3,FALSE) -> S | Q30: AR | R30: AR
... A85: NMD34T8 | B85: Lisa Exalto | C85: Lisa | D85: =VLOOKUP(YEAR(Tabel1[[#This Row],[Geb datum]]),Tabel8[#All],2,FALSE) -> 9 | E85: 41807 | F85: =VLOOKUP(YEAR(Tabel1[[#This Row],[Geb datum]]),Tabel8[#All],3,FALSE) -> E | G85: E2 | H85: E5 | K85: NMV01T2 | L85: Rens Boekee | M85: Rens | N85: =VLOOKUP(YEAR(Tabel3[[#This Row],[Geb datum]]),Tabel8[#All],2,FALSE) -> 8 | O85: 42156 | P85: =VLOOKUP(YEAR(Tabel3[[#This Row],[Geb datum]]),Tabel8[#All],3,FALSE) -> E | Q85: E4 | R85: F1
A86: NMQ40P6 | B86: Emma Schot | C86: Emma | D86: =VLOOKUP(YEAR(Tabel1[[#This Row],[Geb datum]]),Tabel8[#All],2,FALSE) -> 10 | E86: 41586 | F86: =VLOOKUP(YEAR(Tabel1[[#This Row],[Geb datum]]),Tabel8[#All],3,FALSE) -> D | G86: E3 | H86: E7 | L86: Gideon Verberkt | M86: Gideon | N86: =VLOOKUP(YEAR(Tabel3[[#This Row],[Geb datum]]),Tabel8[#All],2,FALSE) -> 9 | O86: 41640 | P86: =VLOOKUP(YEAR(Tabel3[[#This Row],[Geb datum]]),Tabel8[#All],3,FALSE) -> E | Q86: E5 | R86: *
A87: NML14J6 | B87: Suze Maaskant | C87: Suze | D87: =VLOOKUP(YEAR(Tabel1[[#This Row],[Geb datum]]),Tabel8[#All],2,FALSE) -> 8 | E87: 42188 | F87: =VLOOKUP(YEAR(Tabel1[[#This Row],[Geb datum]]),Tabel8[#All],3,FALSE) -> E | G87: E3 | H87: F2 | K87: NMV70H0 | L87: Timo van der Sijde | M87: Timo | N87: =VLOOKUP(YEAR(Tabel3[[#This Row],[Geb datum]]),Tabel8[#All],2,FALSE) -> 8 | O87: 42324 | P87: =VLOOKUP(YEAR(Tabel3[[#This Row],[Geb datum]]),Tabel8[#All],3,FALSE) -> E | Q87: E5 | R87: *
A88: NMS99T8 | B88: Tess Rebollo | C88: Tess | D88: =VLOOKUP(YEAR(Tabel1[[#This Row],[Geb datum]]),Tabel8[#All],2,FALSE) -> 8 | E88: 42111 | F88: =VLOOKUP(YEAR(Tabel1[[#This Row],[Geb datum]]),Tabel8[#All],3,FALSE) -> E | G88: E3 | H88: F2 | K88: NMV71X5 | L88: Amos Alberts | M88: Amos | N88: =VLOOKUP(YEAR(Tabel3[[#This Row],[Geb datum]]),Tabel8[#All],2,FALSE) -> 6 | O88: 42901 | P88: =VLOOKUP(YEAR(Tabel3[[#This Row],[Geb datum]]),Tabel8[#All],3,FALSE) -> F | Q88: F1 | R88: *
A89: NMM97Y1 | B89: Maartje Laban | C89: Maartje | D89: =VLOOKUP(YEAR(Tabel1[[#This Row],[Geb datum]]),Tabel8[#All],2,FALSE) -> 8 | E89: 42058 | F89: =VLOOKUP(YEAR(Tabel1[[#This Row],[Geb datum]]),Tabel8[#All],3,FALSE) -> E | G89: E4 | H89: F1 | K89: NMV76G1 | L89: Art Malschaert | M89: Art | N89: =VLOOKUP(YEAR(Tabel3[[#This Row],[Geb datum]]),Tabel8[#All],2,FALSE) -> 6 | O89: 42955 | P89: =VLOOKUP(YEAR(Tabel3[[#This Row],[Geb datum]]),Tabel8[#All],3,FALSE) -> F | Q89: F2 | R89: *
A90: NMK64V4 | B90: Robin Mans | C90: Robin | D90: =VLOOKUP(YEAR(Tabel1[[#This Row],[Geb datum]]),Tabel8[#All],2,FALSE) -> 8 | E90: 42249 | F90: =VLOOKUP(YEAR(Tabel1[[#This Row],[Geb datum]]),Tabel8[#All],3,FALSE) -> E | G90: E4 | H90: F1 | L90: Sem van de Wiel | M90: Sem | N90: =VLOOKUP(YEAR(Tabel3[[#This Row],[Geb datum]]),Tabel8[#All],2,FALSE) -> 6 | O90: 42736 | P90: =VLOOKUP(YEAR(Tabel3[[#This Row],[Geb datum]]),Tabel8[#All],3,FALSE) -> F | Q90: F2 | R90: *
A91: NML53R9 | B91: Sofie Kleingeld | C91: Sofie | D91: =VLOOKUP(YEAR(Tabel1[[#This Row],[Geb datum]]),Tabel8[#All],2,FALSE) -> 8 | E91: 42096 | F91: =VLOOKUP(YEAR(Tabel1[[#This Row],[Geb datum]]),Tabel8[#All],3,FALSE) -> E | G91: E4 | H91: F1 | L91: Hans Ploeg | M91: Hans | N91: =VLOOKUP(YEAR(Tabel3[[#This Row],[Geb datum]]),Tabel8[#All],2,FALSE) -> 38 | O91: 31048 | P91: =VLOOKUP(YEAR(Tabel3[[#This Row],[Geb datum]]),Tabel8[#All],3,FALSE) -> S | Q91: MW1 | R91: *
A92: NMS40B0 | B92: Aniek van den Bergh | C92: Aniek | D92: =VLOOKUP(YEAR(Tabel1[[#This Row],[Geb datum]]),Tabel8[#All],2,FALSE) -> 8 | E92: 42308 | F92: =VLOOKUP(YEAR(Tabel1[[#This Row],[Geb datum]]),Tabel8[#All],3,FALSE) -> E | G92: E5 | H92: F2 | K92: NFW42X5 | L92: Michiel 't Jong | M92: Michiel | N92: =VLOOKUP(YEAR(Tabel3[[#This Row],[Geb datum]]),Tabel8[#All],2,FALSE) -> 42 | O92: 29718 | P92: =VLOOKUP(YEAR(Tabel3[[#This Row],[Geb datum]]),Tabel8[#All],3,FALSE) -> S | Q92: MW1 | R92: MW1
A93: NMQ57Y5 | B93: Feliz Lanser | C93: Feliz | D93: =VLOOKUP(YEAR(Tabel1[[#This Row],[Geb datum]]),Tabel8[#All],2,FALSE) -> 8 | E93: 42333 | F93: =VLOOKUP(YEAR(Tabel1[[#This Row],[Geb datum]]),Tabel8[#All],3,FALSE) -> E | G93: E5 | H93: F2 | K93: NFZ85W0 | L93: Peter Batenburg | M93: Peter | N93: =VLOOKUP(YEAR(Tabel3[[#This Row],[Geb datum]]),Tabel8[#All],2,FALSE) -> 41 | O93: 30083 | P93: =VLOOKUP(YEAR(Tabel3[[#This Row],[Geb datum]]),Tabel8[#All],3,FALSE) -> S | Q93: MW1 | R93: *
A94: NMS09V7 | B94: Julia van Twist | C94: Julia | D94: =VLOOKUP(YEAR(Tabel1[[#This Row],[Geb datum]]),Tabel8[#All],2,FALSE) -> 8 | E94: 42234 | F94: =VLOOKUP(YEAR(Tabel1[[#This Row],[Geb datum]]),Tabel8[#All],3,FALSE) -> E | G94: E5 | H94: F2 | K94: NFV13V8 | L94: Ronald Riet | M94: Ronald | N94: =VLOOKUP(YEAR(Tabel3[[#This Row],[Geb datum]]),Tabel8[#All],2,FALSE) -> 40 | O94: 30397 | P94: =VLOOKUP(YEAR(Tabel3[[#This Row],[Geb datum]]),Tabel8[#All],3,FALSE) -> S | Q94: MW1 | R94: MW1
B95: Sanae | C95: Sanae | E95: 42005 | F95: =VLOOKUP(YEAR(Tabel1[[#This Row],[Geb datum]]),Tabel8[#All],3,FALSE) -> E | G95: E5 | H95: * | L95: Sebastiaan Belder | M95: Sebastiaan | N95: =VLOOKUP(YEAR(Tabel3[[#This Row],[Geb datum]]),Tabel8[#All],2,FALSE) -> 43 | O95: 29221 | P95: =VLOOKUP(YEAR(Tabel3[[#This Row],[Geb datum]]),Tabel8[#All],3,FALSE) -> S | Q95: MW1 | R95: *
A96: NMV61M3 | B96: Alisa Stomp | C96: Alisa | D96: =VLOOKUP(YEAR(Tabel1[[#This Row],[Geb datum]]),Tabel8[#All],2,FALSE) -> 6 | E96: 42919 | F96: =VLOOKUP(YEAR(Tabel1[[#This Row],[Geb datum]]),Tabel8[#All],3,FALSE) -> F | G96: F1 | H96: * | K96: NKH71P1 | L96: Wilco Kooij | M96: Wilco | N96: =VLOOKUP(YEAR(Tabel3[[#This Row],[Geb datum]]),Tabel8[#All],2,FALSE) -> 48 | O96: 27643 | P96: =VLOOKUP(YEAR(Tabel3[[#This Row],[Geb datum]]),Tabel8[#All],3,FALSE) -> S | Q96: MW1 | R96: MW1
A97: NMS67Y2 | B97: Imme Bouman | C97: Imme | D97: =VLOOKUP(YEAR(Tabel1[[#This Row],[Geb datum]]),Tabel8[#All],2,FALSE) -> 7 | E97: 42481 | F97: =VLOOKUP(YEAR(Tabel1[[#This Row],[Geb datum]]),Tabel8[#All],3,FALSE) -> F | G97: F1 | H97: F2 | K97: NFW40B5 | L97: Erwin Belder | M97: Erwin | N97: =VLOOKUP(YEAR(Tabel3[[#This Row],[Geb datum]]),Tabel8[#All],2,FALSE) -> 46 | O97: 28259 | P97: =VLOOKUP(YEAR(Tabel3[[#This Row],[Geb datum]]),Tabel8[#All],3,FALSE) -> S | Q97: NSL | R97: NSL
A98: NMQ48V2 | B98: Karlijn Bakker | C98: Karlijn | D98: =VLOOKUP(YEAR(Tabel1[[#This Row],[Geb datum]]),Tabel8[#All],2,FALSE) -> 7 | E98: 42549 | F98: =VLOOKUP(YEAR(Tabel1[[#This Row],[Geb datum]]),Tabel8[#All],3,FALSE) -> F | G98: F1 | H98: F2 | K98: NKD19Y4 | L98: Bart Driesprong | M98: Bart | N98: =VLOOKUP(YEAR(Tabel3[[#This Row],[Geb datum]]),Tabel8[#All],2,FALSE) -> 25 | O98: 36077 | P98: =VLOOKUP(YEAR(Tabel3[[#This Row],[Geb datum]]),Tabel8[#All],3,FALSE) -> S | Q98: S1S2 | R98: S1
A99: NMV77N3 | B99: Lara Mans | C99: Lara | D99: =VLOOKUP(YEAR(Tabel1[[#This Row],[Geb datum]]),Tabel8[#All],2,FALSE) -> 5 | E99: 43215 | F99: =VLOOKUP(YEAR(Tabel1[[#This Row],[Geb datum]]),Tabel8[#All],3,FALSE) -> K | G99: F1 | H99: * | K99: NJF95S5 | L99: Bob Mans | M99: Bob | N99: =VLOOKUP(YEAR(Tabel3[[#This Row],[Geb datum]]),Tabel8[#All],2,FALSE) -> 27 | O99: 35372 | P99: =VLOOKUP(YEAR(Tabel3[[#This Row],[Geb datum]]),Tabel8[#All],3,FALSE) -> S | Q99: S1S2 | R99: S2
A100: NMV90Z6 | B100: Livia van de Burgt | C100: Livia | D100: =VLOOKUP(YEAR(Tabel1[[#This Row],[Geb datum]]),Tabel8[#All],2,FALSE) -> 6 | E100: 42979 | F100: =VLOOKUP(YEAR(Tabel1[[#This Row],[Geb datum]]),Tabel8[#All],3,FALSE) -> F | G100: F2 | H100: * | K100: NKY88T2 | L100: Daniel den Uijl | M100: Daniel | N100: =VLOOKUP(YEAR(Tabel3[[#This Row],[Geb datum]]),Tabel8[#All],2,FALSE) -> 20 | O100: 37832 | P100: =VLOOKUP(YEAR(Tabel3[[#This Row],[Geb datum]]),Tabel8[#All],3,FALSE) -> S | Q100: S1S2 | R100: S5
A101: NMQ42K7 | B101: Sanna de Lange | C101: Sanna | D101: =VLOOKUP(YEAR(Tabel1[[#This Row],[Geb datum]]),Tabel8[#All],2,FALSE) -> 6 | E101: 43006 | F101: =VLOOKUP(YEAR(Tabel1[[#This Row],[Geb datum]]),Tabel8[#All],3,FALSE) -> F | G101: F2 | H101: K | L101: Jaimy van Arkel | M101: Jaimy | N101: =VLOOKUP(YEAR(Tabel3[[#This Row],[Geb datum]]),Tabel8[#All],2,FALSE) -> 23 | O101: 36526 | P101: =VLOOKUP(YEAR(Tabel3[[#This Row],[Geb datum]]),Tabel8[#All],3,FALSE) -> S | Q101: S1S2 | R101: *
A102: NMM42W7 | B102: Vive Jacobs | C102: Vive | D102: =VLOOKUP(YEAR(Tabel1[[#This Row],[Geb datum]]),Tabel8[#All],2,FALSE) -> 6 | E102: 42788 | F102: =VLOOKUP(YEAR(Tabel1[[#This Row],[Geb datum]]),Tabel8[#All],3,FALSE) -> F | G102: F2 | H102: F2 | K102: NJD65S8 | L102: Joeri van Dijk | M102: Joeri | N102: =VLOOKUP(YEAR(Tabel3[[#This Row],[Geb datum]]),Tabel8[#All],2,FALSE) -> 25 | O102: 35873 | P102: =VLOOKUP(YEAR(Tabel3[[#This Row],[Geb datum]]),Tabel8[#All],3,FALSE) -> S | Q102: S1S2 | R102: S2
A103: NMV75Z1 | B103: Wies van den Berg | C103: Wies | D103: =VLOOKUP(YEAR(Tabel1[[#This Row],[Geb datum]]),Tabel8[#All],2,FALSE) -> 7 | E103: 42533 | F103: =VLOOKUP(YEAR(Tabel1[[#This Row],[Geb datum]]),Tabel8[#All],3,FALSE) -> F | G103: F2 | H103: * | K103: NLL37Q7 | L103: Jordan Timmer | M103: Jordan | N103: =VLOOKUP(YEAR(Tabel3[[#This Row],[Geb datum]]),Tabel8[#All],2,FALSE) -> 19 | O103: 38010 | P103: =VLOOKUP(YEAR(Tabel3[[#This Row],[Geb datum]]),Tabel8[#All],3,FALSE) -> S | Q103: S1S2 | R103: A1
A104: NMR70L4 | B104: Diede van den Boogaart | C104: Diede | D104: =VLOOKUP(YEAR(Tabel1[[#This Row],[Geb datum]]),Tabel8[#All],2,FALSE) -> 5 | E104: 43409 | F104: =VLOOKUP(YEAR(Tabel1[[#This Row],[Geb datum]]),Tabel8[#All],3,FALSE) -> K | G104: K | H104: K | K104: NJF77Y3 | L104: Marijn Klink | M104: Marijn | N104: =VLOOKUP(YEAR(Tabel3[[#This Row],[Geb datum]]),Tabel8[#All],2,FALSE) -> 26 | O104: 35550 | P104: =VLOOKUP(YEAR(Tabel3[[#This Row],[Geb datum]]),Tabel8[#All],3,FALSE) -> S | Q104: S1S2 | R104: S1
A105: NFW28D3 | B105: Dorien in 't Veld | C105: Dorien | D105: =VLOOKUP(YEAR(Tabel1[[#This Row],[Geb datum]]),Tabel8[#All],2,FALSE) -> 38 | E105: 31086 | F105: =VLOOKUP(YEAR(Tabel1[[#This Row],[Geb datum]]),Tabel8[#All],3,FALSE) -> S | G105: MW1 | H105: MW1 | K105: NJH76N5 | L105: Olivier Klink | M105: Olivier | N105: =VLOOKUP(YEAR(Tabel3[[#This Row],[Geb datum]]),Tabel8[#All],2,FALSE) -> 25 | O105: 36143 | P105: =VLOOKUP(YEAR(Tabel3[[#This Row],[Geb datum]]),Tabel8[#All],3,FALSE) -> S | Q105: S1S2 | R105: AR
A106: NGD85T4 | B106: Kim Heesterbeek | C106: Kim | D106: =VLOOKUP(YEAR(Tabel1[[#This Row],[Geb datum]]),Tabel8[#All],2,FALSE) -> 36 | E106: 31792 | F106: =VLOOKUP(YEAR(Tabel1[[#This Row],[Geb datum]]),Tabel8[#All],3,FALSE) -> S | G106: MW1 | H106: * | K106: NJF24X2 | L106: Robin van Kalkeren | M106: Robin | N106: =VLOOKUP(YEAR(Tabel3[[#This Row],[Geb datum]]),Tabel8[#All],2,FALSE) -> 27 | O106: 35246 | P106: =VLOOKUP(YEAR(Tabel3[[#This Row],[Geb datum]]),Tabel8[#All],3,FALSE) -> S | Q106: S1S2 | R106: S1
B107: Kim Scheurwater | C107: Kim | D107: =VLOOKUP(YEAR(Tabel1[[#This Row],[Geb datum]]),Tabel8[#All],2,FALSE) -> 35 | E107: 32143 | F107: =VLOOKUP(YEAR(Tabel1[[#This Row],[Geb datum]]),Tabel8[#All],3,FALSE) -> S | G107: MW1 | H107: * | K107: NGT16K5 | L107: Stefan Naaktgeboren | M107: Stefan | N107: =VLOOKUP(YEAR(Tabel3[[#This Row],[Geb datum]]),Tabel8[#All],2,FALSE) -> 32 | O107: 33241 | P107: =VLOOKUP(YEAR(Tabel3[[#This Row],[Geb datum]]),Tabel8[#All],3,FALSE) -> S | Q107: S1S2 | R107: S2
A108: NGT42S4 | B108: Liesbeth Brand | C108: Liesbeth | D108: =VLOOKUP(YEAR(Tabel1[[#This Row],[Geb datum]]),Tabel8[#All],2,FALSE) -> 33 | E108: 33086 | F108: =VLOOKUP(YEAR(Tabel1[[#This Row],[Geb datum]]),Tabel8[#All],3,FALSE) -> S | G108: MW1 | H108: * | K108: NJZ00W3 | L108: Tim van Gent | M108: Tim | N108: =VLOOKUP(YEAR(Tabel3[[#This Row],[Geb datum]]),Tabel8[#All],2,FALSE) -> 23 | O108: 36567 | P108: =VLOOKUP(YEAR(Tabel3[[#This Row],[Geb datum]]),Tabel8[#All],3,FALSE) -> S | Q108: S1S2 | R108: S2
A109: NMT10Q1 | B109: Mirjam de Wit | C109: Mirjam | D109: =VLOOKUP(YEAR(Tabel1[[#This Row],[Geb datum]]),Tabel8[#All],2,FALSE) -> 43 | E109: 29257 | F109: =VLOOKUP(YEAR(Tabel1[[#This Row],[Geb datum]]),Tabel8[#All],3,FALSE) -> S | G109: MW1 | H109: MW1 | K109: NJC26C8 | L109: Emiel Houwerzijl | M109: Emiel | N109: =VLOOKUP(YEAR(Tabel3[[#This Row],[Geb datum]]),Tabel8[#All],2,FALSE) -> 29 | O109: 34464 | P109: =VLOOKUP(YEAR(Tabel3[[#This Row],[Geb datum]]),Tabel8[#All],3,FALSE) -> S | Q109: S3 | R109: S3
A110: NJK27R4 | B110: Sanne van Andel | C110: Sanne | D110: =VLOOKUP(YEAR(Tabel1[[#This Row],[Geb datum]]),Tabel8[#All],2,FALSE) -> 35 | E110: 32143 | F110: =VLOOKUP(YEAR(Tabel1[[#This Row],[Geb datum]]),Tabel8[#All],3,FALSE) -> S | G110: MW1 | H110: * | K110: NGW00S1 | L110: Jan Booy | M110: Jan | N110: =VLOOKUP(YEAR(Tabel3[[#This Row],[Geb datum]]),Tabel8[#All],2,FALSE) -> 33 | O110: 33100 | P110: =VLOOKUP(YEAR(Tabel3[[#This Row],[Geb datum]]),Tabel8[#All],3,FALSE) -> S | Q110: S3 | R110: S3
A111: NFX24T4 | B111: Tamara van Opstal-Haksteen | C111: Tamara | D111: =VLOOKUP(YEAR(Tabel1[[#This Row],[Geb datum]]),Tabel8[#All],2,FALSE) -> 35 | E111: 32197 | F111: =VLOOKUP(YEAR(Tabel1[[#This Row],[Geb datum]]),Tabel8[#All],3,FALSE) -> S | G111: MW1 | H111: MW1 | K111: NJC17J5 | L111: Lex van Gent | M111: Lex | N111: =VLOOKUP(YEAR(Tabel3[[#This Row],[Geb datum]]),Tabel8[#All],2,FALSE) -> 28 | O111: 34711 | P111: =VLOOKUP(YEAR(Tabel3[[#This Row],[Geb datum]]),Tabel8[#All],3,FALSE) -> S | Q111: S3 | R111: S1
A112: NKR88F7 | B112: Bridget ter Horst | C112: Bridget | D112: =VLOOKUP(YEAR(Tabel1[[#This Row],[Geb datum]]),Tabel8[#All],2,FALSE) -> 20 | E112: 37771 | F112: =VLOOKUP(YEAR(Tabel1[[#This Row],[Geb datum]]),Tabel8[#All],3,FALSE) -> S | G112: S1S2 | H112: S5 | K112: NKQ40P2 | L112: Roy de Vlaming | M112: Roy | N112: =VLOOKUP(YEAR(Tabel3[[#This Row],[Geb datum]]),Tabel8[#All],2,FALSE) -> 39 | O112: 30994 | P112: =VLOOKUP(YEAR(Tabel3[[#This Row],[Geb datum]]),Tabel8[#All],3,FALSE) -> S | Q112: S3 | R112: S3
A113: NKG59L6 | B113: Demi van Dijk | C113: Demi | D113: =VLOOKUP(YEAR(Tabel1[[#This Row],[Geb datum]]),Tabel8[#All],2,FALSE) -> 22 | E113: 36938 | F113: =VLOOKUP(YEAR(Tabel1[[#This Row],[Geb datum]]),Tabel8[#All],3,FALSE) -> S | G113: S1S2 | H113: S2 | K113: NGD51N5 | L113: Thomas Isarin | M113: Thomas | N113: =VLOOKUP(YEAR(Tabel3[[#This Row],[Geb datum]]),Tabel8[#All],2,FALSE) -> 35 | O113: 32357 | P113: =VLOOKUP(YEAR(Tabel3[[#This Row],[Geb datum]]),Tabel8[#All],3,FALSE) -> S | Q113: S3 | R113: S3
A114: NKR20L5 | B114: Djuna Seevinck | C114: Djuna | D114: =VLOOKUP(YEAR(Tabel1[[#This Row],[Geb datum]]),Tabel8[#All],2,FALSE) -> 22 | E114: 37246 | F114: =VLOOKUP(YEAR(Tabel1[[#This Row],[Geb datum]]),Tabel8[#All],3,FALSE) -> S | G114: S1S2 | H114: S1 | K114: NFW92M3 | L114: Antjan Laban | M114: Antjan | N114: =VLOOKUP(YEAR(Tabel3[[#This Row],[Geb datum]]),Tabel8[#All],2,FALSE) -> 43 | O114: 29340 | P114: =VLOOKUP(YEAR(Tabel3[[#This Row],[Geb datum]]),Tabel8[#All],3,FALSE) -> S | Q114: S4 | R114: S4
A115: NKG18N7 | B115: Eva Teerds | C115: Eva | D115: =VLOOKUP(YEAR(Tabel1[[#This Row],[Geb datum]]),Tabel8[#All],2,FALSE) -> 21 | E115: 37551 | F115: =VLOOKUP(YEAR(Tabel1[[#This Row],[Geb datum]]),Tabel8[#All],3,FALSE) -> S | G115: S1S2 | H115: S2 | K115: NFW26G8 | L115: Arjan Noels | M115: Arjan | N115: =VLOOKUP(YEAR(Tabel3[[#This Row],[Geb datum]]),Tabel8[#All],2,FALSE) -> 43 | O115: 29523 | P115: =VLOOKUP(YEAR(Tabel3[[#This Row],[Geb datum]]),Tabel8[#All],3,FALSE) -> S | Q115: S4 | R115: S4
A116: NKG59H8 | B116: Kim Dommisse | C116: Kim | D116: =VLOOKUP(YEAR(Tabel1[[#This Row],[Geb datum]]),Tabel8[#All],2,FALSE) -> 22 | E116: 36993 | F116: =VLOOKUP(YEAR(Tabel1[[#This Row],[Geb datum]]),Tabel8[#All],3,FALSE) -> S | G116: S1S2 | H116: S5 | K116: NFS90V6 | L116: Bart de Wit | M116: Bart | N116: =VLOOKUP(YEAR(Tabel3[[#This Row],[Geb datum]]),Tabel8[#All],2,FALSE) -> 44 | O116: 29031 | P116: =VLOOKUP(YEAR(Tabel3[[#This Row],[Geb datum]]),Tabel8[#All],3,FALSE) -> S | Q116: S4 | R116: S4
A117: NKK27B9 | B117: Loïs Fernhout | C117: Loïs | D117: =VLOOKUP(YEAR(Tabel1[[#This Row],[Geb datum]]),Tabel8[#All],2,FALSE) -> 20 | E117: 37684 | F117: =VLOOKUP(YEAR(Tabel1[[#This Row],[Geb datum]]),Tabel8[#All],3,FALSE) -> S | G117: S1S2 | H117: S5 | K117: NGW10M4 | L117: Bas de Jong | M117: Bas | N117: =VLOOKUP(YEAR(Tabel3[[#This Row],[Geb datum]]),Tabel8[#All],2,FALSE) -> 33 | O117: 33019 | P117: =VLOOKUP(YEAR(Tabel3[[#This Row],[Geb datum]]),Tabel8[#All],3,FALSE) -> S | Q117: S4 | R117: S4
A118: NKJ95L7 | B118: Milou Oppe | C118: Milou | D118: =VLOOKUP(YEAR(Tabel1[[#This Row],[Geb datum]]),Tabel8[#All],2,FALSE) -> 21 | E118: 37307 | F118: =VLOOKUP(YEAR(Tabel1[[#This Row],[Geb datum]]),Tabel8[#All],3,FALSE) -> S | G118: S1S2 | H118: S2 | K118: NGT92Q5 | L118: Steven Kuperus | M118: Steven | N118: =VLOOKUP(YEAR(Tabel3[[#This Row],[Geb datum]]),Tabel8[#All],2,FALSE) -> 33 | O118: 33058 | P118: =VLOOKUP(YEAR(Tabel3[[#This Row],[Geb datum]]),Tabel8[#All],3,FALSE) -> S | Q118: S4 | R118: S4
A119: NJG35B7 | B119: Renske Visser | C119: Renske | D119: =VLOOKUP(YEAR(Tabel1[[#This Row],[Geb datum]]),Tabel8[#All],2,FALSE) -> 25 | E119: 36011 | F119: =VLOOKUP(YEAR(Tabel1[[#This Row],[Geb datum]]),Tabel8[#All],3,FALSE) -> S | G119: S1S2 | H119: S2 | K119: NMQ44L0 | L119: Cas Tieleman | M119: Cas | N119: =VLOOKUP(YEAR(Tabel3[[#This Row],[Geb datum]]),Tabel8[#All],2,FALSE) -> 19 | O119: 38220 | P119: =VLOOKUP(YEAR(Tabel3[[#This Row],[Geb datum]]),Tabel8[#All],3,FALSE) -> S | Q119: S5S6 | R119: S6
A120: NJQ72K1 | B120: Robin Dommisse | C120: Robin | D120: =VLOOKUP(YEAR(Tabel1[[#This Row],[Geb datum]]),Tabel8[#All],2,FALSE) -> 25 | E120: 36111 | F120: =VLOOKUP(YEAR(Tabel1[[#This Row],[Geb datum]]),Tabel8[#All],3,FALSE) -> S | G120: S1S2 | H120: S2 | K120: NJZ26Z2 | L120: Ché Kooper | M120: Ché | N120: =VLOOKUP(YEAR(Tabel3[[#This Row],[Geb datum]]),Tabel8[#All],2,FALSE) -> 21 | O120: 37566 | P120: =VLOOKUP(YEAR(Tabel3[[#This Row],[Geb datum]]),Tabel8[#All],3,FALSE) -> S | Q120: S5S6 | R120: S7
B121: Vera Klootwijk | C121: Vera | D121: =VLOOKUP(YEAR(Tabel1[[#This Row],[Geb datum]]),Tabel8[#All],2,FALSE) -> 23 | E121: 36526 | F121: =VLOOKUP(YEAR(Tabel1[[#This Row],[Geb datum]]),Tabel8[#All],3,FALSE) -> S | G121: S1S2 | H121: * | K121: NKW21H5 | L121: David Kuijper | M121: David | N121: =VLOOKUP(YEAR(Tabel3[[#This Row],[Geb datum]]),Tabel8[#All],2,FALSE) -> 20 | O121: 37971 | P121: =VLOOKUP(YEAR(Tabel3[[#This Row],[Geb datum]]),Tabel8[#All],3,FALSE) -> S | Q121: S5S6 | R121: S6
A122: NJF85B1 | B122: Xanne Klink | C122: Xanne | D122: =VLOOKUP(YEAR(Tabel1[[#This Row],[Geb datum]]),Tabel8[#All],2,FALSE) -> 28 | E122: 34885 | F122: =VLOOKUP(YEAR(Tabel1[[#This Row],[Geb datum]]),Tabel8[#All],3,FALSE) -> S | G122: S1S2 | H122: S1 | K122: NKW30G0 | L122: Jens de Vlaming | M122: Jens | N122: =VLOOKUP(YEAR(Tabel3[[#This Row],[Geb datum]]),Tabel8[#All],2,FALSE) -> 20 | O122: 37974 | P122: =VLOOKUP(YEAR(Tabel3[[#This Row],[Geb datum]]),Tabel8[#All],3,FALSE) -> S | Q122: S5S6 | R122: S6
A123: NJG13L1 | B123: Esther Ardon | C123: Esther | D123: =VLOOKUP(YEAR(Tabel1[[#This Row],[Geb datum]]),Tabel8[#All],2,FALSE) -> 27 | E123: 35337 | F123: =VLOOKUP(YEAR(Tabel1[[#This Row],[Geb datum]]),Tabel8[#All],3,FALSE) -> S | G123: S3 | H123: S3 | K123: NKN65B6 | L123: Luuk Baars | M123: Luuk | N123: =VLOOKUP(YEAR(Tabel3[[#This Row],[Geb datum]]),Tabel8[#All],2,FALSE) -> 22 | O123: 36929 | P123: =VLOOKUP(YEAR(Tabel3[[#This Row],[Geb datum]]),Tabel8[#All],3,FALSE) -> S | Q123: S5S6 | R123: S5
A124: NGG54V3 | B124: Hanneke Batenburg | C124: Hanneke | D124: =VLOOKUP(YEAR(Tabel1[[#This Row],[Geb datum]]),Tabel8[#All],2,FALSE) -> 36 | E124: 32050 | F124: =VLOOKUP(YEAR(Tabel1[[#This Row],[Geb datum]]),Tabel8[#All],3,FALSE) -> S | G124: S3 | H124: S3 | K124: NKT73W8 | L124: Quinten van Driel | M124: Quinten | N124: =VLOOKUP(YEAR(Tabel3[[#This Row],[Geb datum]]),Tabel8[#All],2,FALSE) -> 23 | O124: 36666 | P124: =VLOOKUP(YEAR(Tabel3[[#This Row],[Geb datum]]),Tabel8[#All],3,FALSE) -> S | Q124: S5S6 | R124: S5
A125: NJK42D1 | B125: Linda Ardon | C125: Linda | D125: =VLOOKUP(YEAR(Tabel1[[#This Row],[Geb datum]]),Tabel8[#All],2,FALSE) -> 31 | E125: 33696 | F125: =VLOOKUP(YEAR(Tabel1[[#This Row],[Geb datum]]),Tabel8[#All],3,FALSE) -> S | G125: S3 | H125: S3 | K125: NJY83B4 | L125: Ruben Dubbeld | M125: Ruben | N125: =VLOOKUP(YEAR(Tabel3[[#This Row],[Geb datum]]),Tabel8[#All],2,FALSE) -> 23 | O125: 36865 | P125: =VLOOKUP(YEAR(Tabel3[[#This Row],[Geb datum]]),Tabel8[#All],3,FALSE) -> S | Q125: S5S6 | R125: S6
A126: NJK08X9 | B126: Merel van Gurp | C126: Merel | D126: =VLOOKUP(YEAR(Tabel1[[#This Row],[Geb datum]]),Tabel8[#All],2,FALSE) -> 31 | E126: 33828 | F126: =VLOOKUP(YEAR(Tabel1[[#This Row],[Geb datum]]),Tabel8[#All],3,FALSE) -> S | G126: S3 | H126: S3 | K126: NKW50C2 | L126: Thijs Boon | M126: Thijs | N126: =VLOOKUP(YEAR(Tabel3[[#This Row],[Geb datum]]),Tabel8[#All],2,FALSE) -> 20 | O126: 37960 | P126: =VLOOKUP(YEAR(Tabel3[[#This Row],[Geb datum]]),Tabel8[#All],3,FALSE) -> S | Q126: S5S6 | R126: S6
A127: NJC72L4 | B127: Nada Hussein | C127: Nada | D127: =VLOOKUP(YEAR(Tabel1[[#This Row],[Geb datum]]),Tabel8[#All],2,FALSE) -> 33 | E127: 32945 | F127: =VLOOKUP(YEAR(Tabel1[[#This Row],[Geb datum]]),Tabel8[#All],3,FALSE) -> S | G127: S3 | H127: S3 | K127: NKV95Q4 | L127: Tijmen Fasbender | M127: Tijmen | N127: =VLOOKUP(YEAR(Tabel3[[#This Row],[Geb datum]]),Tabel8[#All],2,FALSE) -> 20 | O127: 37810 | P127: =VLOOKUP(YEAR(Tabel3[[#This Row],[Geb datum]]),Tabel8[#All],3,FALSE) -> S | Q127: S5S6 | R127: S5
A128: NJF17P0 | B128: Robin Leijdsman | C128: Robin | D128: =VLOOKUP(YEAR(Tabel1[[#This Row],[Geb datum]]),Tabel8[#All],2,FALSE) -> 27 | E128: 35195 | F128: =VLOOKUP(YEAR(Tabel1[[#This Row],[Geb datum]]),Tabel8[#All],3,FALSE) -> S | G128: S3 | H128: S3 | K128: NKX56P2 | L128: Joram Flach | M128: Joram | N128: =VLOOKUP(YEAR(Tabel3[[#This Row],[Geb datum]]),Tabel8[#All],2,FALSE) -> 24 | O128: 36465 | P128: =VLOOKUP(YEAR(Tabel3[[#This Row],[Geb datum]]),Tabel8[#All],3,FALSE) -> S | Q128: S7 | R128: S7
A129: NJQ72J4 | B129: Simone van Zwoll | C129: Simone | D129: =VLOOKUP(YEAR(Tabel1[[#This Row],[Geb datum]]),Tabel8[#All],2,FALSE) -> 29 | E129: 34635 | F129: =VLOOKUP(YEAR(Tabel1[[#This Row],[Geb datum]]),Tabel8[#All],3,FALSE) -> S | G129: S3 | H129: S3 | K129: NKD39Q8 | L129: Mark Schindler | M129: Mark | N129: =VLOOKUP(YEAR(Tabel3[[#This Row],[Geb datum]]),Tabel8[#All],2,FALSE) -> 24 | O129: 36308 | P129: =VLOOKUP(YEAR(Tabel3[[#This Row],[Geb datum]]),Tabel8[#All],3,FALSE) -> S | Q129: S7 | R129: S7
A130: NFW41S7 | B130: Barbara Camphens-Moerman | C130: Barbara | D130: =VLOOKUP(YEAR(Tabel1[[#This Row],[Geb datum]]),Tabel8[#All],2,FALSE) -> 42 | E130: 29885 | F130: =VLOOKUP(YEAR(Tabel1[[#This Row],[Geb datum]]),Tabel8[#All],3,FALSE) -> S | G130: S4 | H130: MW1 | K130: NLR23F9 | L130: Rick van de Wijgaart | M130: Rick | N130: =VLOOKUP(YEAR(Tabel3[[#This Row],[Geb datum]]),Tabel8[#All],2,FALSE) -> 20 | O130: 37909 | P130: =VLOOKUP(YEAR(Tabel3[[#This Row],[Geb datum]]),Tabel8[#All],3,FALSE) -> S | Q130: S7 | R130: S7
A131: NJC15T9 | B131: Diana Visser-Michelsen | C131: Diana | D131: =VLOOKUP(YEAR(Tabel1[[#This Row],[Geb datum]]),Tabel8[#All],2,FALSE) -> 31 | E131: 33777 | F131: =VLOOKUP(YEAR(Tabel1[[#This Row],[Geb datum]]),Tabel8[#All],3,FALSE) -> S | G131: S4 | H131: S4 | K131: NMJ09L8 | L131: Abdi Ibrahim | M131: Abdi | N131: =VLOOKUP(YEAR(Tabel3[[#This Row],[Geb datum]]),Tabel8[#All],2,FALSE) -> 16 | O131: 39402 | P131: =VLOOKUP(YEAR(Tabel3[[#This Row],[Geb datum]]),Tabel8[#All],3,FALSE) -> A | Q131: Stopt | R131: B4
A132: NJC46R3 | B132: Esther Wibbens | C132: Esther | D132: =VLOOKUP(YEAR(Tabel1[[#This Row],[Geb datum]]),Tabel8[#All],2,FALSE) -> 31 | E132: 33690 | F132: =VLOOKUP(YEAR(Tabel1[[#This Row],[Geb datum]]),Tabel8[#All],3,FALSE) -> S | G132: S4 | H132: S4 | K132: NKH56N2 | L132: Alexander Wolff | M132: Alexander | N132: =VLOOKUP(YEAR(Tabel3[[#This Row],[Geb datum]]),Tabel8[#All],2,FALSE) -> 27 | O132: 35231 | P132: =VLOOKUP(YEAR(Tabel3[[#This Row],[Geb datum]]),Tabel8[#All],3,FALSE) -> S | Q132: Stopt | R132: Gestopt
A133: NJK34W5 | B133: Lieke Ploeg | C133: Lieke | D133: =VLOOKUP(YEAR(Tabel1[[#This Row],[Geb datum]]),Tabel8[#All],2,FALSE) -> 37 | E133: 31732 | F133: =VLOOKUP(YEAR(Tabel1[[#This Row],[Geb datum]]),Tabel8[#All],3,FALSE) -> S | G133: S4 | H133: S4 | K133: NLW47J4 | L133: Ali Hashmei | M133: Ali | N133: =VLOOKUP(YEAR(Tabel3[[#This Row],[Geb datum]]),Tabel8[#All],2,FALSE) -> 16 | O133: 39402 | P133: =VLOOKUP(YEAR(Tabel3[[#This Row],[Geb datum]]),Tabel8[#All],3,FALSE) -> A | Q133: Stopt | R133: B4
... A148: NLC07S7 | B148: Anna Everaarts | C148: Anna | D148: =VLOOKUP(YEAR(Tabel1[[#This Row],[Geb datum]]),Tabel8[#All],2,FALSE) -> 15 | E148: 39589 | F148: =VLOOKUP(YEAR(Tabel1[[#This Row],[Geb datum]]),Tabel8[#All],3,FALSE) -> B | G148: Stopt | H148: B3 | K148: NKR20M2 | L148: Tim Seevinck | M148: Tim | N148: =VLOOKUP(YEAR(Tabel3[[#This Row],[Geb datum]]),Tabel8[#All],2,FALSE) -> 20 | O148: 37932 | P148: =VLOOKUP(YEAR(Tabel3[[#This Row],[Geb datum]]),Tabel8[#All],3,FALSE) -> S | Q148: Stopt | R148: S5
A149: NMH36F0 | B149: Anouk Vreeling | C149: Anouk | D149: =VLOOKUP(YEAR(Tabel1[[#This Row],[Geb datum]]),Tabel8[#All],2,FALSE) -> 16 | E149: 39427 | F149: =VLOOKUP(YEAR(Tabel1[[#This Row],[Geb datum]]),Tabel8[#All],3,FALSE) -> A | G149: Stopt | H149: B4
A150: NLM86V5 | B150: Britt Vaartmans | C150: Britt | D150: =VLOOKUP(YEAR(Tabel1[[#This Row],[Geb datum]]),Tabel8[#All],2,FALSE) -> 12 | E150: 40561 | F150: =VLOOKUP(YEAR(Tabel1[[#This Row],[Geb datum]]),Tabel8[#All],3,FALSE) -> C | G150: Stopt | H150: D1
A151: NMN14W9 | B151: Carlijn van den Broek | C151: Carlijn | D151: =VLOOKUP(YEAR(Tabel1[[#This Row],[Geb datum]]),Tabel8[#All],2,FALSE) -> 15 | E151: 39702 | F151: =VLOOKUP(YEAR(Tabel1[[#This Row],[Geb datum]]),Tabel8[#All],3,FALSE) -> B | G151: Stopt | H151: B4
A152: NKC46R0 | B152: Dionne Broere | C152: Dionne | D152: =VLOOKUP(YEAR(Tabel1[[#This Row],[Geb datum]]),Tabel8[#All],2,FALSE) -> 24 | E152: 36460 | F152: =VLOOKUP(YEAR(Tabel1[[#This Row],[Geb datum]]),Tabel8[#All],3,FALSE) -> S | G152: Stopt | H152: S1
A153: NMM29Q6 | B153: Elin Vogelaar | C153: Elin | D153: =VLOOKUP(YEAR(Tabel1[[#This Row],[Geb datum]]),Tabel8[#All],2,FALSE) -> 6 | E153: 43083 | F153: =VLOOKUP(YEAR(Tabel1[[#This Row],[Geb datum]]),Tabel8[#All],3,FALSE) -> F | G153: Stopt | H153: K
A154: NLS08K0 | B154: Hanna Oomens | C154: Hanna | D154: =VLOOKUP(YEAR(Tabel1[[#This Row],[Geb datum]]),Tabel8[#All],2,FALSE) -> 15 | E154: 39635 | F154: =VLOOKUP(YEAR(Tabel1[[#This Row],[Geb datum]]),Tabel8[#All],3,FALSE) -> B | G154: Stopt | H154: B3
A155: NKB62K8 | B155: Hulsker, N.M. | C155: Nina | D155: =VLOOKUP(YEAR(Tabel1[[#This Row],[Geb datum]]),Tabel8[#All],2,FALSE) -> 24 | E155: 36385 | F155: =VLOOKUP(YEAR(Tabel1[[#This Row],[Geb datum]]),Tabel8[#All],3,FALSE) -> S | G155: Stopt | H155: S5
A156: NKW52X5 | B156: Jana Driesprong | C156: Jana | D156: =VLOOKUP(YEAR(Tabel1[[#This Row],[Geb datum]]),Tabel8[#All],2,FALSE) -> 16 | E156: 39205 | F156: =VLOOKUP(YEAR(Tabel1[[#This Row],[Geb datum]]),Tabel8[#All],3,FALSE) -> A | G156: Stopt | H156: A1
A157: NKL60P7 | B157: Kim de Reus | C157: Kim | D157: =VLOOKUP(YEAR(Tabel1[[#This Row],[Geb datum]]),Tabel8[#All],2,FALSE) -> 19 | E157: 38159 | F157: =VLOOKUP(YEAR(Tabel1[[#This Row],[Geb datum]]),Tabel8[#All],3,FALSE) -> S | G157: Stopt | H157: A2
A158: NKK48D6 | B158: Laura Mol | C158: Laura | D158: =VLOOKUP(YEAR(Tabel1[[#This Row],[Geb datum]]),Tabel8[#All],2,FALSE) -> 19 | E158: 38079 | F158: =VLOOKUP(YEAR(Tabel1[[#This Row],[Geb datum]]),Tabel8[#All],3,FALSE) -> S | G158: Stopt | H158: A1
A159: NLD26P4 | B159: Lisa Taal | C159: Lisa | D159: =VLOOKUP(YEAR(Tabel1[[#This Row],[Geb datum]]),Tabel8[#All],2,FALSE) -> 20 | E159: 37931 | F159: =VLOOKUP(YEAR(Tabel1[[#This Row],[Geb datum]]),Tabel8[#All],3,FALSE) -> S | G159: Stopt | H159: S6
A160: NKW49Y8 | B160: Lisa Volker | C160: Lisa | D160: =VLOOKUP(YEAR(Tabel1[[#This Row],[Geb datum]]),Tabel8[#All],2,FALSE) -> 20 | E160: 37712 | F160: =VLOOKUP(YEAR(Tabel1[[#This Row],[Geb datum]]),Tabel8[#All],3,FALSE) -> S | G160: Stopt | H160: S5
... A167: NKS24M5 | B167: Yente Verbeek | C167: Yente | D167: =VLOOKUP(YEAR(Tabel1[[#This Row],[Geb datum]]),Tabel8[#All],2,FALSE) -> 19 | E167: 38012 | F167: =VLOOKUP(YEAR(Tabel1[[#This Row],[Geb datum]]),Tabel8[#All],3,FALSE) -> S | G167: stopt | H167: AR
A168: NFW15S4 | B168: Debita Zwanenburg-Moerman | C168: Debita | D168: =VLOOKUP(YEAR(Tabel1[[#This Row],[Geb datum]]),Tabel8[#All],2,FALSE) -> 46 | E168: 28329 | F168: =VLOOKUP(YEAR(Tabel1[[#This Row],[Geb datum]]),Tabel8[#All],3,FALSE) -> S | H168: MW1

Sheet Count
B2: Dames | C2: Aantal | E2: Heren | F2: Aantal | H2: Totaal
B3: K | C3: =COUNTIF(Spelerslijst!F:F,Count!B3) -> 2 | E3: K | F3: =COUNTIF(Spelerslijst!P:P,Count!E3) -> 1 | H3: =Tabel7[[#This Row],[Aantal]]+Tabel9[[#This Row],[Aantal]] -> 3
B4: F | C4: =COUNTIF(Spelerslijst!F:F,Count!B4) -> 8 | E4: F | F4: =COUNTIF(Spelerslijst!P:P,Count!E4) -> 4 | H4: =Tabel7[[#This Row],[Aantal]]+Tabel9[[#This Row],[Aantal]] -> 12 | J4: 2
B5: E | C5: =COUNTIF(Spelerslijst!F:F,Count!B5) -> 14 | E5: E | F5: =COUNTIF(Spelerslijst!P:P,Count!E5) -> 16 | H5: =Tabel7[[#This Row],[Aantal]]+Tabel9[[#This Row],[Aantal]] -> 30 | J5: 5
B6: D | C6: =COUNTIF(Spelerslijst!F:F,Count!B6) -> 22 | E6: D | F6: =COUNTIF(Spelerslijst!P:P,Count!E6) -> 12 | H6: =Tabel7[[#This Row],[Aantal]]+Tabel9[[#This Row],[Aantal]] -> 34 | J6: 3
B7: C | C7: =COUNTIF(Spelerslijst!F:F,Count!B7) -> 23 | E7: C | F7: =COUNTIF(Spelerslijst!P:P,Count!E7) -> 15 | H7: =Tabel7[[#This Row],[Aantal]]+Tabel9[[#This Row],[Aantal]] -> 38 | J7: 4
B8: B | C8: =COUNTIF(Spelerslijst!F:F,Count!B8) -> 18 | E8: B | F8: =COUNTIF(Spelerslijst!P:P,Count!E8) -> 16 | H8: =Tabel7[[#This Row],[Aantal]]+Tabel9[[#This Row],[Aantal]] -> 34 | J8: 3
B9: A | C9: =COUNTIF(Spelerslijst!F:F,Count!B9) -> 18 | E9: A | F9: =COUNTIF(Spelerslijst!P:P,Count!E9) -> 20 | H9: =Tabel7[[#This Row],[Aantal]]+Tabel9[[#This Row],[Aantal]] -> 38 | J9: 4
B10: S | C10: =COUNTIF(Spelerslijst!F:F,Count!B10) -> 61 | E10: S | F10: =COUNTIF(Spelerslijst!P:P,Count!E10) -> 63 | H10: =Tabel7[[#This Row],[Aantal]]+Tabel9[[#This Row],[Aantal]] -> 124
H11: =SUM(H3:H10) -> 313
C15: M | D15: J
B16: D | C16: 22 | D16: 11 | E16: 3
B17: E | C17: 13 | D17: 13 | E17: 26

Sheet Staf
A1: Naam | B1: Team | C1: Functie | D1: eigen team | E1: team vorig jaar | F1: Niveau
A2: Tim van Gent | B2: A2 | C2: Trainer/Coach A2 | D2: S1S2 | F2: Junior
A3: Rob van Dongen | B3: A1A2 | C3: Trainer/Coach A1 | D3: X | F3: Medior - KT3
A4: Olivier Klink | B4: A2 | C4: Trainer/Coach A2 | D4: S1S2 | F4: Medior - KT3
A5: Ruben Blokland | B5: A1 | C5: Trainer/Coach A1 | D5: X | F5: Senior
A6: Rob van Dongen | B6: A1 | C6: Trainer/Coach A1 | D6: X
A7: Robbert van Ameijden | B7: Stopt | C7: Trainer/Coach | D7: X
A8: Lex van Dalen | B8: Stopt | C8: Trainer/Coach | D8: X
A9: Team 6 | B9: A3 | C9: Trainer/Coach
A10: o.a. Kimberley Witman & Angela Friebel | B10: A3
A11: o.a. Ruben Dubbeld & David Kuijper | B11: A3
A12: Milou Oppe | B12: B1 | C12: Trainer/Coach | D12: S1/S2 | F12: Junior - KT2
A13: Stephan Ligtmans | B13: B1 | C13: Trainer/Coach | D13: X | F13: Medior - KT3
A14: Michel Sas | B14: B1 | C14: Teambegeleider | D14: X
A15: Daniel den Uijl | B15: B2 | C15: Trainer/Coach
A16: Eva Teerds | B16: B2 | C16: Trainer/Coach
A17: Maud van Wensen | B17: B3 | C17: Trainer/Coach | D17: A1/A2 | F17: Junior - KT2
A18: Laura Mol | B18: B3 | C18: Trainer/Coach
A19: Robert Koster | B19: B3 | C19: Trainer/Coach | D19: X | F19: Senior
A20: Mees Oppe | B20: C1 | C20: Trainer/Coach | D20: DeetosSnel 1 | F20: Junior - KT2
A21: Jasper Kleingeld | B21: C1 | C21: Trainer/Coach | D21: X | F21: Senior
A22: Antjan Laban | B22: C2 | C22: Trainer/Coach | D22: X | F22: Senior
A23: Tessa Dubbeld | B23: C2 | C23: Trainer/Coach | D23: S6
A24: Kimberly Jacobs | B24: C3 | C24: Trainer/Coach | D24: X | F24: Medior
A25: Martijn van der Wiel | B25: C3 | C25: Trainer/Coach | D25: X | F25: Medior
A26: Mark Schindler | B26: D3 | C26: Trainer/Coach | D26: S7 | F26: Junior
A27: Rick van de Wijgaart | B27: D3 | C27: Trainer/Coach | D27: S7 | F27: Startend - KT2
A28: Jarno Valk | B28: D3 | C28: Trainer/Coach | D28: A1/A2 | F28: Startend - KT2
A29: Joram Flach | B29: D1 | C29: Trainer/Coach | D29: S7 | F29: Medior
A30: Marlies Valk | B30: D1 | C30: Trainer/Coach | D30: S7 | F30: Medior
A31: Egbert Vos | B31: D1 | C31: Assistent-trainer | D31: X | F31: Senior
A32: Marcel St. Nicolaas | B32: D2 | C32: Trainer/Coach | D32: X | F32: Medior
A33: Tom van de Ven | B33: D2 | C33: Trainer/Coach | D33: X | F33: Medior
A34: Alex de Boer | B34: D2 | C34: Assistent-trainer | D34: X | F34: Senior
A35: Lieke Ploeg | B35: Stopt | C35: Trainer/Coach | D35: X
A36: Syrah de Wit | B36: C4 | C36: Trainer/Coach | D36: S7 | F36: Junior
A37: Nadia de Wit | B37: C4 | C37: Trainer/Coach | D37: S7 | F37: Junior
A38: Bart de Wit | B38: E1 | C38: Trainer/Coach | D38: S4 | F38: Senior
A39: Anouk de Jongh | B39: E2 | C39: Trainer/Coach | D39: A3 | F39: Medior
A40: Sjoerd van Ameijden | B40: E2 | C40: Trainer/Coach | D40: X | F40: Medior
A41: Jack Zwanenburg | B41: E3 | C41: Assistent-trainer | F41: Startend - KT2
A42: Vacature | B42: E3 | C42: Assistent-trainer | F42: Startend - KT2
A43: Vacature | B43: E3 | C43: Assistent-trainer
A44: Monique te Witt | B44: E4 | C44: Trainer/Coach | D44: X | F44: Medior
A45: Gertjan Ploeg | B45: E4 | C45: Assistent-trainer | F45: Medior
A46: Liesbeth Wibbens | B46: E4 | C46: Trainer/Coach | D46: X | F46: Medior
A47: Lenny van den Bergh | B47: E5 | C47: Ondersteuning | F47: Startend - KT2
A48: Vacature | B48: E5 | C48: Trainer/Coach
A49: Vacature | B49: E5 | C49: Trainer/Coach
A50: Lianne Stomp - vd Burgt | B50: F1 | C50: Trainer/Coach | D50: - | F50: Senior
A51: Noa Stomp | B51: F1 | C51: Trainer/Coach | F51: Startend - KT2
A52: Seth vd Burgt | B52: F2 | C52: Trainer/Coach | F52: Startend - KT2
A53: Sophie Kilsdonk | B53: F2 | C53: Trainer/Coach | F53: Startend - KT2
A54: Jet van Trooijen | B54: F2 | C54: Trainer/Coach | D54: X
A55: Kimberly Jacobs | B55: F2 | C55: Trainer/Coach | D55: X
A56: Joris van den Neucker | B56: S1S2 | C56: Analist S1 | D56: S1S2 | F56: nvt
A57: Dionne Broere | B57: S1S2 | C57: Teambegeleider S1 | F57: nvt
A58: Sandra Kerklaan | B58: S1S2 | C58: Teambegeleider S2 | F58: nvt
A59: Ruben Kamerbeek | B59: S1S2 | C59: Fysio | D59: S1S2 | F59: nvt
A60: Theo Anrochte | B60: S1S2 | C60: Verzorger | D60: S1S2 | F60: nvt
A61: Arthyn Muller | B61: S1S2 | C61: Coach S2 | F61: Senior
A62: Jeroen de Kruif | B62: S1S2 | C62: Coach S2 | F62: Senior
A63: Bo van Hoof | B63: S1S2 | C63: Coach S1 | D63: S1S2 | F63: Senior - KT3
A64: Kim Ardon | B64: S3 | C64: Begeleider | D64: X
A65: Marco van Kalkeren | B65: S4 | C65: Thuiscoach | D65: X
A66: Robin Dommisse | B66: S5S6 | C66: Trainer/Coach S5 | F66: Medior - KT3
A67: Dio Naaktgeboren | B67: Stopt | C67: Coach S2 | D67: S1S2 | F67: nvt
A68: Julia Bozuwa | B68: Stopt | C68: Trainer/Coach | D68: B2
A69: Jordi Vaartmans | B69: Stopt | C69: Trainer/Coach | D69: B1
A70: Jens Lohuis | B70: E3 | C70: Coach | D70: A1/A2
A71: Joël Wietses | B71: E3 | C71: Coach | D71: A1/A2
A72: Erik vd Burgt | B72: Stopt | C72: Assistent S1 | D72: S1S2
A73: Mark Kuijper | B73: Stopt | C73: Begeleider | D73: X
A74: Benthe van Wijngaarden Stopt | C74: Trainer/Coach
A75: Benthe van der Linden | B75: Stopt | C75: Trainer/Coach

Sheet Teams-deelversie
A2: Selecties | B2: S1S2 | I2: S5S6 | P2: A1A2 | W2: B1B2
B3: Dames | E3: Heren | I3: Dames | L3: Heren | P3: Dames | S3: Heren | W3: Dames | Z3: Heren
B4: {=_xlfn._xlws.FILTER(Spelerslijst!$B:$B,Spelerslijst!$G:$G=B$2,"")} -> Bridget ter Horst | E4: {=_xlfn._xlws.FILTER(Spelerslijst!$L:$L,Spelerslijst!$Q:$Q=B$2,"")} -> Bart Driesprong | I4: {=_xlfn._xlws.FILTER(Spelerslijst!$B:$B,Spelerslijst!$G:$G=I$2,"")} -> Angela Friebel | L4: {=_xlfn._xlws.FILTER(Spelerslijst!$L:$L,Spelerslijst!$Q:$Q=I$2,"")} -> Cas Tieleman | P4: {=_xlfn._xlws.FILTER(Spelerslijst!$B:$B,Spelerslijst!$G:$G=P$2,"")} | S4: {=_xlfn._xlws.FILTER(Spelerslijst!$L:$L,Spelerslijst!$Q:$Q=P$2,"")} | W4: {=_xlfn._xlws.FILTER(Spelerslijst!$B:$B,Spelerslijst!$G:$G=W$2,"")} | Z4: {=_xlfn._xlws.FILTER(Spelerslijst!$L:$L,Spelerslijst!$Q:$Q=W$2,"")}
B5: Demi van Dijk | E5: Bob Mans | I5: Carlijn Lievaart | L5: Ché Kooper
B6: Djuna Seevinck | E6: Daniel den Uijl | I6: Jany Lacroes | L6: David Kuijper
B7: Eva Teerds | E7: Jaimy van Arkel | I7: Jennifer Herremans | L7: Jens de Vlaming
B8: Kim Dommisse | E8: Joeri van Dijk | I8: Kimberley Witman | L8: Luuk Baars
B9: Loïs Fernhout | E9: Jordan Timmer | I9: Lara Schram | L9: Quinten van Driel
B10: Milou Oppe | E10: Marijn Klink | I10: Sanne Dubbeld | L10: Ruben Dubbeld
B11: Renske Visser | E11: Olivier Klink | I11: Tessa Dubbeld | L11: Thijs Boon
B12: Robin Dommisse | E12: Robin van Kalkeren | L12: Tijmen Fasbender
B13: Vera Klootwijk | E13: Stefan Naaktgeboren
B14: Xanne Klink | E14: Tim van Gent
B17: {=_xlfn._xlws.FILTER(Staf!$C:$C,Staf!$B:$B='Teams-deelversie'!B2,"")} -> Analist S1 | C17: {=_xlfn._xlws.FILTER(Staf!$A:$A,Staf!$B:$B='Teams-deelversie'!B2,"")} -> Joris van den Neucker | I17: {=_xlfn._xlws.FILTER(Staf!$C:$C,Staf!$B:$B='Teams-deelversie'!I2,"")} -> Trainer/Coach S5 | J17: {=_xlfn._xlws.FILTER(Staf!$A:$A,Staf!$B:$B='Teams-deelversie'!I2,"")} -> Robin Dommisse | P17: {=_xlfn._xlws.FILTER(Staf!$C:$C,Staf!$B:$B='Teams-deelversie'!P2,"")} -> Trainer/Coach A1 | Q17: {=_xlfn._xlws.FILTER(Staf!$A:$A,Staf!$B:$B='Teams-deelversie'!P2,"")} -> Rob van Dongen | W17: {=_xlfn._xlws.FILTER(Staf!$C:$C,Staf!$B:$B='Teams-deelversie'!W2,"")} | X17: {=_xlfn._xlws.FILTER(Staf!$A:$A,Staf!$B:$B='Teams-deelversie'!W2,"")}
B18: Teambegeleider S1 | C18: Dionne Broere
B19: Teambegeleider S2 | C19: Sandra Kerklaan
B20: Fysio | C20: Ruben Kamerbeek
B21: Verzorger | C21: Theo Anrochte
B22: Coach S2 | C22: Arthyn Muller
B23: Coach S2 | C23: Jeroen de Kruif
B24: Coach S1 | C24: Bo van Hoof
A26: Senioren | B26: S1 | I26: S2 | P26: S3 | W26: S4 | AD26: S5 | AK26: S6 | AR26: S7 | AY26: MW1
B27: Dames | E27: Heren | I27: Dames | L27: Heren | P27: Dames | S27: Heren | W27: Dames | Z27: Heren | AD27: Dames | AG27: Heren | AK27: Dames | AN27: Heren | AR27: Dames | AU27: Heren | AY27: Dames | BB27: Heren
B28: {=_xlfn._xlws.FILTER(Spelerslijst!$B:$B,Spelerslijst!$G:$G=B$26,"")} | C28: {=_xlfn._xlws.FILTER(Spelerslijst!$H:$H,Spelerslijst!$G:$G=B$26,"")} | D28: {=_xlfn._xlws.FILTER(Spelerslijst!$D:$D,Spelerslijst!$G:$G=B$26,"")} | E28: {=_xlfn._xlws.FILTER(Spelerslijst!$L:$L,Spelerslijst!$Q:$Q=B$26,"")} | F28: {=_xlfn._xlws.FILTER(Spelerslijst!$R:$R,Spelerslijst!$Q:$Q=B$26,"")} | G28: {=_xlfn._xlws.FILTER(Spelerslijst!$N:$N,Spelerslijst!$Q:$Q=B$26,"")} | I28: {=_xlfn._xlws.FILTER(Spelerslijst!$B:$B,Spelerslijst!$G:$G=I$26,"")} | J28: {=_xlfn._xlws.FILTER(Spelerslijst!$H:$H,Spelerslijst!$G:$G=I$26,"")} | K28: {=_xlfn._xlws.FILTER(Spelerslijst!$D:$D,Spelerslijst!$G:$G=I$26,"")} | L28: {=_xlfn._xlws.FILTER(Spelerslijst!$L:$L,Spelerslijst!$Q:$Q=I$26,"")} | M28: {=_xlfn._xlws.FILTER(Spelerslijst!$R:$R,Spelerslijst!$Q:$Q=I$26,"")} | N28: {=_xlfn._xlws.FILTER(Spelerslijst!$N:$N,Spelerslijst!$Q:$Q=I$26,"")} | P28: {=_xlfn._xlws.FILTER(Spelerslijst!$B:$B,Spelerslijst!$G:$G=P$26,"")} -> Esther Ardon | S28: {=_xlfn._xlws.FILTER(Spelerslijst!$L:$L,Spelerslijst!$Q:$Q=P$26,"")} -> Emiel Houwerzijl | W28: {=_xlfn._xlws.FILTER(Spelerslijst!$B:$B,Spelerslijst!$G:$G=W$26,"")} -> Barbara Camphens-Moerman | Z28: {=_xlfn._xlws.FILTER(Spelerslijst!$L:$L,Spelerslijst!$Q:$Q=W$26,"")} -> Antjan Laban | AD28: {=_xlfn._xlws.FILTER(Spelerslijst!$B:$B,Spelerslijst!$G:$G=AD$26,"")} | AE28: {=_xlfn._xlws.FILTER(Spelerslijst!$H:$H,Spelerslijst!$G:$G=AD$26,"")} | AF28: {=_xlfn._xlws.FILTER(Spelerslijst!$D:$D,Spelerslijst!$G:$G=AD$26,"")} | AG28: {=_xlfn._xlws.FILTER(Spelerslijst!$L:$L,Spelerslijst!$Q:$Q=AD$26,"")} | AH28: {=_xlfn._xlws.FILTER(Spelerslijst!$R:$R,Spelerslijst!$Q:$Q=AD$26,"")} | AI28: {=_xlfn._xlws.FILTER(Spelerslijst!$N:$N,Spelerslijst!$Q:$Q=AD$26,"")} | AK28: {=_xlfn._xlws.FILTER(Spelerslijst!$B:$B,Spelerslijst!$G:$G=AK$26,"")} | AL28: {=_xlfn._xlws.FILTER(Spelerslijst!$H:$H,Spelerslijst!$G:$G=AK$26,"")} | AM28: {=_xlfn._xlws.FILTER(Spelerslijst!$D:$D,Spelerslijst!$G:$G=AK$26,"")} | AN28: {=_xlfn._xlws.FILTER(Spelerslijst!$L:$L,Spelerslijst!$Q:$Q=AK$26,"")} | AO28: {=_xlfn._xlws.FILTER(Spelerslijst!$R:$R,Spelerslijst!$Q:$Q=AK$26,"")} | AP28: {=_xlfn._xlws.FILTER(Spelerslijst!$N:$N,Spelerslijst!$Q:$Q=AK$26,"")} | AR28: {=_xlfn._xlws.FILTER(Spelerslijst!$B:$B,Spelerslijst!$G:$G=AR$26,"")} -> Anniek Pierse | AU28: {=_xlfn._xlws.FILTER(Spelerslijst!$L:$L,Spelerslijst!$Q:$Q=AR$26,"")} -> Joram Flach | AY28: {=_xlfn._xlws.FILTER(Spelerslijst!$B:$B,Spelerslijst!$G:$G=AY$26,"")} -> Dorien in 't Veld | BB28: {=_xlfn._xlws.FILTER(Spelerslijst!$L:$L,Spelerslijst!$Q:$Q=AY$26,"")} -> Hans Ploeg
P29: Hanneke Batenburg | S29: Jan Booy | W29: Diana Visser-Michelsen | Z29: Arjan Noels | AR29: Laura Koote | AU29: Mark Schindler | AY29: Kim Heesterbeek | BB29: Michiel 't Jong
P30: Linda Ardon | S30: Lex van Gent | W30: Esther Wibbens | Z30: Bart de Wit | AR30: Marlies Valk | AU30: Rick van de Wijgaart | AY30: Kim Scheurwater | BB30: Peter Batenburg
P31: Merel van Gurp | S31: Roy de Vlaming | W31: Lieke Ploeg | Z31: Bas de Jong | AR31: Nadia de Wit | AY31: Liesbeth Brand | BB31: Ronald Riet
P32: Nada Hussein | S32: Thomas Isarin | W32: Petra Verheijde | Z32: Steven Kuperus | AR32: Syrah de Wit | AY32: Mirjam de Wit | BB32: Sebastiaan Belder
P33: Robin Leijdsman | AY33: Sanne van Andel | BB33: Wilco Kooij
P34: Simone van Zwoll | AY34: Tamara van Opstal-Haksteen
B36: {=_xlfn._xlws.FILTER(Staf!$C:$C,Staf!$B:$B='Teams-deelversie'!B26,"")} | C36: {=_xlfn._xlws.FILTER(Staf!$A:$A,Staf!$B:$B='Teams-deelversie'!B26,"")} | I36: {=_xlfn._xlws.FILTER(Staf!$C:$C,Staf!$B:$B='Teams-deelversie'!I26,"")} | J36: {=_xlfn._xlws.FILTER(Staf!$A:$A,Staf!$B:$B='Teams-deelversie'!I26,"")} | P36: {=_xlfn._xlws.FILTER(Staf!$C:$C,Staf!$B:$B='Teams-deelversie'!P26,"")} -> Begeleider | Q36: {=_xlfn._xlws.FILTER(Staf!$A:$A,Staf!$B:$B='Teams-deelversie'!P26,"")} -> Kim Ardon | W36: {=_xlfn._xlws.FILTER(Staf!$C:$C,Staf!$B:$B='Teams-deelversie'!W26,"")} -> Thuiscoach | X36: {=_xlfn._xlws.FILTER(Staf!$A:$A,Staf!$B:$B='Teams-deelversie'!W26,"")} -> Marco van Kalkeren | AD36: {=_xlfn._xlws.FILTER(Staf!$C:$C,Staf!$B:$B='Teams-deelversie'!AD26,"")} | AE36: {=_xlfn._xlws.FILTER(Staf!$A:$A,Staf!$B:$B='Teams-deelversie'!AD26,"")} | AK36: {=_xlfn._xlws.FILTER(Staf!$C:$C,Staf!$B:$B='Teams-deelversie'!AK26,"")} | AL36: {=_xlfn._xlws.FILTER(Staf!$A:$A,Staf!$B:$B='Teams-deelversie'!AK26,"")} | AO36: web | AR36: {=_xlfn._xlws.FILTER(Staf!$C:$C,Staf!$B:$B='Teams-deelversie'!AR26,"")} | AS36: {=_xlfn._xlws.FILTER(Staf!$A:$A,Staf!$B:$B='Teams-deelversie'!AR26,"")} | AY36: {=_xlfn._xlws.FILTER(Staf!$C:$C,Staf!$B:$B='Teams-deelversie'!AY26,"")} | AZ36: {=_xlfn._xlws.FILTER(Staf!$A:$A,Staf!$B:$B='Teams-deelversie'!AY26,"")}
A39: A-Junioren | B39: A1 | I39: A2 | P39: A3 | W39: A4 | AD39: A5
B40: Dames | E40: Heren | I40: Dames | L40: Heren | P40: Dames | S40: Heren | W40: Dames | Z40: Heren | AD40: Dames | AG40: Heren
B41: {=_xlfn._xlws.FILTER(Spelerslijst!$B:$B,Spelerslijst!$G:$G=B$39,"")} -> Amber de Haas | C41: {=_xlfn._xlws.FILTER(Spelerslijst!$H:$H,Spelerslijst!$G:$G=B$39,"")} -> B1 | D41: {=_xlfn._xlws.FILTER(Spelerslijst!$D:$D,Spelerslijst!$G:$G=B$39,"")} -> 16 | E41: {=_xlfn._xlws.FILTER(Spelerslijst!$L:$L,Spelerslijst!$Q:$Q=B$39,"")} -> Jack Zwanenburg | F41: {=_xlfn._xlws.FILTER(Spelerslijst!$R:$R,Spelerslijst!$Q:$Q=B$39,"")} -> B1 | G41: {=_xlfn._xlws.FILTER(Spelerslijst!$N:$N,Spelerslijst!$Q:$Q=B$39,"")} -> 16 | I41: {=_xlfn._xlws.FILTER(Spelerslijst!$B:$B,Spelerslijst!$G:$G=I$39,"")} -> Anouk de Jongh | J41: {=_xlfn._xlws.FILTER(Spelerslijst!$H:$H,Spelerslijst!$G:$G=I$39,"")} -> A2 | K41: {=_xlfn._xlws.FILTER(Spelerslijst!$D:$D,Spelerslijst!$G:$G=I$39,"")} -> 18 | L41: {=_xlfn._xlws.FILTER(Spelerslijst!$L:$L,Spelerslijst!$Q:$Q=I$39,"")} -> Freek van Dongen | M41: {=_xlfn._xlws.FILTER(Spelerslijst!$R:$R,Spelerslijst!$Q:$Q=I$39,"")} -> B2 | N41: {=_xlfn._xlws.FILTER(Spelerslijst!$N:$N,Spelerslijst!$Q:$Q=I$39,"")} -> 16 | P41: {=_xlfn._xlws.FILTER(Spelerslijst!$B:$B,Spelerslijst!$G:$G=P$39,"")} -> Amber Boeije | S41: {=_xlfn._xlws.FILTER(Spelerslijst!$L:$L,Spelerslijst!$Q:$Q=P$39,"")} -> Laurens Verhagen | W41: {=_xlfn._xlws.FILTER(Spelerslijst!$B:$B,Spelerslijst!$G:$G=W$39,"")} | X41: {=_xlfn._xlws.FILTER(Spelerslijst!$H:$H,Spelerslijst!$G:$G=W$39,"")} | Y41: {=_xlfn._xlws.FILTER(Spelerslijst!$D:$D,Spelerslijst!$G:$G=W$39,"")} | Z41: {=_xlfn._xlws.FILTER(Spelerslijst!$L:$L,Spelerslijst!$Q:$Q=W$39,"")} | AA41: {=_xlfn._xlws.FILTER(Spelerslijst!$R:$R,Spelerslijst!$Q:$Q=W$39,"")} | AB41: {=_xlfn._xlws.FILTER(Spelerslijst!$N:$N,Spelerslijst!$Q:$Q=W$39,"")} | AD41: {=_xlfn._xlws.FILTER(Spelerslijst!$B:$B,Spelerslijst!$G:$G=AD$39,"")} | AE41: {=_xlfn._xlws.FILTER(Spelerslijst!$H:$H,Spelerslijst!$G:$G=AD$39,"")} | AF41: {=_xlfn._xlws.FILTER(Spelerslijst!$D:$D,Spelerslijst!$G:$G=AD$39,"")} | AG41: {=_xlfn._xlws.FILTER(Spelerslijst!$L:$L,Spelerslijst!$Q:$Q=AD$39,"")} | AH41: {=_xlfn._xlws.FILTER(Spelerslijst!$R:$R,Spelerslijst!$Q:$Q=AD$39,"")} | AI41: {=_xlfn._xlws.FILTER(Spelerslijst!$N:$N,Spelerslijst!$Q:$Q=AD$39,"")}
B42: Iza Wolleswinkel | C42: B1 | D42: 16 | E42: Jarno Valk | F42: B1 | G42: 16 | I42: Elena Quarré | J42: A2 | K42: 18 | L42: Joël Wietses | M42: A2 | N42: 18 | P42: Bente van Wijngaarden | S42: Matthijs de Jongh
B43: Merel Manduapessy | C43: B1 | D43: 16 | E43: Jens Lohuis | F43: A1 | G43: 18 | I43: Lindi Fasbender | J43: A2 | K43: 18 | L43: Seth van de Burgt | M43: B2 | N43: 17 | P43: Flore Steenks | S43: Menno Pille
B44: Roos Groeneweg | C44: A1 | D44: 18 | E44: Jordi Vaartmans | F44: B1 | G44: 17 | I44: Maud van Wensen | J44: A1 | K44: 18 | L44: Tijn Bäcker | M44: B1 | N44: 16 | P44: Julia Bozuwa | S44: Tommie Koornneef
B45: Sara Boshoven | C45: A1 | D45: 18 | E45: Senne Koster | F45: A1 | G45: 18 | I45: Mila de Wit | J45: B2 | K45: 16 | L45: Wouter Koornneef | M45: A2 | N45: 18 | P45: Lianne Bouwknegt
P46: Tessa van Everdingen
P47: Vivienne Versnel
B50: {=_xlfn._xlws.FILTER(Staf!$C:$C,Staf!$B:$B='Teams-deelversie'!B39,"")} -> Trainer/Coach A1 | C50: {=_xlfn._xlws.FILTER(Staf!$A:$A,Staf!$B:$B='Teams-deelversie'!B39,"")} -> Ruben Blokland | I50: {=_xlfn._xlws.FILTER(Staf!$C:$C,Staf!$B:$B='Teams-deelversie'!I39,"")} -> Trainer/Coach A2 | J50: {=_xlfn._xlws.FILTER(Staf!$A:$A,Staf!$B:$B='Teams-deelversie'!I39,"")} -> Tim van Gent | P50: {=_xlfn._xlws.FILTER(Staf!$C:$C,Staf!$B:$B='Teams-deelversie'!P39,"")} -> Trainer/Coach | Q50: {=_xlfn._xlws.FILTER(Staf!$A:$A,Staf!$B:$B='Teams-deelversie'!P39,"")} -> Team 6 | W50: {=_xlfn._xlws.FILTER(Staf!$C:$C,Staf!$B:$B='Teams-deelversie'!W39,"")} | X50: {=_xlfn._xlws.FILTER(Staf!$A:$A,Staf!$B:$B='Teams-deelversie'!W39,"")} | AD50: {=_xlfn._xlws.FILTER(Staf!$C:$C,Staf!$B:$B='Teams-deelversie'!AD39,"")} | AE50: {=_xlfn._xlws.FILTER(Staf!$A:$A,Staf!$B:$B='Teams-deelversie'!AD39,"")}
B51: Trainer/Coach A1 | C51: Rob van Dongen | I51: Trainer/Coach A2 | J51: Olivier Klink | P51: 0 | Q51: o.a. Kimberley Witman & Angela Friebel
P52: 0 | Q52: o.a. Ruben Dubbeld & David Kuijper
A54: B-Aspiranten | B54: B1 | I54: B2 | P54: B3 | W54: B4 | AD54: B5 | AH54: B5
B55: Dames | E55: Heren | I55: Dames | L55: Heren | P55: Dames | S55: Heren | W55: Dames | Z55: Heren | AD55: Dames | AG55: Heren
B56: {=_xlfn._xlws.FILTER(Spelerslijst!$B:$B,Spelerslijst!$G:$G=B$54,"")} -> Carmen van der Klooster | E56: {=_xlfn._xlws.FILTER(Spelerslijst!$L:$L,Spelerslijst!$Q:$Q=B$54,"")} -> Maarten Sas | I56: {=_xlfn._xlws.FILTER(Spelerslijst!$B:$B,Spelerslijst!$G:$G=I$54,"")} -> Benthe van der Linden | L56: {=_xlfn._xlws.FILTER(Spelerslijst!$L:$L,Spelerslijst!$Q:$Q=I$54,"")} -> Tycho Vliet | P56: {=_xlfn._xlws.FILTER(Spelerslijst!$B:$B,Spelerslijst!$G:$G=P$54,"")} -> Floortje Jongkind | S56: {=_xlfn._xlws.FILTER(Spelerslijst!$L:$L,Spelerslijst!$Q:$Q=P$54,"")} -> Casper Boshoven | W56: {=_xlfn._xlws.FILTER(Spelerslijst!$B:$B,Spelerslijst!$G:$G=W$54,"")} | Z56: {=_xlfn._xlws.FILTER(Spelerslijst!$L:$L,Spelerslijst!$Q:$Q=W$54,"")} | AD56: {=_xlfn._xlws.FILTER(Spelerslijst!$B:$B,Spelerslijst!$G:$G=AH$54,"")} | AE56: {=_xlfn._xlws.FILTER(Spelerslijst!$H:$H,Spelerslijst!$G:$G=AH$54,"")} | AF56: {=_xlfn._xlws.FILTER(Spelerslijst!$D:$D,Spelerslijst!$G:$G=AH$54,"")} | AG56: {=_xlfn._xlws.FILTER(Spelerslijst!$L:$L,Spelerslijst!$Q:$Q=AH$54,"")} | AH56: {=_xlfn._xlws.FILTER(Spelerslijst!$R:$R,Spelerslijst!$Q:$Q=AH$54,"")} | AI56: {=_xlfn._xlws.FILTER(Spelerslijst!$N:$N,Spelerslijst!$Q:$Q=AH$54,"")}
B57: Doeska Voorbij | E57: Niek Driesprong | I57: Elize van de Burgt | L57: Dani Heersping | P57: Madelief van Dongen | S57: Justin Vos
B58: Lisa Reuvers | E58: Onno den Dekker | I58: Floor Lohuis | L58: Jarno Bemer | P58: Marit van den Bergh | S58: Raoul Kuijper
B59: Sophie Kilsdonk | I59: Githa Bemer | L59: Jasper Sempel | P59: Robin Zwanenburg | S59: Stephan Quarre
I60: Stella Verboom | L60: Kian Vliet | P60: Zoë Kamerman | S60: Timo Pichel
L61: Tijn Camphens
B63: {=_xlfn._xlws.FILTER(Staf!$C:$C,Staf!$B:$B='Teams-deelversie'!B54,"")} -> Trainer/Coach | C63: {=_xlfn._xlws.FILTER(Staf!$A:$A,Staf!$B:$B='Teams-deelversie'!B54,"")} -> Milou Oppe | I63: {=_xlfn._xlws.FILTER(Staf!$C:$C,Staf!$B:$B='Teams-deelversie'!I54,"")} -> Trainer/Coach | J63: {=_xlfn._xlws.FILTER(Staf!$A:$A,Staf!$B:$B='Teams-deelversie'!I54,"")} -> Daniel den Uijl | P63: {=_xlfn._xlws.FILTER(Staf!$C:$C,Staf!$B:$B='Teams-deelversie'!P54,"")} -> Trainer/Coach | Q63: {=_xlfn._xlws.FILTER(Staf!$A:$A,Staf!$B:$B='Teams-deelversie'!P54,"")} -> Maud van Wensen | W63: {=_xlfn._xlws.FILTER(Staf!$C:$C,Staf!$B:$B='Teams-deelversie'!W54,"")} | X63: {=_xlfn._xlws.FILTER(Staf!$A:$A,Staf!$B:$B='Teams-deelversie'!W54,"")} | AD63: {=_xlfn._xlws.FILTER(Staf!$C:$C,Staf!$B:$B='Teams-deelversie'!AD54,"")} | AE63: {=_xlfn._xlws.FILTER(Staf!$A:$A,Staf!$B:$B='Teams-deelversie'!AD54,"")}
B64: Trainer/Coach | C64: Stephan Ligtmans | I64: Trainer/Coach | J64: Eva Teerds | P64: Trainer/Coach | Q64: Laura Mol
B65: Teambegeleider | C65: Michel Sas | P65: Trainer/Coach | Q65: Robert Koster
A67: C-Aspiranten | B67: C1 | I67: C2 | P67: C3 | W67: C4 | AD67: C5
B68: Dames | E68: Heren | I68: Dames | L68: Heren | P68: Dames | S68: Heren | W68: Dames | Z68: Heren | AD68: Dames | AG68: Heren
B69: {=_xlfn._xlws.FILTER(Spelerslijst!$B:$B,Spelerslijst!$G:$G=B$67,"")} -> Danique van der Klooster | E69: {=_xlfn._xlws.FILTER(Spelerslijst!$L:$L,Spelerslijst!$Q:$Q=B$67,"")} -> Lenn Belder | I69: {=_xlfn._xlws.FILTER(Spelerslijst!$B:$B,Spelerslijst!$G:$G=I$67,"")} -> Esmée de Boer | L69: {=_xlfn._xlws.FILTER(Spelerslijst!$L:$L,Spelerslijst!$Q:$Q=I$67,"")} -> Diederik Hovestadt | P69: {=_xlfn._xlws.FILTER(Spelerslijst!$B:$B,Spelerslijst!$G:$G=P$67,"")} -> Danique van der Wiel | S69: {=_xlfn._xlws.FILTER(Spelerslijst!$L:$L,Spelerslijst!$Q:$Q=P$67,"")} -> Joaz Post | W69: {=_xlfn._xlws.FILTER(Spelerslijst!$B:$B,Spelerslijst!$G:$G=W$67,"")} -> Bryanna Bos | Z69: {=_xlfn._xlws.FILTER(Spelerslijst!$L:$L,Spelerslijst!$Q:$Q=W$67,"")} -> Djess van Heeren | AD69: {=_xlfn._xlws.FILTER(Spelerslijst!$B:$B,Spelerslijst!$G:$G=AD$67,"")} | AE69: {=_xlfn._xlws.FILTER(Spelerslijst!$H:$H,Spelerslijst!$G:$G=AD$67,"")} | AF69: {=_xlfn._xlws.FILTER(Spelerslijst!$D:$D,Spelerslijst!$G:$G=AD$67,"")} | AG69: {=_xlfn._xlws.FILTER(Spelerslijst!$L:$L,Spelerslijst!$Q:$Q=AD$67,"")} | AH69: {=_xlfn._xlws.FILTER(Spelerslijst!$R:$R,Spelerslijst!$Q:$Q=AD$67,"")} | AI69: {=_xlfn._xlws.FILTER(Spelerslijst!$N:$N,Spelerslijst!$Q:$Q=AD$67,"")}
B70: Demi Engelfriet | E70: Niek Sas | I70: Eva van Rooij | L70: Freek Laban | P70: Enora Bouwknegt | S70: Maarten Rutten | W70: Eline Veenendaal | Z70: Jurre van der Linden
B71: Demi Lindhout | E71: Thomas Vos | I71: Feline van de Burgt | L71: Jonas van de Ven | P71: Famke Nijman | S71: Thijs Vos | W71: Evie Groen | Z71: Levi Molendijk
B72: Julia Kleingeld | E72: Tiemen den Dekker | I72: Saar Camphens | L72: Sander Heerspring | P72: Femke Bakker | S72: Xavi Jacobs | W72: Manon Barbaroux | Z72: Mika Kerschkamp
B73: Noa Stomp | I73: Tess Volker | P73: Nikki Baas | W73: Noortje Vercouteren | Z73: Parham Afsharbegloe
P74: Sanne van Driel | W74: Pippa Jongkind
W75: Sanne Peters
B77: {=_xlfn._xlws.FILTER(Staf!$C:$C,Staf!$B:$B='Teams-deelversie'!B67,"")} -> Trainer/Coach | C77: {=_xlfn._xlws.FILTER(Staf!$A:$A,Staf!$B:$B='Teams-deelversie'!B67,"")} -> Mees Oppe | I77: {=_xlfn._xlws.FILTER(Staf!$C:$C,Staf!$B:$B='Teams-deelversie'!I67,"")} -> Trainer/Coach | J77: {=_xlfn._xlws.FILTER(Staf!$A:$A,Staf!$B:$B='Teams-deelversie'!I67,"")} -> Antjan Laban | P77: {=_xlfn._xlws.FILTER(Staf!$C:$C,Staf!$B:$B='Teams-deelversie'!P67,"")} -> Trainer/Coach | Q77: {=_xlfn._xlws.FILTER(Staf!$A:$A,Staf!$B:$B='Teams-deelversie'!P67,"")} -> Kimberly Jacobs | W77: {=_xlfn._xlws.FILTER(Staf!$C:$C,Staf!$B:$B='Teams-deelversie'!W67,"")} -> Trainer/Coach | X77: {=_xlfn._xlws.FILTER(Staf!$A:$A,Staf!$B:$B='Teams-deelversie'!W67,"")} -> Syrah de Wit | AD77: {=_xlfn._xlws.FILTER(Staf!$C:$C,Staf!$B:$B='Teams-deelversie'!AD67,"")} | AE77: {=_xlfn._xlws.FILTER(Staf!$A:$A,Staf!$B:$B='Teams-deelversie'!AD67,"")}
B78: Trainer/Coach | C78: Jasper Kleingeld | I78: Trainer/Coach | J78: Tessa Dubbeld | P78: Trainer/Coach | Q78: Martijn van der Wiel | W78: Trainer/Coach | X78: Nadia de Wit
A81: D-Pupillen | B81: D1 | I81: D2 | P81: D3 | W81: D4 | AB81: =AVERAGE(Y83:Y92,AB83:AB92) -> #DIV/0! | AD81: D5
B82: Dames | E82: Heren | I82: Dames | L82: Heren | P82: Dames | S82: Heren | W82: Dames | Z82: Heren | AD82: Dames | AG82: Heren
B83: {=_xlfn._xlws.FILTER(Spelerslijst!$B:$B,Spelerslijst!$G:$G=B$81,"")} -> Anouk Bakker | E83: {=_xlfn._xlws.FILTER(Spelerslijst!$L:$L,Spelerslijst!$Q:$Q=B$81,"")} -> Finn Verboom | I83: {=_xlfn._xlws.FILTER(Spelerslijst!$B:$B,Spelerslijst!$G:$G=I$81,"")} -> Evi Kleingeld | L83: {=_xlfn._xlws.FILTER(Spelerslijst!$L:$L,Spelerslijst!$Q:$Q=I$81,"")} -> Abel van de Ven | P83: {=_xlfn._xlws.FILTER(Spelerslijst!$B:$B,Spelerslijst!$G:$G=P$81,"")} -> Esther Oosse | S83: {=_xlfn._xlws.FILTER(Spelerslijst!$L:$L,Spelerslijst!$Q:$Q=P$81,"")} -> Cas Uljee | W83: {=_xlfn._xlws.FILTER(Spelerslijst!$B:$B,Spelerslijst!$G:$G=W$81,"")} | X83: {=_xlfn._xlws.FILTER(Spelerslijst!$H:$H,Spelerslijst!$G:$G=W$81,"")} | Y83: {=_xlfn._xlws.FILTER(Spelerslijst!$D:$D,Spelerslijst!$G:$G=W$81,"")} | Z83: {=_xlfn._xlws.FILTER(Spelerslijst!$L:$L,Spelerslijst!$Q:$Q=W$81,"")} | AA83: {=_xlfn._xlws.FILTER(Spelerslijst!$R:$R,Spelerslijst!$Q:$Q=W$81,"")} | AB83: {=_xlfn._xlws.FILTER(Spelerslijst!$N:$N,Spelerslijst!$Q:$Q=W$81,"")} | AD83: {=_xlfn._xlws.FILTER(Spelerslijst!$B:$B,Spelerslijst!$G:$G=AD$81,"")} | AE83: {=_xlfn._xlws.FILTER(Spelerslijst!$H:$H,Spelerslijst!$G:$G=AD$81,"")} | AF83: {=_xlfn._xlws.FILTER(Spelerslijst!$D:$D,Spelerslijst!$G:$G=AD$81,"")} | AG83: {=_xlfn._xlws.FILTER(Spelerslijst!$L:$L,Spelerslijst!$Q:$Q=AD$81,"")} | AH83: {=_xlfn._xlws.FILTER(Spelerslijst!$R:$R,Spelerslijst!$Q:$Q=AD$81,"")} | AI83: {=_xlfn._xlws.FILTER(Spelerslijst!$N:$N,Spelerslijst!$Q:$Q=AD$81,"")}
B84: Davina Moniz | E84: Joep van Ameijden | I84: Fay Tims | L84: Falco Bemer | P84: Feline Littooij | S84: Fynn Kuling
B85: Eva Bezemer | E85: Juda Vos | I85: Fenna van Rijswijk | L85: Nathan Verberkt | P85: Jolijn van den Bergh | S85: Martijn Veenendaal
B86: Imke van Geldrop | E86: Matthijs de Reus | I86: Jenna Ehmila | L86: Tygo Bemer | P86: Lenthe van den Boogaart | S86: Vince van der Hoeven
B87: Laura Exalto | I87: Layla de Boer | P87: Lisanne Naeije
B88: Olivia de Waard | I88: Yara van der Wiel | P88: Noor Brouwer
P89: Tess Uljee
B91: {=_xlfn._xlws.FILTER(Staf!$C:$C,Staf!$B:$B='Teams-deelversie'!B81,"")} -> Trainer/Coach | C91: {=_xlfn._xlws.FILTER(Staf!$A:$A,Staf!$B:$B='Teams-deelversie'!B81,"")} -> Joram Flach | I91: {=_xlfn._xlws.FILTER(Staf!$C:$C,Staf!$B:$B='Teams-deelversie'!I81,"")} -> Trainer/Coach | J91: {=_xlfn._xlws.FILTER(Staf!$A:$A,Staf!$B:$B='Teams-deelversie'!I81,"")} -> Marcel St. Nicolaas | P91: {=_xlfn._xlws.FILTER(Staf!$C:$C,Staf!$B:$B='Teams-deelversie'!P81,"")} -> Trainer/Coach | Q91: {=_xlfn._xlws.FILTER(Staf!$A:$A,Staf!$B:$B='Teams-deelversie'!P81,"")} -> Mark Schindler | W91: {=_xlfn._xlws.FILTER(Staf!$C:$C,Staf!$B:$B='Teams-deelversie'!W81,"")} | X91: {=_xlfn._xlws.FILTER(Staf!$A:$A,Staf!$B:$B='Teams-deelversie'!W81,"")} | AD91: {=_xlfn._xlws.FILTER(Staf!$C:$C,Staf!$B:$B='Teams-deelversie'!AD81,"")} | AE91: {=_xlfn._xlws.FILTER(Staf!$A:$A,Staf!$B:$B='Teams-deelversie'!AD81,"")}
B92: Trainer/Coach | C92: Marlies Valk | I92: Trainer/Coach | J92: Tom van de Ven | P92: Trainer/Coach | Q92: Rick van de Wijgaart
B93: Assistent-trainer | C93: Egbert Vos | I93: Assistent-trainer | J93: Alex de Boer | P93: Trainer/Coach | Q93: Jarno Valk
A95: E-pupillen | B95: E1 | I95: E2 | P95: E3 | W95: E4 | AD95: E5 | AK95: E6 | AR95: E7
B96: Dames | E96: Heren | I96: Dames | L96: Heren | P96: Dames | S96: Heren | W96: Dames | Z96: Heren | AD96: Dames | AG96: Heren | AK96: Dames | AN96: Heren | AR96: Dames | AU96: Heren
B97: {=_xlfn._xlws.FILTER(Spelerslijst!$B:$B,Spelerslijst!$G:$G=B$95,"")} -> Jeslynn Vos | E97: {=_xlfn._xlws.FILTER(Spelerslijst!$L:$L,Spelerslijst!$Q:$Q=B$95,"")} -> Ayden van den Bosch | I97: {=_xlfn._xlws.FILTER(Spelerslijst!$B:$B,Spelerslijst!$G:$G=I$95,"")} -> Ize van der Linden | L97: {=_xlfn._xlws.FILTER(Spelerslijst!$L:$L,Spelerslijst!$Q:$Q=I$95,"")} -> Jorn den Dekker | P97: {=_xlfn._xlws.FILTER(Spelerslijst!$B:$B,Spelerslijst!$G:$G=P$95,"")} -> Emma Schot | S97: {=_xlfn._xlws.FILTER(Spelerslijst!$L:$L,Spelerslijst!$Q:$Q=P$95,"")} -> Lucas van de Rest | W97: {=_xlfn._xlws.FILTER(Spelerslijst!$B:$B,Spelerslijst!$G:$G=W$95,"")} -> Maartje Laban | Z97: {=_xlfn._xlws.FILTER(Spelerslijst!$L:$L,Spelerslijst!$Q:$Q=W$95,"")} -> Joep Jongkind | AD97: {=_xlfn._xlws.FILTER(Spelerslijst!$B:$B,Spelerslijst!$G:$G=AD$95,"")} -> Aniek van den Bergh | AG97: {=_xlfn._xlws.FILTER(Spelerslijst!$L:$L,Spelerslijst!$Q:$Q=AD$95,"")} -> Gideon Verberkt | AK97: {=_xlfn._xlws.FILTER(Spelerslijst!$B:$B,Spelerslijst!$G:$G=AK$95,"")} | AN97: {=_xlfn._xlws.FILTER(Spelerslijst!$L:$L,Spelerslijst!$Q:$Q=AK$95,"")} | AR97: {=_xlfn._xlws.FILTER(Spelerslijst!$B:$B,Spelerslijst!$G:$G=AR$95,"")} | AS97: {=_xlfn._xlws.FILTER(Spelerslijst!$H:$H,Spelerslijst!$G:$G=AR$95,"")} | AT97: {=_xlfn._xlws.FILTER(Spelerslijst!$D:$D,Spelerslijst!$G:$G=AR$95,"")} | AU97: {=_xlfn._xlws.FILTER(Spelerslijst!$L:$L,Spelerslijst!$Q:$Q=AR$95,"")} | AV97: {=_xlfn._xlws.FILTER(Spelerslijst!$R:$R,Spelerslijst!$Q:$Q=AR$95,"")} | AW97: {=_xlfn._xlws.FILTER(Spelerslijst!$N:$N,Spelerslijst!$Q:$Q=AR$95,"")}
B98: Pien van Dongen | E98: Levi Everaarts | I98: Lisa Exalto | L98: Lars Winter | P98: Suze Maaskant | S98: Ralf Dijkstra | W98: Robin Mans | Z98: Koen Ploeg | AD98: Feliz Lanser | AG98: Timo van der Sijde
E99: Merlijn de Wit | L99: Morris van Ameijden | P99: Tess Rebollo | S99: Sepp Jongkind | W99: Sofie Kleingeld | Z99: Rens Boekee | AD99: Julia van Twist
L100: Tobias Hoedelmans | AD100: Sanae
B103: {=_xlfn._xlws.FILTER(Staf!$C:$C,Staf!$B:$B='Teams-deelversie'!B95,"")} -> Trainer/Coach | C103: {=_xlfn._xlws.FILTER(Staf!$A:$A,Staf!$B:$B='Teams-deelversie'!B95,"")} -> Bart de Wit | I103: {=_xlfn._xlws.FILTER(Staf!$C:$C,Staf!$B:$B='Teams-deelversie'!I95,"")} -> Trainer/Coach | J103: {=_xlfn._xlws.FILTER(Staf!$A:$A,Staf!$B:$B='Teams-deelversie'!I95,"")} -> Anouk de Jongh | P103: {=_xlfn._xlws.FILTER(Staf!$C:$C,Staf!$B:$B='Teams-deelversie'!P95,"")} -> #VALUE! | Q103: {=_xlfn._xlws.FILTER(Staf!$A:$A,Staf!$B:$B='Teams-deelversie'!P95,"")} -> Jack Zwanenburg | W103: {=_xlfn._xlws.FILTER(Staf!$C:$C,Staf!$B:$B='Teams-deelversie'!W95,"")} -> Trainer/Coach | X103: {=_xlfn._xlws.FILTER(Staf!$A:$A,Staf!$B:$B='Teams-deelversie'!W95,"")} -> Monique te Witt | AD103: {=_xlfn._xlws.FILTER(Staf!$C:$C,Staf!$B:$B='Teams-deelversie'!AD95,"")} -> Ondersteuning | AE103: {=_xlfn._xlws.FILTER(Staf!$A:$A,Staf!$B:$B='Teams-deelversie'!AD95,"")} -> Lenny van den Bergh | AK103: {=_xlfn._xlws.FILTER(Staf!$C:$C,Staf!$B:$B='Teams-deelversie'!AK95,"")} | AL103: {=_xlfn._xlws.FILTER(Staf!$A:$A,Staf!$B:$B='Teams-deelversie'!AK95,"")} | AR103: {=_xlfn._xlws.FILTER(Staf!$C:$C,Staf!$B:$B='Teams-deelversie'!AR95,"")} | AS103: {=_xlfn._xlws.FILTER(Staf!$A:$A,Staf!$B:$B='Teams-deelversie'!AR95,"")}
I104: Trainer/Coach | J104: Sjoerd van Ameijden | Q104: Vacature | W104: Assistent-trainer | X104: Gertjan Ploeg | AD104: Trainer/Coach | AE104: Vacature
Q105: Vacature | W105: Trainer/Coach | X105: Liesbeth Wibbens | AD105: Trainer/Coach | AE105: Vacature
Q106: Jens Lohuis
A107: F-Pupillen | B107: F1 | I107: F2 | P107: F3 | Q107: Joël Wietses | W107: F4 | AD107: F5
B108: Dames | E108: Heren | I108: Dames | L108: Heren | P108: Dames | S108: Heren | W108: Dames | Z108: Heren | AD108: Dames | AG108: Heren
B109: {=_xlfn._xlws.FILTER(Spelerslijst!$B:$B,Spelerslijst!$G:$G=B$107,"")} -> Alisa Stomp | E109: {=_xlfn._xlws.FILTER(Spelerslijst!$L:$L,Spelerslijst!$Q:$Q=B$107,"")} -> Amos Alberts | I109: {=_xlfn._xlws.FILTER(Spelerslijst!$B:$B,Spelerslijst!$G:$G=I$107,"")} -> Livia van de Burgt | L109: {=_xlfn._xlws.FILTER(Spelerslijst!$L:$L,Spelerslijst!$Q:$Q=I$107,"")} -> Art Malschaert | P109: {=_xlfn._xlws.FILTER(Spelerslijst!$B:$B,Spelerslijst!$G:$G=P$107,"")} | Q109: {=_xlfn._xlws.FILTER(Spelerslijst!$H:$H,Spelerslijst!$G:$G=P$107,"")} | R109: {=_xlfn._xlws.FILTER(Spelerslijst!$D:$D,Spelerslijst!$G:$G=P$107,"")} | S109: {=_xlfn._xlws.FILTER(Spelerslijst!$L:$L,Spelerslijst!$Q:$Q=P$107,"")} | T109: {=_xlfn._xlws.FILTER(Spelerslijst!$R:$R,Spelerslijst!$Q:$Q=P$107,"")} | U109: {=_xlfn._xlws.FILTER(Spelerslijst!$N:$N,Spelerslijst!$Q:$Q=P$107,"")} | W109: {=_xlfn._xlws.FILTER(Spelerslijst!$B:$B,Spelerslijst!$G:$G=W$107,"")} | X109: {=_xlfn._xlws.FILTER(Spelerslijst!$H:$H,Spelerslijst!$G:$G=W$107,"")} | Y109: {=_xlfn._xlws.FILTER(Spelerslijst!$D:$D,Spelerslijst!$G:$G=W$107,"")} | Z109: {=_xlfn._xlws.FILTER(Spelerslijst!$L:$L,Spelerslijst!$Q:$Q=W$107,"")} | AA109: {=_xlfn._xlws.FILTER(Spelerslijst!$R:$R,Spelerslijst!$Q:$Q=W$107,"")} | AB109: {=_xlfn._xlws.FILTER(Spelerslijst!$N:$N,Spelerslijst!$Q:$Q=W$107,"")} | AD109: {=_xlfn._xlws.FILTER(Spelerslijst!$B:$B,Spelerslijst!$G:$G=AD$107,"")} | AE109: {=_xlfn._xlws.FILTER(Spelerslijst!$H:$H,Spelerslijst!$G:$G=AD$107,"")} | AF109: {=_xlfn._xlws.FILTER(Spelerslijst!$D:$D,Spelerslijst!$G:$G=AD$107,"")} | AG109: {=_xlfn._xlws.FILTER(Spelerslijst!$L:$L,Spelerslijst!$Q:$Q=AD$107,"")} | AH109: {=_xlfn._xlws.FILTER(Spelerslijst!$R:$R,Spelerslijst!$Q:$Q=AD$107,"")} | AI109: {=_xlfn._xlws.FILTER(Spelerslijst!$N:$N,Spelerslijst!$Q:$Q=AD$107,"")}
B110: Imme Bouman | I110: Sanna de Lange | L110: Sem van de Wiel
B111: Karlijn Bakker | I111: Vive Jacobs
B112: Lara Mans | I112: Wies van den Berg
B115: {=_xlfn._xlws.FILTER(Staf!$C:$C,Staf!$B:$B='Teams-deelversie'!B107,"")} -> Trainer/Coach | C115: {=_xlfn._xlws.FILTER(Staf!$A:$A,Staf!$B:$B='Teams-deelversie'!B107,"")} -> Lianne Stomp - vd Burgt | I115: {=_xlfn._xlws.FILTER(Staf!$C:$C,Staf!$B:$B='Teams-deelversie'!I107,"")} -> Trainer/Coach | J115: {=_xlfn._xlws.FILTER(Staf!$A:$A,Staf!$B:$B='Teams-deelversie'!I107,"")} -> Seth vd Burgt | P115: {=_xlfn._xlws.FILTER(Staf!$C:$C,Staf!$B:$B='Teams-deelversie'!P107,"")} | Q115: {=_xlfn._xlws.FILTER(Staf!$A:$A,Staf!$B:$B='Teams-deelversie'!P107,"")} | W115: {=_xlfn._xlws.FILTER(Staf!$C:$C,Staf!$B:$B='Teams-deelversie'!W107,"")} | X115: {=_xlfn._xlws.FILTER(Staf!$A:$A,Staf!$B:$B='Teams-deelversie'!W107,"")} | AD115: {=_xlfn._xlws.FILTER(Staf!$C:$C,Staf!$B:$B='Teams-deelversie'!AD107,"")} | AE115: {=_xlfn._xlws.FILTER(Staf!$A:$A,Staf!$B:$B='Teams-deelversie'!AD107,"")}
B116: Trainer/Coach | C116: Noa Stomp | I116: Trainer/Coach | J116: Sophie Kilsdonk
I117: Trainer/Coach | J117: Jet van Trooijen
I118: Trainer/Coach | J118: Kimberly Jacobs
A120: Kangoeroes | B120: K
B121: Dames | E121: Heren
B122: {=_xlfn._xlws.FILTER(Spelerslijst!$B:$B,Spelerslijst!$G:$G=B$120,"")} -> Diede van den Boogaart | E122: {=_xlfn._xlws.FILTER(Spelerslijst!$L:$L,Spelerslijst!$Q:$Q=B$120,"")}
...

Sheet Stoppers
A1: Rel.nr | B1: Naam & Initialen) | C1: Roepnaam | D1: Leeftijd Peildatum | E1: Geb datum | F1: Team op Peildatum | G1: Team 20-21 | I1: Rel.nr | J1: Naam & Initialen) | K1: Roepnaam | L1: Leeftijd Peildatum | M1: Geb datum | N1: Team op Peildatum | O1: Team 20-21
A2: {=_xlfn._xlws.FILTER(Spelerslijst!A:A,Spelerslijst!$G:$G="Stopt","")} -> NLY40X3 | B2: {=_xlfn._xlws.FILTER(Spelerslijst!B:B,Spelerslijst!$G:$G="Stopt","")} -> Anjanette Matena | C2: {=_xlfn._xlws.FILTER(Spelerslijst!C:C,Spelerslijst!$G:$G="Stopt","")} -> Anjanette | D2: {=_xlfn._xlws.FILTER(Spelerslijst!D:D,Spelerslijst!$G:$G="Stopt","")} -> 14 | E2: {=_xlfn._xlws.FILTER(Spelerslijst!E:E,Spelerslijst!$G:$G="Stopt","")} -> 39961 | F2: {=_xlfn._xlws.FILTER(Spelerslijst!F:F,Spelerslijst!$G:$G="Stopt","")} -> B | G2: {=_xlfn._xlws.FILTER(Spelerslijst!G:G,Spelerslijst!$G:$G="Stopt","")} -> Stopt | I2: {=_xlfn._xlws.FILTER(Spelerslijst!K:K,Spelerslijst!$Q:$Q="Stopt","")} -> NLB70Y2 | J2: {=_xlfn._xlws.FILTER(Spelerslijst!L:L,Spelerslijst!$Q:$Q="Stopt","")} -> Joeke Meijer | K2: {=_xlfn._xlws.FILTER(Spelerslijst!M:M,Spelerslijst!$Q:$Q="Stopt","")} -> Joeke | L2: {=_xlfn._xlws.FILTER(Spelerslijst!N:N,Spelerslijst!$Q:$Q="Stopt","")} -> 18 | M2: {=_xlfn._xlws.FILTER(Spelerslijst!O:O,Spelerslijst!$Q:$Q="Stopt","")} -> 38617 | N2: {=_xlfn._xlws.FILTER(Spelerslijst!P:P,Spelerslijst!$Q:$Q="Stopt","")} -> A | O2: {=_xlfn._xlws.FILTER(Spelerslijst!Q:Q,Spelerslijst!$Q:$Q="Stopt","")} -> Stopt
A3: NLC07S7 | B3: Anna Everaarts | C3: Anna | D3: 15 | E3: 39589 | F3: B | G3: Stopt | I3: NMJ09L8 | J3: Abdi Ibrahim | K3: Abdi | L3: 16 | M3: 39402 | N3: A | O3: Stopt
A4: NMH36F0 | B4: Anouk Vreeling | C4: Anouk | D4: 16 | E4: 39427 | F4: A | G4: Stopt | I4: NKH56N2 | J4: Alexander Wolff | K4: Alexander | L4: 27 | M4: 35231 | N4: S | O4: Stopt
A5: NLM86V5 | B5: Britt Vaartmans | C5: Britt | D5: 12 | E5: 40561 | F5: C | G5: Stopt | I5: NLW47J4 | J5: Ali Hashmei | K5: Ali | L5: 16 | M5: 39402 | N5: A | O5: Stopt
A6: NMN14W9 | B6: Carlijn van den Broek | C6: Carlijn | D6: 15 | E6: 39702 | F6: B | G6: Stopt | I6: NJD52B5 | J6: Bas Willemsteijn | K6: Bas | L6: 29 | M6: 34435 | N6: S | O6: Stopt
A7: NKC46R0 | B7: Dionne Broere | C7: Dionne | D7: 24 | E7: 36460 | F7: S | G7: Stopt | I7: NLJ47N9 | J7: Chris IJben | K7: Chris | L7: 18 | M7: 38519 | N7: A | O7: Stopt
A8: NMM29Q6 | B8: Elin Vogelaar | C8: Elin | D8: 6 | E8: 43083 | F8: F | G8: Stopt | I8: NFW26Q8 | J8: Egbert Vos | K8: Egbert | L8: 42 | M8: 29725 | N8: S | O8: Stopt
A9: NLS08K0 | B9: Hanna Oomens | C9: Hanna | D9: 15 | E9: 39635 | F9: B | G9: Stopt | I9: NLL19X2 | J9: Evan Altena | K9: Evan | L9: 16 | M9: 39100 | N9: A | O9: Stopt
A10: NKB62K8 | B10: Hulsker, N.M. | C10: Nina | D10: 24 | E10: 36385 | F10: S | G10: Stopt | I10: NFW14Y3 | J10: Jan-Peter Verwaal | K10: Jan-Peter | L10: 54 | M10: 25273 | N10: S | O10: Stopt
A11: NKW52X5 | B11: Jana Driesprong | C11: Jana | D11: 16 | E11: 39205 | F11: A | G11: Stopt | I11: NLJ97M7 | J11: Jesper Felix | K11: Jesper | L11: 16 | M11: 39420 | N11: A | O11: Stopt
A12: NKL60P7 | B12: Kim de Reus | C12: Kim | D12: 19 | E12: 38159 | F12: S | G12: Stopt | I12: NLC07T4 | J12: Jesse Everaarts | K12: Jesse | L12: 19 | M12: 38346 | N12: S | O12: Stopt
A13: NKK48D6 | B13: Laura Mol | C13: Laura | D13: 19 | E13: 38079 | F13: S | G13: Stopt | I13: NFW13Y0 | J13: Marco van Kalkeren | K13: Marco | L13: 54 | M13: 25227 | N13: S | O13: Stopt
A14: NLD26P4 | B14: Lisa Taal | C14: Lisa | D14: 20 | E14: 37931 | F14: S | G14: Stopt | I14: NKW50D9 | J14: Mathijs Lange | K14: Mathijs | L14: 19 | M14: 38169 | N14: S | O14: Stopt
... A20: NMM99N0 | B20: Sofie Faber | C20: Sofie | D20: 9 | E20: 41761 | F20: E | G20: Stopt | I20: NKR20M2 | J20: Tim Seevinck | K20: Tim | L20: 20 | M20: 37932 | N20: S | O20: Stopt
A21: NLX08D6 | B21: Sterre Reijerkerk | C21: Sterre | D21: 14 | E21: 39861 | F21: B | G21: Stopt
A22: NKS24M5 | B22: Yente Verbeek | C22: Yente | D22: 19 | E22: 38012 | F22: S | G22: stopt

Sheet vraagtekens
A1: Rel.nr | B1: Naam & Initialen) | C1: Roepnaam | D1: Leeftijd Peildatum | E1: Geb datum | F1: Team op Peildatum | G1: Team 20-21 | I1: Rel.nr | J1: Naam & Initialen) | K1: Roepnaam | L1: Leeftijd Peildatum | M1: Geb datum | N1: Team op Peildatum | O1: Team 20-21
A2: {=_xlfn._xlws.FILTER(Spelerslijst!A:A,Spelerslijst!$G:$G="?","")} | B2: {=_xlfn._xlws.FILTER(Spelerslijst!B:B,Spelerslijst!$G:$G="?","")} | C2: {=_xlfn._xlws.FILTER(Spelerslijst!C:C,Spelerslijst!$G:$G="?","")} | D2: {=_xlfn._xlws.FILTER(Spelerslijst!D:D,Spelerslijst!$G:$G="?","")} | E2: {=_xlfn._xlws.FILTER(Spelerslijst!E:E,Spelerslijst!$G:$G="?","")} | F2: {=_xlfn._xlws.FILTER(Spelerslijst!F:F,Spelerslijst!$G:$G="?","")} | G2: {=_xlfn._xlws.FILTER(Spelerslijst!G:G,Spelerslijst!$G:$G="?","")} | I2: {=_xlfn._xlws.FILTER(Spelerslijst!K:K,Spelerslijst!$Q:$Q="?","")} | J2: {=_xlfn._xlws.FILTER(Spelerslijst!L:L,Spelerslijst!$Q:$Q="?","")} | K2: {=_xlfn._xlws.FILTER(Spelerslijst!M:M,Spelerslijst!$Q:$Q="?","")} | L2: {=_xlfn._xlws.FILTER(Spelerslijst!N:N,Spelerslijst!$Q:$Q="?","")} | M2: {=_xlfn._xlws.FILTER(Spelerslijst!O:O,Spelerslijst!$Q:$Q="?","")} | N2: {=_xlfn._xlws.FILTER(Spelerslijst!P:P,Spelerslijst!$Q:$Q="?","")} | O2: {=_xlfn._xlws.FILTER(Spelerslijst!Q:Q,Spelerslijst!$Q:$Q="?","")}

Sheet streepjes

Sheet check bond 280623
A1: Check V | B1: Check M | C1: Check | D1: Relatiecode | E1: Volledige naam (2) | F1: Roepnaam | G1: Geboortedatum | H1: Geslacht | I1: E-mail | J1: Status | K1: Lidmaatschapcode | L1: Bondssporten | M1: Verenigingssporten | N1: Lid sinds
A2: =_xlfn.IFNA(VLOOKUP(D2,Spelerslijst!A:B,1,FALSE),FALSE) -> FALSE | B2: =_xlfn.IFNA(VLOOKUP(D2,Spelerslijst!K:L,1,FALSE),FALSE) -> NJC26C8 | C2: =IF(AND(A2=FALSE,B2=FALSE),"Onbekend","") | D2: NJC26C8 | E2: Emiel Houwerzijl | F2: Emiel | G2: 34464 | H2: M | I2: emielhouwerzijl@hotmail.com | J2: definitief | K2: 200 | L2: Veld - Week, Zaal - Week | M2: Korfbal - Korfbal - Week | N2: 44746
A3: =_xlfn.IFNA(VLOOKUP(D3,Spelerslijst!A:B,1,FALSE),FALSE) -> FALSE | B3: =_xlfn.IFNA(VLOOKUP(D3,Spelerslijst!K:L,1,FALSE),FALSE) -> NKN65B6 | C3: =IF(AND(A3=FALSE,B3=FALSE),"Onbekend","") | D3: NKN65B6 | E3: Luuk Baars | F3: Luuk | G3: 36929 | H3: M | I3: luukbaars2001@gmail.com | J3: definitief | K3: 200 | L3: Veld - Week, Zaal - Week | M3: Korfbal - Korfbal - Week | N3: 40087
A4: =_xlfn.IFNA(VLOOKUP(D4,Spelerslijst!A:B,1,FALSE),FALSE) -> NMM29Q6 | B4: =_xlfn.IFNA(VLOOKUP(D4,Spelerslijst!K:L,1,FALSE),FALSE) -> FALSE | C4: =IF(AND(A4=FALSE,B4=FALSE),"Onbekend","") | D4: NMM29Q6 | E4: Elin Vogelaar | F4: Elin | G4: 43083 | H4: V | I4: maritteisarin@gmail.com | J4: af te melden | K4: 240 | M4: Korfbal - Korfbal - Week | N4: 44326
A5: =_xlfn.IFNA(VLOOKUP(D5,Spelerslijst!A:B,1,FALSE),FALSE) -> NMS09V7 | B5: =_xlfn.IFNA(VLOOKUP(D5,Spelerslijst!K:L,1,FALSE),FALSE) -> FALSE | C5: =IF(AND(A5=FALSE,B5=FALSE),"Onbekend","") | D5: NMS09V7 | E5: Julia van Twist | F5: Julia | G5: 42234 | H5: V | I5: rmvantwist@hotmail.com | J5: definitief | K5: 230 | L5: Veld - Week, Zaal - Week | M5: Korfbal - Korfbal - Week | N5: 44817
A6: =_xlfn.IFNA(VLOOKUP(D6,Spelerslijst!A:B,1,FALSE),FALSE) -> NLB70X5 | B6: =_xlfn.IFNA(VLOOKUP(D6,Spelerslijst!K:L,1,FALSE),FALSE) -> FALSE | C6: =IF(AND(A6=FALSE,B6=FALSE),"Onbekend","") | D6: NLB70X5 | E6: Angela Friebel | F6: Angela | G6: 37541 | H6: V | I6: angelafriebel02@gmail.com | J6: definitief | K6: 200 | L6: Veld - Week, Zaal - Week | M6: Korfbal - Korfbal - Week | N6: 41153
A7: =_xlfn.IFNA(VLOOKUP(D7,Spelerslijst!A:B,1,FALSE),FALSE) -> NKB62K8 | B7: =_xlfn.IFNA(VLOOKUP(D7,Spelerslijst!K:L,1,FALSE),FALSE) -> FALSE | C7: =IF(AND(A7=FALSE,B7=FALSE),"Onbekend","") | D7: NKB62K8 | E7: Nina Hulsker | F7: Nina | G7: 36385 | H7: V | I7: ninahulsker@hotmail.com | J7: af te melden | K7: 200 | L7: Veld - Week, Zaal - Week | M7: Korfbal - Korfbal - Week | N7: 39296
A8: =_xlfn.IFNA(VLOOKUP(D8,Spelerslijst!A:B,1,FALSE),FALSE) -> NML00R5 | B8: =_xlfn.IFNA(VLOOKUP(D8,Spelerslijst!K:L,1,FALSE),FALSE) -> FALSE | C8: =IF(AND(A8=FALSE,B8=FALSE),"Onbekend","") | D8: NML00R5 | E8: Bryanna Bos | F8: Bryanna | G8: 40373 | H8: V | I8: luthiendenheeten@gmail.com | J8: definitief | K8: 220 | L8: Veld - Week, Zaal - Week | M8: Korfbal - Korfbal - Week | N8: 44099
A9: =_xlfn.IFNA(VLOOKUP(D9,Spelerslijst!A:B,1,FALSE),FALSE) -> NJW77M6 | B9: =_xlfn.IFNA(VLOOKUP(D9,Spelerslijst!K:L,1,FALSE),FALSE) -> FALSE | C9: =IF(AND(A9=FALSE,B9=FALSE),"Onbekend","") | D9: NJW77M6 | E9: Merel Schram | F9: Merel | G9: 36432 | H9: V | I9: merel.schram@gmail.com | J9: definitief | K9: 202 | L9: Veld - Week, Zaal - Week | M9: Algemeen reserve - Algemeen reserve - Week, Korfbal - Korfbal - Week | N9: 38961
A10: =_xlfn.IFNA(VLOOKUP(D10,Spelerslijst!A:B,1,FALSE),FALSE) -> NFW15S4 | B10: =_xlfn.IFNA(VLOOKUP(D10,Spelerslijst!K:L,1,FALSE),FALSE) -> FALSE | C10: =IF(AND(A10=FALSE,B10=FALSE),"Onbekend","") | D10: NFW15S4 | E10: Debita Moerman | F10: Debita | G10: 28329 | H10: V | I10: debmoerman@hotmail.com | J10: definitief | K10: 202 | L10: Veld - Week, Zaal - Week | M10: Algemeen reserve - Algemeen reserve - Week, Midweek - Midweek - Week | N10: 41883
A11: =_xlfn.IFNA(VLOOKUP(D11,Spelerslijst!A:B,1,FALSE),FALSE) -> FALSE | B11: =_xlfn.IFNA(VLOOKUP(D11,Spelerslijst!K:L,1,FALSE),FALSE) -> NLL19V8 | C11: =IF(AND(A11=FALSE,B11=FALSE),"Onbekend","") | D11: NLL19V8 | E11: Jack Zwanenburg | F11: Jack | G11: 39356 | H11: M | I11: debmoerman@hotmail.com | J11: definitief | K11: 220 | L11: Veld - Week, Zaal - Week | M11: Korfbal - Korfbal - Week | N11: 41883
A12: =_xlfn.IFNA(VLOOKUP(D12,Spelerslijst!A:B,1,FALSE),FALSE) -> NLS76C3 | B12: =_xlfn.IFNA(VLOOKUP(D12,Spelerslijst!K:L,1,FALSE),FALSE) -> FALSE | C12: =IF(AND(A12=FALSE,B12=FALSE),"Onbekend","") | D12: NLS76C3 | E12: Robin Zwanenburg | F12: Robin | G12: 40097 | H12: V | I12: debmoerman@hotmail.com | J12: definitief | K12: 220 | L12: Veld - Week, Zaal - Week | M12: Korfbal - Korfbal - Week | N12: 42532
A13: =_xlfn.IFNA(VLOOKUP(D13,Spelerslijst!A:B,1,FALSE),FALSE) -> NJK34W5 | B13: =_xlfn.IFNA(VLOOKUP(D13,Spelerslijst!K:L,1,FALSE),FALSE) -> FALSE | C13: =IF(AND(A13=FALSE,B13=FALSE),"Onbekend","") | D13: NJK34W5 | E13: Lieke Ploeg | F13: Lieke | G13: 31732 | H13: V | I13: liekeploeg@gmail.com | J13: definitief | K13: 200 | L13: Veld - Week, Zaal - Week | M13: Korfbal - Korfbal - Week | N13: 42461
A14: =_xlfn.IFNA(VLOOKUP(D14,Spelerslijst!A:B,1,FALSE),FALSE) -> NFW28D3 | B14: =_xlfn.IFNA(VLOOKUP(D14,Spelerslijst!K:L,1,FALSE),FALSE) -> FALSE | C14: =IF(AND(A14=FALSE,B14=FALSE),"Onbekend","") | D14: NFW28D3 | E14: Dorien in 't Veld | F14: Dorien | G14: 31086 | H14: V | I14: dorienintveld@gmail.com | J14: definitief | K14: 203 | L14: Veld - Week, Zaal - Week | M14: Midweek - Midweek - Week | N14: 33909
A15: =_xlfn.IFNA(VLOOKUP(D15,Spelerslijst!A:B,1,FALSE),FALSE) -> FALSE | B15: =_xlfn.IFNA(VLOOKUP(D15,Spelerslijst!K:L,1,FALSE),FALSE) -> NKD39Q8 | C15: =IF(AND(A15=FALSE,B15=FALSE),"Onbekend","") | D15: NKD39Q8 | E15: Mark Schindler | F15: Mark | G15: 36308 | H15: M | I15: schinmark@gmail.com | J15: definitief | K15: 200 | L15: Veld - Week, Zaal - Week | M15: Korfbal - Korfbal - Week | N15: 39394
A16: =_xlfn.IFNA(VLOOKUP(D16,Spelerslijst!A:B,1,FALSE),FALSE) -> NLX64V0 | B16: =_xlfn.IFNA(VLOOKUP(D16,Spelerslijst!K:L,1,FALSE),FALSE) -> FALSE | C16: =IF(AND(A16=FALSE,B16=FALSE),"Onbekend","") | D16: NLX64V0 | E16: EsmÃ©e de Boer | F16: EsmÃ©e | G16: 40328 | H16: V | I16: alexenannemarie@outlook.com | J16: definitief | K16: 220 | L16: Veld - Week, Zaal - Week | M16: Korfbal - Korfbal - Week | N16: 42912
... A22: =_xlfn.IFNA(VLOOKUP(D22,Spelerslijst!A:B,1,FALSE),FALSE) -> FALSE | B22: =_xlfn.IFNA(VLOOKUP(D22,Spelerslijst!K:L,1,FALSE),FALSE) -> NLB70Y2 | C22: =IF(AND(A22=FALSE,B22=FALSE),"Onbekend","") | D22: NLB70Y2 | E22: Joeke Meijer | F22: Joeke | G22: 38617 | H22: M | I22: jacco.yvette@gmail.com | J22: definitief | K22: 210 | L22: Veld - Week, Zaal - Week | M22: Korfbal - Korfbal - Week | N22: 41153
A23: =_xlfn.IFNA(VLOOKUP(D23,Spelerslijst!A:B,1,FALSE),FALSE) -> NGG54V3 | B23: =_xlfn.IFNA(VLOOKUP(D23,Spelerslijst!K:L,1,FALSE),FALSE) -> FALSE | C23: =IF(AND(A23=FALSE,B23=FALSE),"Onbekend","") | D23: NGG54V3 | E23: Hanneke Batenburg | F23: Hanneke | G23: 32050 | H23: V | I23: hbatenburg@hotmail.com | J23: definitief | K23: 202 | M23: Algemeen reserve - Algemeen reserve - Week, Korfbal - Korfbal - Week | N23: 34943
A24: =_xlfn.IFNA(VLOOKUP(D24,Spelerslijst!A:B,1,FALSE),FALSE) -> NKS24M5 | B24: =_xlfn.IFNA(VLOOKUP(D24,Spelerslijst!K:L,1,FALSE),FALSE) -> FALSE | C24: =IF(AND(A24=FALSE,B24=FALSE),"Onbekend","") | D24: NKS24M5 | E24: Yente Verbeek | F24: Yente | G24: 38012 | H24: V | I24: yenteverbeek@gmail.com | J24: af te melden | K24: 210 | L24: Veld - Week, Zaal - Week | M24: Korfbal - Korfbal - Week | N24: 40422
A25: =_xlfn.IFNA(VLOOKUP(D25,Spelerslijst!A:B,1,FALSE),FALSE) -> FALSE | B25: =_xlfn.IFNA(VLOOKUP(D25,Spelerslijst!K:L,1,FALSE),FALSE) -> NFZ85W0 | C25: =IF(AND(A25=FALSE,B25=FALSE),"Onbekend","") | D25: NFZ85W0 | E25: Peter Batenburg | F25: Peter | G25: 30083 | H25: M | I25: peterbatenburg@gmail.com | J25: definitief | K25: 203 + 900 | M25: Donateur - donateur - Week, Midweek - Midweek - Week | N25: 34604
A26: =_xlfn.IFNA(VLOOKUP(D26,Spelerslijst!A:B,1,FALSE),FALSE) -> NKQ14R3 | B26: =_xlfn.IFNA(VLOOKUP(D26,Spelerslijst!K:L,1,FALSE),FALSE) -> FALSE | C26: =IF(AND(A26=FALSE,B26=FALSE),"Onbekend","") | D26: NKQ14R3 | E26: Nadia de Wit | F26: Nadia | G26: 37104 | H26: V | I26: nadiadew@kpnmail.nl | J26: definitief | K26: 204 | L26: Veld - Week, Zaal - Week | M26: Student - Student - Week | N26: 40210
A27: =_xlfn.IFNA(VLOOKUP(D27,Spelerslijst!A:B,1,FALSE),FALSE) -> NKQ13Q3 | B27: =_xlfn.IFNA(VLOOKUP(D27,Spelerslijst!K:L,1,FALSE),FALSE) -> FALSE | C27: =IF(AND(A27=FALSE,B27=FALSE),"Onbekend","") | D27: NKQ13Q3 | E27: Syrah de Wit | F27: Syrah | G27: 37104 | H27: V | I27: syrahdew@kpnmail.nl | J27: definitief | K27: 204 | L27: Veld - Week, Zaal - Week | M27: Student - Student - Week | N27: 40222
A28: =_xlfn.IFNA(VLOOKUP(D28,Spelerslijst!A:B,1,FALSE),FALSE) -> FALSE | B28: =_xlfn.IFNA(VLOOKUP(D28,Spelerslijst!K:L,1,FALSE),FALSE) -> NFW26G8 | C28: =IF(AND(A28=FALSE,B28=FALSE),"Onbekend","") | D28: NFW26G8 | E28: Arjan Noels | F28: Arjan | G28: 29523 | H28: M | I28: arjan.noels@upcmail.nl | J28: definitief | K28: 200 | L28: Veld - Week, Zaal - Week | M28: Korfbal - Korfbal - Week | N28: 32051
A29: =_xlfn.IFNA(VLOOKUP(D29,Spelerslijst!A:B,1,FALSE),FALSE) -> FALSE | B29: =_xlfn.IFNA(VLOOKUP(D29,Spelerslijst!K:L,1,FALSE),FALSE) -> NMQ91B6 | C29: =IF(AND(A29=FALSE,B29=FALSE),"Onbekend","") | D29: NMQ91B6 | E29: Siem van den Broek | F29: Siem | G29: 43436 | H29: M | I29: shirleyvdberg@hotmail.com | J29: af te melden | K29: 240 | M29: Korfbal - Korfbal - Week | N29: 44706
A30: =_xlfn.IFNA(VLOOKUP(D30,Spelerslijst!A:B,1,FALSE),FALSE) -> NKL60P7 | B30: =_xlfn.IFNA(VLOOKUP(D30,Spelerslijst!K:L,1,FALSE),FALSE) -> FALSE | C30: =IF(AND(A30=FALSE,B30=FALSE),"Onbekend","") | D30: NKL60P7 | E30: Kim de Reus | F30: Kim | G30: 38159 | H30: V | I30: cvadr@telfort.nl | J30: definitief | K30: 210 | L30: Veld - Week, Zaal - Week | M30: Korfbal - Korfbal - Week | N30: 39934
A31: =_xlfn.IFNA(VLOOKUP(D31,Spelerslijst!A:B,1,FALSE),FALSE) -> NLR34F7 | B31: =_xlfn.IFNA(VLOOKUP(D31,Spelerslijst!K:L,1,FALSE),FALSE) -> FALSE | C31: =IF(AND(A31=FALSE,B31=FALSE),"Onbekend","") | D31: NLR34F7 | E31: Floortje Jongkind | F31: Floortje | G31: 40243 | H31: V | I31: annemiekjongkind@hotmail.com | J31: definitief | K31: 220 | L31: Veld - Week, Zaal - Week | M31: Korfbal - Korfbal - Week | N31: 42339
A32: =_xlfn.IFNA(VLOOKUP(D32,Spelerslijst!A:B,1,FALSE),FALSE) -> NMN06Y4 | B32: =_xlfn.IFNA(VLOOKUP(D32,Spelerslijst!K:L,1,FALSE),FALSE) -> FALSE | C32: =IF(AND(A32=FALSE,B32=FALSE),"Onbekend","") | D32: NMN06Y4 | E32: Pippa Jongkind | F32: Pippa | G32: 40796 | H32: V | I32: annemiekjongkind@hotmail.com | J32: definitief | K32: 230 | L32: Veld - Week, Zaal - Week | M32: Korfbal - Korfbal - Week | N32: 44376
A33: =_xlfn.IFNA(VLOOKUP(D33,Spelerslijst!A:B,1,FALSE),FALSE) -> FALSE | B33: =_xlfn.IFNA(VLOOKUP(D33,Spelerslijst!K:L,1,FALSE),FALSE) -> NMN65C7 | C33: =IF(AND(A33=FALSE,B33=FALSE),"Onbekend","") | D33: NMN65C7 | E33: Sepp Jongkind | F33: Sepp | G33: 41760 | H33: M | I33: annemiekjongkind@hotmail.com | J33: definitief | K33: 230 | L33: Veld - Week, Zaal - Week | M33: Korfbal - Korfbal - Week | N33: 44445
A34: =_xlfn.IFNA(VLOOKUP(D34,Spelerslijst!A:B,1,FALSE),FALSE) -> FALSE | B34: =_xlfn.IFNA(VLOOKUP(D34,Spelerslijst!K:L,1,FALSE),FALSE) -> NMN66T9 | C34: =IF(AND(A34=FALSE,B34=FALSE),"Onbekend","") | D34: NMN66T9 | E34: Joep Jongkind | F34: Joep | G34: 41760 | H34: M | I34: annemiekjongkind@hotmail.com | J34: definitief | K34: 230 | L34: Veld - Week, Zaal - Week | M34: Korfbal - Korfbal - Week | N34: 44445
A35: =_xlfn.IFNA(VLOOKUP(D35,Spelerslijst!A:B,1,FALSE),FALSE) -> FALSE | B35: =_xlfn.IFNA(VLOOKUP(D35,Spelerslijst!K:L,1,FALSE),FALSE) -> NMN65L0 | C35: =IF(AND(A35=FALSE,B35=FALSE),"Onbekend","") | D35: NMN65L0 | E35: Lucas van de Rest | F35: Lucas | G35: 41662 | H35: M | I35: gvanderest@hotmail.com | J35: definitief | K35: 230 | L35: Veld - Week, Zaal - Week | M35: Korfbal - Korfbal - Week | N35: 44445
A36: =_xlfn.IFNA(VLOOKUP(D36,Spelerslijst!A:B,1,FALSE),FALSE) -> FALSE | B36: =_xlfn.IFNA(VLOOKUP(D36,Spelerslijst!K:L,1,FALSE),FALSE) -> NJF24X2 | C36: =IF(AND(A36=FALSE,B36=FALSE),"Onbekend","") | D36: NJF24X2 | E36: Robin van Kalkeren | F36: Robin | G36: 35246 | H36: M | I36: robinvankalkeren@hotmail.com | J36: definitief | K36: 200 | L36: Veld - Week, Zaal - Week | M36: Korfbal - Korfbal - Week | N36: 37650
A37: =_xlfn.IFNA(VLOOKUP(D37,Spelerslijst!A:B,1,FALSE),FALSE) -> NKJ95L7 | B37: =_xlfn.IFNA(VLOOKUP(D37,Spelerslijst!K:L,1,FALSE),FALSE) -> FALSE | C37: =IF(AND(A37=FALSE,B37=FALSE),"Onbekend","") | D37: NKJ95L7 | E37: Milou Oppe | F37: Milou | G37: 37307 | H37: V | I37: milou.oppe@gmail.com | J37: definitief | K37: 200 | L37: Veld - Week, Zaal - Week | M37: Korfbal - Korfbal - Week | N37: 39753
A38: =_xlfn.IFNA(VLOOKUP(D38,Spelerslijst!A:B,1,FALSE),FALSE) -> FALSE | B38: =_xlfn.IFNA(VLOOKUP(D38,Spelerslijst!K:L,1,FALSE),FALSE) -> NJC17J5 | C38: =IF(AND(A38=FALSE,B38=FALSE),"Onbekend","") | D38: NJC17J5 | E38: Lex van Gent | F38: Lex | G38: 34711 | H38: M | I38: lexvgent@gmail.com | J38: definitief | K38: 200 | L38: Veld - Week, Zaal - Week | M38: Korfbal - Korfbal - Week | N38: 37153
A39: =_xlfn.IFNA(VLOOKUP(D39,Spelerslijst!A:B,1,FALSE),FALSE) -> NJF17P0 | B39: =_xlfn.IFNA(VLOOKUP(D39,Spelerslijst!K:L,1,FALSE),FALSE) -> FALSE | C39: =IF(AND(A39=FALSE,B39=FALSE),"Onbekend","") | D39: NJF17P0 | E39: Robin Leijdsman | F39: Robin | G39: 35195 | H39: V | I39: robinleijdsman@gmail.com | J39: definitief | K39: 200 | L39: Veld - Week, Zaal - Week | M39: Korfbal - Korfbal - Week | N39: 37502
A40: =_xlfn.IFNA(VLOOKUP(D40,Spelerslijst!A:B,1,FALSE),FALSE) -> NLG57M4 | B40: =_xlfn.IFNA(VLOOKUP(D40,Spelerslijst!K:L,1,FALSE),FALSE) -> FALSE | C40: =IF(AND(A40=FALSE,B40=FALSE),"Onbekend","") | D40: NLG57M4 | E40: Senne ten Hoeve | F40: Senne | G40: 39006 | H40: V | I40: fam.tenhoeve4@kpnmail.nl | J40: af te melden | K40: 210 | L40: Veld - Week, Zaal - Week | M40: Korfbal - Korfbal - Week | N40: 41518
A41: =_xlfn.IFNA(VLOOKUP(D41,Spelerslijst!A:B,1,FALSE),FALSE) -> NLP78D3 | B41: =_xlfn.IFNA(VLOOKUP(D41,Spelerslijst!K:L,1,FALSE),FALSE) -> FALSE | C41: =IF(AND(A41=FALSE,B41=FALSE),"Onbekend","") | D41: NLP78D3 | E41: Benthe van der Linden | F41: Benthe | G41: 39629 | H41: V | I41: benthevanderlinden2008@gmail.com | J41: definitief | K41: 220 | L41: Veld - Week, Zaal - Week | M41: Korfbal - Korfbal - Week | N41: 42248
... A56: =_xlfn.IFNA(VLOOKUP(D56,Spelerslijst!A:B,1,FALSE),FALSE) -> NMJ53F3 | B56: =_xlfn.IFNA(VLOOKUP(D56,Spelerslijst!K:L,1,FALSE),FALSE) -> FALSE | C56: =IF(AND(A56=FALSE,B56=FALSE),"Onbekend","") | D56: NMJ53F3 | E56: Eva van Rooij | F56: Eva | G56: 41167 | H56: V | I56: jamila1982@hotmail.com | J56: definitief | K56: 230 | L56: Veld - Week, Zaal - Week | M56: Korfbal - Korfbal - Week | N56: 43890
A57: =_xlfn.IFNA(VLOOKUP(D57,Spelerslijst!A:B,1,FALSE),FALSE) -> FALSE | B57: =_xlfn.IFNA(VLOOKUP(D57,Spelerslijst!K:L,1,FALSE),FALSE) -> NJH51W3 | C57: =IF(AND(A57=FALSE,B57=FALSE),"Onbekend","") | D57: NJH51W3 | E57: Peter Berendsen | F57: Peter | G57: 35488 | H57: M | I57: peter.hj@kpnmail.nl | J57: definitief | K57: 202 | M57: Algemeen reserve - Algemeen reserve - Week | N57: 38200
A58: =_xlfn.IFNA(VLOOKUP(D58,Spelerslijst!A:B,1,FALSE),FALSE) -> FALSE | B58: =_xlfn.IFNA(VLOOKUP(D58,Spelerslijst!K:L,1,FALSE),FALSE) -> NMV01T2 | C58: =IF(AND(A58=FALSE,B58=FALSE),"Onbekend","") | D58: NMV01T2 | E58: Rens Boekee | F58: Rens | G58: 42156 | H58: M | I58: de_jong_annemarie@hotmail.com | J58: definitief | K58: 230 | L58: Veld - Week, Zaal - Week | M58: Korfbal - Korfbal - Week | N58: 45008
A59: =_xlfn.IFNA(VLOOKUP(D59,Spelerslijst!A:B,1,FALSE),FALSE) -> FALSE | B59: =_xlfn.IFNA(VLOOKUP(D59,Spelerslijst!K:L,1,FALSE),FALSE) -> NMC41W4 | C59: =IF(AND(A59=FALSE,B59=FALSE),"Onbekend","") | D59: NMC41W4 | E59: Joep van Ameijden | F59: Joep | G59: 40929 | H59: M | I59: sjoerdvanameijden@gmail.com | J59: definitief | K59: 230 | L59: Veld - Week, Zaal - Week | M59: Korfbal - Korfbal - Week | N59: 43345
A60: =_xlfn.IFNA(VLOOKUP(D60,Spelerslijst!A:B,1,FALSE),FALSE) -> FALSE | B60: =_xlfn.IFNA(VLOOKUP(D60,Spelerslijst!K:L,1,FALSE),FALSE) -> NMK59H6 | C60: =IF(AND(A60=FALSE,B60=FALSE),"Onbekend","") | D60: NMK59H6 | E60: Morris van Ameijden | F60: Morris | G60: 41780 | H60: M | I60: sjoerdvanameijden@gmail.com | J60: definitief | K60: 230 | L60: Veld - Week, Zaal - Week | M60: Korfbal - Korfbal - Week | N60: 44075
A61: =_xlfn.IFNA(VLOOKUP(D61,Spelerslijst!A:B,1,FALSE),FALSE) -> FALSE | B61: =_xlfn.IFNA(VLOOKUP(D61,Spelerslijst!K:L,1,FALSE),FALSE) -> NJZ00W3 | C61: =IF(AND(A61=FALSE,B61=FALSE),"Onbekend","") | D61: NJZ00W3 | E61: Tim van Gent | F61: Tim | G61: 36567 | H61: M | I61: timmie_078@hotmail.com | J61: definitief | K61: 200 | L61: Veld - Week, Zaal - Week | M61: Korfbal - Korfbal - Week | N61: 39142
A62: =_xlfn.IFNA(VLOOKUP(D62,Spelerslijst!A:B,1,FALSE),FALSE) -> NKY17P6 | B62: =_xlfn.IFNA(VLOOKUP(D62,Spelerslijst!K:L,1,FALSE),FALSE) -> FALSE | C62: =IF(AND(A62=FALSE,B62=FALSE),"Onbekend","") | D62: NKY17P6 | E62: Roos Groeneweg | F62: Roos | G62: 38432 | H62: V | I62: roosgroeneweg@gmail.com | J62: definitief | K62: 210 | L62: Veld - Week, Zaal - Week | M62: Korfbal - Korfbal - Week | N62: 40817
A63: =_xlfn.IFNA(VLOOKUP(D63,Spelerslijst!A:B,1,FALSE),FALSE) -> NKR20L5 | B63: =_xlfn.IFNA(VLOOKUP(D63,Spelerslijst!K:L,1,FALSE),FALSE) -> FALSE | C63: =IF(AND(A63=FALSE,B63=FALSE),"Onbekend","") | D63: NKR20L5 | E63: Djuna Seevinck | F63: Djuna | G63: 37246 | H63: V | I63: djunaseevinck@gmail.com | J63: definitief | K63: 200 | L63: Veld - Week, Zaal - Week | M63: Korfbal - Korfbal - Week | N63: 40422
A64: =_xlfn.IFNA(VLOOKUP(D64,Spelerslijst!A:B,1,FALSE),FALSE) -> FALSE | B64: =_xlfn.IFNA(VLOOKUP(D64,Spelerslijst!K:L,1,FALSE),FALSE) -> NKR20M2 | C64: =IF(AND(A64=FALSE,B64=FALSE),"Onbekend","") | D64: NKR20M2 | E64: Tim Seevinck | F64: Tim | G64: 37932 | H64: M | I64: bseevinck@globaloffshore.nl | J64: definitief | K64: 200 | L64: Veld - Week, Zaal - Week | M64: Korfbal - Korfbal - Week | N64: 40422
A65: =_xlfn.IFNA(VLOOKUP(D65,Spelerslijst!A:B,1,FALSE),FALSE) -> FALSE | B65: =_xlfn.IFNA(VLOOKUP(D65,Spelerslijst!K:L,1,FALSE),FALSE) -> NKX66V9 | C65: =IF(AND(A65=FALSE,B65=FALSE),"Onbekend","") | D65: NKX66V9 | E65: Bert Seevinck | F65: Bert | G65: 22358 | H65: M | I65: voorzitter@ckvoranjewit.nl | J65: definitief | K65: 202 | L65: Veld - Week, Zaal - Week | M65: Algemeen reserve - Algemeen reserve - Week | N65: 40787
A66: =_xlfn.IFNA(VLOOKUP(D66,Spelerslijst!A:B,1,FALSE),FALSE) -> NMN14R4 | B66: =_xlfn.IFNA(VLOOKUP(D66,Spelerslijst!K:L,1,FALSE),FALSE) -> FALSE | C66: =IF(AND(A66=FALSE,B66=FALSE),"Onbekend","") | D66: NMN14R4 | E66: Esther Oosse | F66: Esther | G66: 41323 | H66: V | I66: clarina@oosse.nl | J66: definitief | K66: 230 | L66: Veld - Week, Zaal - Week | M66: Korfbal - Korfbal - Week | N66: 44381
A67: =_xlfn.IFNA(VLOOKUP(D67,Spelerslijst!A:B,1,FALSE),FALSE) -> FALSE | B67: =_xlfn.IFNA(VLOOKUP(D67,Spelerslijst!K:L,1,FALSE),FALSE) -> NLG57P5 | C67: =IF(AND(A67=FALSE,B67=FALSE),"Onbekend","") | D67: NLG57P5 | E67: Tijn BÃ¤cker | F67: Tijn | G67: 39239 | H67: M | I67: stertijn@gmail.com | J67: definitief | K67: 220 | L67: Veld - Week, Zaal - Week | M67: Korfbal - Korfbal - Week | N67: 41518
A68: =_xlfn.IFNA(VLOOKUP(D68,Spelerslijst!A:B,1,FALSE),FALSE) -> NLT96R9 | B68: =_xlfn.IFNA(VLOOKUP(D68,Spelerslijst!K:L,1,FALSE),FALSE) -> FALSE | C68: =IF(AND(A68=FALSE,B68=FALSE),"Onbekend","") | D68: NLT96R9 | E68: Doeska Voorbij | F68: Doeska | G68: 39751 | H68: V | I68: doeskavoorbij@gmail.com | J68: definitief | K68: 220 | L68: Veld - Week, Zaal - Week | M68: Korfbal - Korfbal - Week | N68: 42641
A69: =_xlfn.IFNA(VLOOKUP(D69,Spelerslijst!A:B,1,FALSE),FALSE) -> FALSE | B69: =_xlfn.IFNA(VLOOKUP(D69,Spelerslijst!K:L,1,FALSE),FALSE) -> NKT73W8 | C69: =IF(AND(A69=FALSE,B69=FALSE),"Onbekend","") | D69: NKT73W8 | E69: Quinten van Driel | F69: Quinten | G69: 36666 | H69: M | I69: quintdriel@msn.com | J69: definitief | K69: 200 | L69: Veld - Week, Zaal - Week | M69: Korfbal - Korfbal - Week | N69: 40483
... A77: =_xlfn.IFNA(VLOOKUP(D77,Spelerslijst!A:B,1,FALSE),FALSE) -> NMQ57X8 | B77: =_xlfn.IFNA(VLOOKUP(D77,Spelerslijst!K:L,1,FALSE),FALSE) -> FALSE | C77: =IF(AND(A77=FALSE,B77=FALSE),"Onbekend","") | D77: NMQ57X8 | E77: Sanne van Driel | F77: Sanne | G77: 40700 | H77: V | I77: vandriel.rutger@gmail.com | J77: definitief | K77: 230 | L77: Veld - Week, Zaal - Week | M77: Korfbal - Korfbal - Week | N77: 44656
A78: =_xlfn.IFNA(VLOOKUP(D78,Spelerslijst!A:B,1,FALSE),FALSE) -> FALSE | B78: =_xlfn.IFNA(VLOOKUP(D78,Spelerslijst!K:L,1,FALSE),FALSE) -> NMQ45V3 | C78: =IF(AND(A78=FALSE,B78=FALSE),"Onbekend","") | D78: NMQ45V3 | E78: Ralf Dijkstra | F78: Ralf | G78: 41722 | H78: M | I78: issa-mp@live.nl | J78: definitief | K78: 230 | M78: Korfbal - Korfbal - Week | N78: 45170
A79: =_xlfn.IFNA(VLOOKUP(D79,Spelerslijst!A:B,1,FALSE),FALSE) -> NMN07F4 | B79: =_xlfn.IFNA(VLOOKUP(D79,Spelerslijst!K:L,1,FALSE),FALSE) -> FALSE | C79: =IF(AND(A79=FALSE,B79=FALSE),"Onbekend","") | D79: NMN07F4 | E79: Manon Barbaroux | F79: Manon | G79: 40637 | H79: V | I79: jamasan1975@gmail.com | J79: definitief | K79: 230 | L79: Veld - Week, Zaal - Week | M79: Korfbal - Korfbal - Week | N79: 44376
A80: =_xlfn.IFNA(VLOOKUP(D80,Spelerslijst!A:B,1,FALSE),FALSE) -> NMK01M2 | B80: =_xlfn.IFNA(VLOOKUP(D80,Spelerslijst!K:L,1,FALSE),FALSE) -> FALSE | C80: =IF(AND(A80=FALSE,B80=FALSE),"Onbekend","") | D80: NMK01M2 | E80: Jenna Ehmila | F80: Jenna | G80: 41108 | H80: V | I80: fleurbusch@hotmail.nl | J80: definitief | K80: 230 | L80: Veld - Week, Zaal - Week | M80: Korfbal - Korfbal - Week | N80: 44013
A81: =_xlfn.IFNA(VLOOKUP(D81,Spelerslijst!A:B,1,FALSE),FALSE) -> FALSE | B81: =_xlfn.IFNA(VLOOKUP(D81,Spelerslijst!K:L,1,FALSE),FALSE) -> NMV76G1 | C81: =IF(AND(A81=FALSE,B81=FALSE),"Onbekend","") | D81: NMV76G1 | E81: Art Malschaert | F81: Art | G81: 42955 | H81: M | I81: kimfreriksen@gmail.com | J81: definitief | K81: 230 | L81: Veld - Week, Zaal - Week | M81: Korfbal - Korfbal - Week | N81: 45089
A82: =_xlfn.IFNA(VLOOKUP(D82,Spelerslijst!A:B,1,FALSE),FALSE) -> FALSE | B82: =_xlfn.IFNA(VLOOKUP(D82,Spelerslijst!K:L,1,FALSE),FALSE) -> NKD19Y4 | C82: =IF(AND(A82=FALSE,B82=FALSE),"Onbekend","") | D82: NKD19Y4 | E82: Bart Driesprong | F82: Bart | G82: 36077 | H82: M | I82: bart3sprong@gmail.com | J82: definitief | K82: 200 | L82: Veld - Week, Zaal - Week | M82: Korfbal - Korfbal - Week | N82: 39390
A83: =_xlfn.IFNA(VLOOKUP(D83,Spelerslijst!A:B,1,FALSE),FALSE) -> FALSE | B83: =_xlfn.IFNA(VLOOKUP(D83,Spelerslijst!K:L,1,FALSE),FALSE) -> NJZ26Z2 | C83: =IF(AND(A83=FALSE,B83=FALSE),"Onbekend","") | D83: NJZ26Z2 | E83: ChÃ© Kooper | F83: ChÃ© | G83: 37566 | H83: M | I83: cwkooper@gmail.com | J83: definitief | K83: 200 | L83: Veld - Week, Zaal - Week | M83: Korfbal - Korfbal - Week | N83: 44627
A84: =_xlfn.IFNA(VLOOKUP(D84,Spelerslijst!A:B,1,FALSE),FALSE) -> NLS08G2 | B84: =_xlfn.IFNA(VLOOKUP(D84,Spelerslijst!K:L,1,FALSE),FALSE) -> FALSE | C84: =IF(AND(A84=FALSE,B84=FALSE),"Onbekend","") | D84: NLS08G2 | E84: Sanne Dubbeld | F84: Sanne | G84: 37295 | H84: V | I84: sannedubbeld@hotmail.com | J84: definitief | K84: 200 | L84: Veld - Week, Zaal - Week | M84: Korfbal - Korfbal - Week | N84: 42430
A85: =_xlfn.IFNA(VLOOKUP(D85,Spelerslijst!A:B,1,FALSE),FALSE) -> NLF29C4 | B85: =_xlfn.IFNA(VLOOKUP(D85,Spelerslijst!K:L,1,FALSE),FALSE) -> FALSE | C85: =IF(AND(A85=FALSE,B85=FALSE),"Onbekend","") | D85: NLF29C4 | E85: Jennifer Herremans | F85: Jennifer | G85: 37807 | H85: V | I85: danoontje132305@hotmail.com | J85: definitief | K85: 200 | L85: Veld - Week, Zaal - Week | M85: Korfbal - Korfbal - Week | N85: 44100
A86: =_xlfn.IFNA(VLOOKUP(D86,Spelerslijst!A:B,1,FALSE),FALSE) -> NJQ72J4 | B86: =_xlfn.IFNA(VLOOKUP(D86,Spelerslijst!K:L,1,FALSE),FALSE) -> FALSE | C86: =IF(AND(A86=FALSE,B86=FALSE),"Onbekend","") | D86: NJQ72J4 | E86: Simone van Zwoll | F86: Simone | G86: 34635 | H86: V | I86: simone_94@hotmail.com | J86: definitief | K86: 202 | L86: Veld - Week, Zaal - Week | M86: Algemeen reserve - Algemeen reserve - Week | N86: 38625
A87: =_xlfn.IFNA(VLOOKUP(D87,Spelerslijst!A:B,1,FALSE),FALSE) -> NJK27R4 | B87: =_xlfn.IFNA(VLOOKUP(D87,Spelerslijst!K:L,1,FALSE),FALSE) -> FALSE | C87: =IF(AND(A87=FALSE,B87=FALSE),"Onbekend","") | D87: NJK27R4 | E87: Sanne van Andel | F87: Sanne | G87: 33211 | H87: V | I87: sanne.vanandel@hotmail.com | J87: definitief | K87: 203 | L87: Veld - Week, Zaal - Week | M87: Midweek - Midweek - Week | N87: 36054
A88: =_xlfn.IFNA(VLOOKUP(D88,Spelerslijst!A:B,1,FALSE),FALSE) -> NKK27G4 | B88: =_xlfn.IFNA(VLOOKUP(D88,Spelerslijst!K:L,1,FALSE),FALSE) -> FALSE | C88: =IF(AND(A88=FALSE,B88=FALSE),"Onbekend","") | D88: NKK27G4 | E88: Marlies Valk | F88: Marlies | G88: 37702 | H88: V | I88: liesjevalk2003@gmail.com | J88: definitief | K88: 200 | L88: Veld - Week, Zaal - Week | M88: Korfbal - Korfbal - Week | N88: 39783
A89: =_xlfn.IFNA(VLOOKUP(D89,Spelerslijst!A:B,1,FALSE),FALSE) -> FALSE | B89: =_xlfn.IFNA(VLOOKUP(D89,Spelerslijst!K:L,1,FALSE),FALSE) -> NLG57L7 | C89: =IF(AND(A89=FALSE,B89=FALSE),"Onbekend","") | D89: NLG57L7 | E89: Jarno Valk | F89: Jarno | G89: 39367 | H89: M | I89: jarnovalk2007@gmail.com | J89: definitief | K89: 220 | L89: Veld - Week, Zaal - Week | M89: Korfbal - Korfbal - Week | N89: 41518
A90: =_xlfn.IFNA(VLOOKUP(D90,Spelerslijst!A:B,1,FALSE),FALSE) -> NJC46R3 | B90: =_xlfn.IFNA(VLOOKUP(D90,Spelerslijst!K:L,1,FALSE),FALSE) -> FALSE | C90: =IF(AND(A90=FALSE,B90=FALSE),"Onbekend","") | D90: NJC46R3 | E90: Esther Wibbens | F90: Esther | G90: 33690 | H90: V | I90: essie-wib@hotmail.com | J90: definitief | K90: 200 | L90: Veld - Week, Zaal - Week | M90: Korfbal - Korfbal - Week | N90: 36448
... A117: =_xlfn.IFNA(VLOOKUP(D117,Spelerslijst!A:B,1,FALSE),FALSE) -> NFX24T4 | B117: =_xlfn.IFNA(VLOOKUP(D117,Spelerslijst!K:L,1,FALSE),FALSE) -> FALSE | C117: =IF(AND(A117=FALSE,B117=FALSE),"Onbekend","") | D117: NFX24T4 | E117: Tamara van Opstal-Haksteen | F117: Tamara | G117: 32197 | H117: V | I117: tammiegirl1988@msn.com | J117: definitief | K117: 203 | L117: Veld - Week, Zaal - Week | M117: Midweek - Midweek - Week | N117: 40269
A118: =_xlfn.IFNA(VLOOKUP(D118,Spelerslijst!A:B,1,FALSE),FALSE) -> NMQ42K7 | B118: =_xlfn.IFNA(VLOOKUP(D118,Spelerslijst!K:L,1,FALSE),FALSE) -> FALSE | C118: =IF(AND(A118=FALSE,B118=FALSE),"Onbekend","") | D118: NMQ42K7 | E118: Sanna de Lange | F118: Sanna | G118: 43006 | H118: V | I118: eelco.delange@gmail.com | J118: definitief | K118: 240 | M118: Korfbal - Korfbal - Week | N118: 44637
A119: =_xlfn.IFNA(VLOOKUP(D119,Spelerslijst!A:B,1,FALSE),FALSE) -> NLS45N2 | B119: =_xlfn.IFNA(VLOOKUP(D119,Spelerslijst!K:L,1,FALSE),FALSE) -> FALSE | C119: =IF(AND(A119=FALSE,B119=FALSE),"Onbekend","") | D119: NLS45N2 | E119: Sophie Kilsdonk | F119: Sophie | G119: 39538 | H119: V | I119: kilsies08@gmail.com | J119: definitief | K119: 220 | L119: Veld - Week, Zaal - Week | M119: Korfbal - Korfbal - Week | N119: 42614
A120: =_xlfn.IFNA(VLOOKUP(D120,Spelerslijst!A:B,1,FALSE),FALSE) -> NKK27B9 | B120: =_xlfn.IFNA(VLOOKUP(D120,Spelerslijst!K:L,1,FALSE),FALSE) -> FALSE | C120: =IF(AND(A120=FALSE,B120=FALSE),"Onbekend","") | D120: NKK27B9 | E120: LoÃ¯s Fernhout | F120: LoÃ¯s | G120: 37684 | H120: V | I120: loisfernhout@icloud.com | J120: definitief | K120: 200 | L120: Veld - Week, Zaal - Week | M120: Korfbal - Korfbal - Week | N120: 39783
A121: =_xlfn.IFNA(VLOOKUP(D121,Spelerslijst!A:B,1,FALSE),FALSE) -> NMB60Y4 | B121: =_xlfn.IFNA(VLOOKUP(D121,Spelerslijst!K:L,1,FALSE),FALSE) -> FALSE | C121: =IF(AND(A121=FALSE,B121=FALSE),"Onbekend","") | D121: NMB60Y4 | E121: Demi Lindhout | F121: Demi | G121: 40189 | H121: V | I121: saskia.gerde@gmail.com | J121: definitief | K121: 220 | L121: Veld - Week, Zaal - Week | M121: Korfbal - Korfbal - Week | N121: 43258
A122: =_xlfn.IFNA(VLOOKUP(D122,Spelerslijst!A:B,1,FALSE),FALSE) -> FALSE | B122: =_xlfn.IFNA(VLOOKUP(D122,Spelerslijst!K:L,1,FALSE),FALSE) -> NLX04H2 | C122: =IF(AND(A122=FALSE,B122=FALSE),"Onbekend","") | D122: NLX04H2 | E122: Joaz Post | F122: Joaz | G122: 40309 | H122: M | I122: postpollema@gmail.com | J122: definitief | K122: 220 | L122: Veld - Week, Zaal - Week | M122: Korfbal - Korfbal - Week | N122: 42884
A123: =_xlfn.IFNA(VLOOKUP(D123,Spelerslijst!A:B,1,FALSE),FALSE) -> NLS54M7 | B123: =_xlfn.IFNA(VLOOKUP(D123,Spelerslijst!K:L,1,FALSE),FALSE) -> FALSE | C123: =IF(AND(A123=FALSE,B123=FALSE),"Onbekend","") | D123: NLS54M7 | E123: Nikki Baas | F123: Nikki | G123: 40498 | H123: V | I123: babaas2@gmail.com | J123: definitief | K123: 220 | L123: Veld - Week, Zaal - Week | M123: Korfbal - Korfbal - Week | N123: 42613
A124: =_xlfn.IFNA(VLOOKUP(D124,Spelerslijst!A:B,1,FALSE),FALSE) -> NKG59H8 | B124: =_xlfn.IFNA(VLOOKUP(D124,Spelerslijst!K:L,1,FALSE),FALSE) -> FALSE | C124: =IF(AND(A124=FALSE,B124=FALSE),"Onbekend","") | D124: NKG59H8 | E124: Kim Dommisse | F124: Kim | G124: 36993 | H124: V | I124: kimdommisse12@gmail.com | J124: definitief | K124: 200 | L124: Veld - Week, Zaal - Week | M124: Korfbal - Korfbal - Week | N124: 39624
A125: =_xlfn.IFNA(VLOOKUP(D125,Spelerslijst!A:B,1,FALSE),FALSE) -> FALSE | B125: =_xlfn.IFNA(VLOOKUP(D125,Spelerslijst!K:L,1,FALSE),FALSE) -> NLS85H0 | C125: =IF(AND(A125=FALSE,B125=FALSE),"Onbekend","") | D125: NLS85H0 | E125: Onno den Dekker | F125: Onno | G125: 39623 | H125: M | I125: jhdendekker@hetnet.nl | J125: definitief | K125: 220 | L125: Veld - Week, Zaal - Week | M125: Korfbal - Korfbal - Week | N125: 42536
A126: =_xlfn.IFNA(VLOOKUP(D126,Spelerslijst!A:B,1,FALSE),FALSE) -> FALSE | B126: =_xlfn.IFNA(VLOOKUP(D126,Spelerslijst!K:L,1,FALSE),FALSE) -> NMC61P5 | C126: =IF(AND(A126=FALSE,B126=FALSE),"Onbekend","") | D126: NMC61P5 | E126: Tiemen den Dekker | F126: Tiemen | G126: 40626 | H126: M | I126: jhdendekker@hetnet.nl | J126: definitief | K126: 230 | L126: Veld - Week, Zaal - Week | M126: Korfbal - Korfbal - Week | N126: 43352
A127: =_xlfn.IFNA(VLOOKUP(D127,Spelerslijst!A:B,1,FALSE),FALSE) -> FALSE | B127: =_xlfn.IFNA(VLOOKUP(D127,Spelerslijst!K:L,1,FALSE),FALSE) -> NMN09P0 | C127: =IF(AND(A127=FALSE,B127=FALSE),"Onbekend","") | D127: NMN09P0 | E127: Jorn den Dekker | F127: Jorn | G127: 41867 | H127: M | I127: jhdendekker@hetnet.nl | J127: definitief | K127: 230 | L127: Veld - Week, Zaal - Week | M127: Korfbal - Korfbal - Week | N127: 44377
A128: =_xlfn.IFNA(VLOOKUP(D128,Spelerslijst!A:B,1,FALSE),FALSE) -> FALSE | B128: =_xlfn.IFNA(VLOOKUP(D128,Spelerslijst!K:L,1,FALSE),FALSE) -> NMK07M0 | C128: =IF(AND(A128=FALSE,B128=FALSE),"Onbekend","") | D128: NMK07M0 | E128: Tobias Hoedelmans | F128: Tobias | G128: 41737 | H128: M | I128: ivandernoll@gmail.com | J128: definitief | K128: 230 | L128: Veld - Week, Zaal - Week | M128: Korfbal - Korfbal - Week | N128: 44075
A129: =_xlfn.IFNA(VLOOKUP(D129,Spelerslijst!A:B,1,FALSE),FALSE) -> NJH13R4 | B129: =_xlfn.IFNA(VLOOKUP(D129,Spelerslijst!K:L,1,FALSE),FALSE) -> FALSE | C129: =IF(AND(A129=FALSE,B129=FALSE),"Onbekend","") | D129: NJH13R4 | E129: Jany Lacroes | F129: Jany | G129: 36013 | H129: V | I129: marry-jane@live.nl | J129: definitief | K129: 200 | L129: Veld - Week, Zaal - Week | M129: Korfbal - Korfbal - Week | N129: 40764
A130: =_xlfn.IFNA(VLOOKUP(D130,Spelerslijst!A:B,1,FALSE),FALSE) -> FALSE | B130: =_xlfn.IFNA(VLOOKUP(D130,Spelerslijst!K:L,1,FALSE),FALSE) -> NFW13Y0 | C130: =IF(AND(A130=FALSE,B130=FALSE),"Onbekend","") | D130: NFW13Y0 | E130: Marco van Kalkeren | F130: Marco | G130: 25227 | H130: M | I130: mvankalkeren@kpnmail.nl | J130: definitief | K130: 203 | L130: Veld - Week, Zaal - Week | M130: Midweek - Midweek - Week | N130: 28642
... A141: =_xlfn.IFNA(VLOOKUP(D141,Spelerslijst!A:B,1,FALSE),FALSE) -> NMM21T3 | B141: =_xlfn.IFNA(VLOOKUP(D141,Spelerslijst!K:L,1,FALSE),FALSE) -> FALSE | C141: =IF(AND(A141=FALSE,B141=FALSE),"Onbekend","") | D141: NMM21T3 | E141: Lenthe van den Boogaart | F141: Lenthe | G141: 41557 | H141: V | I141: rubenvdboogaart85@gmail.com | J141: definitief | K141: 230 | L141: Veld - Week, Zaal - Week | M141: Korfbal - Korfbal - Week | N141: 44316
A142: =_xlfn.IFNA(VLOOKUP(D142,Spelerslijst!A:B,1,FALSE),FALSE) -> NMR70L4 | B142: =_xlfn.IFNA(VLOOKUP(D142,Spelerslijst!K:L,1,FALSE),FALSE) -> FALSE | C142: =IF(AND(A142=FALSE,B142=FALSE),"Onbekend","") | D142: NMR70L4 | E142: Diede van den Boogaart | F142: Diede | G142: 43409 | H142: V | I142: rubenvdboogaart85@gmail.com | J142: definitief | K142: 240 | M142: Korfbal - Korfbal - Week | N142: 44795
A143: =_xlfn.IFNA(VLOOKUP(D143,Spelerslijst!A:B,1,FALSE),FALSE) -> NMP10M9 | B143: =_xlfn.IFNA(VLOOKUP(D143,Spelerslijst!K:L,1,FALSE),FALSE) -> FALSE | C143: =IF(AND(A143=FALSE,B143=FALSE),"Onbekend","") | D143: NMP10M9 | E143: Marit van den Bergh | F143: Marit | G143: 40541 | H143: V | I143: lennyvandenbergh@yahoo.com | J143: definitief | K143: 220 | L143: Veld - Week, Zaal - Week | M143: Korfbal - Korfbal - Week | N143: 44469
A144: =_xlfn.IFNA(VLOOKUP(D144,Spelerslijst!A:B,1,FALSE),FALSE) -> NMR12K3 | B144: =_xlfn.IFNA(VLOOKUP(D144,Spelerslijst!K:L,1,FALSE),FALSE) -> FALSE | C144: =IF(AND(A144=FALSE,B144=FALSE),"Onbekend","") | D144: NMR12K3 | E144: Jolijn van den Bergh | F144: Jolijn | G144: 41569 | H144: V | I144: lennyvandenbergh@yahoo.com | J144: definitief | K144: 230 | L144: Veld - Week, Zaal - Week | M144: Korfbal - Korfbal - Week | N144: 44726
A145: =_xlfn.IFNA(VLOOKUP(D145,Spelerslijst!A:B,1,FALSE),FALSE) -> NMS40B0 | B145: =_xlfn.IFNA(VLOOKUP(D145,Spelerslijst!K:L,1,FALSE),FALSE) -> FALSE | C145: =IF(AND(A145=FALSE,B145=FALSE),"Onbekend","") | D145: NMS40B0 | E145: Aniek van den Bergh | F145: Aniek | G145: 42308 | H145: V | I145: lennyvandenbergh@yahoo.com | J145: definitief | K145: 230 | L145: Veld - Week, Zaal - Week | M145: Korfbal - Korfbal - Week | N145: 44838
A146: =_xlfn.IFNA(VLOOKUP(D146,Spelerslijst!A:B,1,FALSE),FALSE) -> NJF85B1 | B146: =_xlfn.IFNA(VLOOKUP(D146,Spelerslijst!K:L,1,FALSE),FALSE) -> FALSE | C146: =IF(AND(A146=FALSE,B146=FALSE),"Onbekend","") | D146: NJF85B1 | E146: Xanne Klink | F146: Xanne | G146: 34885 | H146: V | I146: x.klink@hotmail.com | J146: definitief | K146: 200 | L146: Veld - Week, Zaal - Week | M146: Korfbal - Korfbal - Week | N146: 37261
A147: =_xlfn.IFNA(VLOOKUP(D147,Spelerslijst!A:B,1,FALSE),FALSE) -> FALSE | B147: =_xlfn.IFNA(VLOOKUP(D147,Spelerslijst!K:L,1,FALSE),FALSE) -> NLJ47N9 | C147: =IF(AND(A147=FALSE,B147=FALSE),"Onbekend","") | D147: NLJ47N9 | E147: Chris IJben | F147: Chris | G147: 38519 | H147: M | I147: chrisijben@gmail.com | J147: af te melden | K147: 202 | L147: Veld - Week, Zaal - Week | M147: Algemeen reserve - Algemeen reserve - Week | N147: 41640
A148: =_xlfn.IFNA(VLOOKUP(D148,Spelerslijst!A:B,1,FALSE),FALSE) -> FALSE | B148: =_xlfn.IFNA(VLOOKUP(D148,Spelerslijst!K:L,1,FALSE),FALSE) -> NLY32T6 | C148: =IF(AND(A148=FALSE,B148=FALSE),"Onbekend","") | D148: NLY32T6 | E148: Jonas van de Ven | F148: Jonas | G148: 40413 | H148: M | I148: tomvandeven.mail@gmail.com | J148: definitief | K148: 220 | L148: Veld - Week, Zaal - Week | M148: Korfbal - Korfbal - Week | N148: 42991
A149: =_xlfn.IFNA(VLOOKUP(D149,Spelerslijst!A:B,1,FALSE),FALSE) -> FALSE | B149: =_xlfn.IFNA(VLOOKUP(D149,Spelerslijst!K:L,1,FALSE),FALSE) -> NLZ21F1 | C149: =IF(AND(A149=FALSE,B149=FALSE),"Onbekend","") | D149: NLZ21F1 | E149: Abel van de Ven | F149: Abel | G149: 41668 | H149: M | I149: tomvandeven.mail@gmail.com | J149: definitief | K149: 230 | L149: Veld - Week, Zaal - Week | M149: Korfbal - Korfbal - Week | N149: 43055
A150: =_xlfn.IFNA(VLOOKUP(D150,Spelerslijst!A:B,1,FALSE),FALSE) -> NLL19T4 | B150: =_xlfn.IFNA(VLOOKUP(D150,Spelerslijst!K:L,1,FALSE),FALSE) -> FALSE | C150: =IF(AND(A150=FALSE,B150=FALSE),"Onbekend","") | D150: NLL19T4 | E150: Mila de Wit | F150: Mila | G150: 39433 | H150: V | I150: bartdewit2506@gmail.com | J150: definitief | K150: 220 | L150: Veld - Week, Zaal - Week | M150: Korfbal - Korfbal - Week | N150: 41883
A151: =_xlfn.IFNA(VLOOKUP(D151,Spelerslijst!A:B,1,FALSE),FALSE) -> FALSE | B151: =_xlfn.IFNA(VLOOKUP(D151,Spelerslijst!K:L,1,FALSE),FALSE) -> NFS90V6 | C151: =IF(AND(A151=FALSE,B151=FALSE),"Onbekend","") | D151: NFS90V6 | E151: Bart de Wit | F151: Bart | G151: 29031 | H151: M | I151: bartdewit2506@gmail.com | J151: definitief | K151: 200 | L151: Veld - Week, Zaal - Week | M151: Korfbal - Korfbal - Week | N151: 43279
A152: =_xlfn.IFNA(VLOOKUP(D152,Spelerslijst!A:B,1,FALSE),FALSE) -> FALSE | B152: =_xlfn.IFNA(VLOOKUP(D152,Spelerslijst!K:L,1,FALSE),FALSE) -> NMJ57G2 | C152: =IF(AND(A152=FALSE,B152=FALSE),"Onbekend","") | D152: NMJ57G2 | E152: Merlijn Wit, de | F152: Merlijn | G152: 41801 | H152: M | I152: mirjam.dewit@live.nl | J152: definitief | K152: 230 | L152: Veld - Week, Zaal - Week | M152: Korfbal - Korfbal - Week | N152: 43896
A153: =_xlfn.IFNA(VLOOKUP(D153,Spelerslijst!A:B,1,FALSE),FALSE) -> NMT10Q1 | B153: =_xlfn.IFNA(VLOOKUP(D153,Spelerslijst!K:L,1,FALSE),FALSE) -> FALSE | C153: =IF(AND(A153=FALSE,B153=FALSE),"Onbekend","") | D153: NMT10Q1 | E153: Mirjam de Wit | F153: Mirjam | G153: 29257 | H153: V | I153: mirjam.dewit@live.nl | J153: definitief | K153: 203 | L153: Veld - Week, Zaal - Week | M153: Midweek - Midweek - Week | N153: 44894
A154: =_xlfn.IFNA(VLOOKUP(D154,Spelerslijst!A:B,1,FALSE),FALSE) -> FALSE | B154: =_xlfn.IFNA(VLOOKUP(D154,Spelerslijst!K:L,1,FALSE),FALSE) -> NKX66T5 | C154: =IF(AND(A154=FALSE,B154=FALSE),"Onbekend","") | D154: NKX66T5 | E154: JoÃ«l Wietses | F154: JoÃ«l | G154: 38502 | H154: M | I154: fennegien@wietses.nl | J154: definitief | K154: 210 | L154: Veld - Week, Zaal - Week | M154: Korfbal - Korfbal - Week | N154: 41883
... A266: =_xlfn.IFNA(VLOOKUP(D266,Spelerslijst!A:B,1,FALSE),FALSE) -> FALSE | B266: =_xlfn.IFNA(VLOOKUP(D266,Spelerslijst!K:L,1,FALSE),FALSE) -> NMF22Q8 | C266: =IF(AND(A266=FALSE,B266=FALSE),"Onbekend","") | D266: NMF22Q8 | E266: Xavi Jacobs | F266: Xavi | G266: 40750 | H266: M | I266: kimmy_ow@hotmail.com | J266: definitief | K266: 230 | L266: Veld - Week, Zaal - Week | M266: Korfbal - Korfbal - Week | N266: 43517
A267: =_xlfn.IFNA(VLOOKUP(D267,Spelerslijst!A:B,1,FALSE),FALSE) -> NMM42W7 | B267: =_xlfn.IFNA(VLOOKUP(D267,Spelerslijst!K:L,1,FALSE),FALSE) -> FALSE | C267: =IF(AND(A267=FALSE,B267=FALSE),"Onbekend","") | D267: NMM42W7 | E267: Vive Jacobs | F267: Vive | G267: 42788 | H267: V | I267: kimmy_ow@hotmail.com | J267: definitief | K267: 240 | M267: Korfbal - Korfbal - Week | N267: 44338
A268: =_xlfn.IFNA(VLOOKUP(D268,Spelerslijst!A:B,1,FALSE),FALSE) -> NMM99N0 | B268: =_xlfn.IFNA(VLOOKUP(D268,Spelerslijst!K:L,1,FALSE),FALSE) -> FALSE | C268: =IF(AND(A268=FALSE,B268=FALSE),"Onbekend","") | D268: NMM99N0 | E268: Sofie Faber | F268: Sofie | G268: 41761 | H268: V | I268: nienke_oosterbaan@hotmail.com | J268: af te melden | K268: 230 | L268: Veld - Week, Zaal - Week | M268: Korfbal - Korfbal - Week | N268: 44370
A269: =_xlfn.IFNA(VLOOKUP(D269,Spelerslijst!A:B,1,FALSE),FALSE) -> FALSE | B269: =_xlfn.IFNA(VLOOKUP(D269,Spelerslijst!K:L,1,FALSE),FALSE) -> NMQ44L0 | C269: =IF(AND(A269=FALSE,B269=FALSE),"Onbekend","") | D269: NMQ44L0 | E269: Cas Tieleman | F269: Cas | G269: 38220 | H269: M | I269: s.tieleman76@gmail.com | J269: definitief | K269: 210 | L269: Veld - Week, Zaal - Week | M269: Korfbal - Korfbal - Week | N269: 44641
A270: =_xlfn.IFNA(VLOOKUP(D270,Spelerslijst!A:B,1,FALSE),FALSE) -> NMN14W9 | B270: =_xlfn.IFNA(VLOOKUP(D270,Spelerslijst!K:L,1,FALSE),FALSE) -> FALSE | C270: =IF(AND(A270=FALSE,B270=FALSE),"Onbekend","") | D270: NMN14W9 | E270: Carlijn van den Broek | F270: Carlijn | G270: 39702 | H270: V | I270: carlijn11@outlook.com | J270: af te melden | K270: 220 | L270: Veld - Week, Zaal - Week | M270: Korfbal - Korfbal - Week | N270: 44381
A271: =_xlfn.IFNA(VLOOKUP(D271,Spelerslijst!A:B,1,FALSE),FALSE) -> NMQ57Y5 | B271: =_xlfn.IFNA(VLOOKUP(D271,Spelerslijst!K:L,1,FALSE),FALSE) -> FALSE | C271: =IF(AND(A271=FALSE,B271=FALSE),"Onbekend","") | D271: NMQ57Y5 | E271: Feliz Lanser | F271: Feliz | G271: 42333 | H271: V | I271: r.lanser@hotmail.nl | J271: definitief | K271: 230 | L271: Veld - Week, Zaal - Week | M271: Korfbal - Korfbal - Week | N271: 44656
A272: =_xlfn.IFNA(VLOOKUP(D272,Spelerslijst!A:B,1,FALSE),FALSE) -> NMS67Y2 | B272: =_xlfn.IFNA(VLOOKUP(D272,Spelerslijst!K:L,1,FALSE),FALSE) -> FALSE | C272: =IF(AND(A272=FALSE,B272=FALSE),"Onbekend","") | D272: NMS67Y2 | E272: Imme Bouman | F272: Imme | G272: 42481 | H272: V | I272: m.radenborg@gmail.com | J272: definitief | K272: 230 | L272: Veld - Week, Zaal - Week | M272: Korfbal - Korfbal - Week | N272: 44859
A273: =_xlfn.IFNA(VLOOKUP(D273,Spelerslijst!A:B,1,FALSE),FALSE) -> NLV84L8 | B273: =_xlfn.IFNA(VLOOKUP(D273,Spelerslijst!K:L,1,FALSE),FALSE) -> FALSE | C273: =IF(AND(A273=FALSE,B273=FALSE),"Onbekend","") | D273: NLV84L8 | E273: Noortje Vercouteren | F273: Noortje | G273: 40226 | H273: V | I273: reca.vercouteren@gmail.com | J273: definitief | K273: 220 | L273: Veld - Week, Zaal - Week | M273: Korfbal - Korfbal - Week | N273: 42716
...

Sheet leden
A1: Relatiecode | B1: Volledige naam (2) | C1: Roepnaam | D1: Geboortedatum | E1: Lidmaatschapcode | F1: Status | G1: Geslacht
A2: NMM29Q6 | B2: Elin Vogelaar | C2: Elin | D2: 43083 | E2: 240 | F2: af te melden | G2: V
A3: NMQ91B6 | B3: Siem van den Broek | C3: Siem | D3: 43436 | E3: 240 | F3: af te melden | G3: M
A4: NMQ42K7 | B4: Sanna de Lange | C4: Sanna | D4: 43006 | E4: 240 | F4: definitief | G4: V
A5: NMR70L4 | B5: Diede van den Boogaart | C5: Diede | D5: 43409 | E5: 240 | F5: definitief | G5: V
A6: NMM42W7 | B6: Vive Jacobs | C6: Vive | D6: 42788 | E6: 240 | F6: definitief | G6: V
A7: NMS09V7 | B7: Julia van Twist | C7: Julia | D7: 42234 | E7: 230 | F7: definitief | G7: V
A8: NML00R5 | B8: Bryanna Bos | C8: Bryanna | D8: 40373 | E8: 230 | F8: definitief | G8: V
A9: NLX64V0 | B9: Esmée de Boer | C9: Esmée | D9: 40328 | E9: 230 | F9: definitief | G9: V
A10: NMG13P0 | B10: Layla de Boer | C10: Layla | D10: 41474 | E10: 230 | F10: definitief | G10: V
A11: NMF09H6 | B11: Roos in 't Veld | C11: Roos | D11: 40995 | E11: 230 | F11: definitief | G11: V
A12: NLR34F7 | B12: Floortje Jongkind | C12: Floortje | D12: 40243 | E12: 230 | F12: definitief | G12: V
A13: NMN06Y4 | B13: Pippa Jongkind | C13: Pippa | D13: 40796 | E13: 230 | F13: definitief | G13: V
... A302: NMF58C3 | B302: Kimberly Jacobs | C302: Kimberly | D302: 31375 | E302: 1 | F302: definitief | G302: V

Sheet PEIL
A1: Pijltabel | B1: 23/24
A2: Jaartal | B2: Leeftijd | C2: Categorie
A3: 2020 | B3: 3 | C3: K
A4: 2019 | B4: 4 | C4: K
A5: 2018 | B5: 5 | C5: K
A6: 2017 | B6: 6 | C6: F
A7: 2016 | B7: 7 | C7: F
A8: 2015 | B8: 8 | C8: E
A9: 2014 | B9: 9 | C9: E
A10: 2013 | B10: 10 | C10: D
A11: 2012 | B11: 11 | C11: D
A12: 2011 | B12: 12 | C12: C
A13: 2010 | B13: 13 | C13: C
A14: 2009 | B14: 14 | C14: B
... A73: 1950 | B73: 73 | C73: S

Sheet SCENARIO-KEUZE RICHTING 0.9
B2: SPELERS - TEAMS
C3: Situatie | D3: Scenario 1 | E3: Scenario 2 | F3: Scenario 3 | G3: Keuze + argumentatie | H3: Consequenties | L3: TRAINERSINDELING | M3: Optie 1 | N3: Optie 2 | O3: Optie 3 | P3: Andere kandidaten | Q3: Keuze + argumentatie
B4: TEAM 5/6/7 | C4: Genoeg dames voor 3 teams, tegelijkertijd ook: - meetrainen dame PKC - Flore en Amber in A3 houden - Nina gaat wel of niet meedoen | D4: Flore samen met Amber in A3 houden | L4: Team 5 | M4: Robin Domisse + ….
C5: Heren krap bezet, zeker bij 7e | D5: Joeke en Wouter over naar 6e? | E5: Alleen Joeke of alleen Wouter over | F5: Geen heren en oplossing blijft, zoals dit seizoen | L5: Team 6 | M5: Moeder Ché als coach
C6: Selectie voor samenstelling team 5 | D6: (Nina) Kimberley + heer | L6: Team 7
C7: Geen coaches voor 6 en 7 | L7: A1 | M7: Ruben & Rob
B8: TEAM A1/A2 | L8: A2 | M8: Olivier & Tim
C9: 12 heren in de A1-A2 selectie, terwijl niet de wens is om 2 heren af te laten vallen naar A3 | D9: 2 heren naar 5/6/7 | E9: 1 heer over naar 5/6/7: 11 heren in A1-A2 | F9: Joeke en Wouter blijven; andere keuze met heren | L9: A3 | M9: Mark + Rick + Anniek met Robert als hoofdtrainer | N9: 6e
C10: Mila de Wit | D10: Blijft in A2, is mooi sociaal maatje voor dame 6 uit A1 | E10: Toch naar B1, voor stabiliteit. Maar keiharde meerwaarde ontbreekt + moet gecompenseerd worden. | L10: B1 | M10: Stephan + Milou
B11: TEAM B1/B2 | C11: Dame 4 en de rest + heer 3&4 en de rest zit dicht bij elkaar | D11: Geen teamkeuze, maar 1 selectie voor de zomer bekend maken | L11: B2 | M11: Erik vd Burgt + | N11: 5e
C12: Precies 8 heren: risico met reserves | D12: blijft bij 8 heren | E12: Komt nog 1 of 2 heren van buitenaf | F12: 1 3de jaars in B1: (Freek – wil zelf niet, Tijn – meerwaarde?) | L12: B3 | M12: Robert + Astrid (Maud, Laura) - en als hoofdtrainer voor A3 | N12: 7e
L13: C1 | M13: Jasper + Mees
B14: TEAM B3 - C3 | C14: minimaal, maar eigenlijk te dames 2 weinig in B3 | D14: Welke dames door te schuiven uit C3? | E14: idem dito + heer doorschuiven uit C4 naar C3? | F14: Niemand doorschuiven - C3 standaard met 2 reserves bij B3 | L14: C2 | M14: Antjan + … Maud / Sam Eichhorn | N14: Alex + Robert + Maud | O14: … | P14: Sam Eichhorn
L15: C3 | M15: Kimberley + Martijn | N15: Marlies & Joram + Kimberley
L16: C4 | M16: Syrah & Nadia + | N16: Ilonka + 5e
L17: D1 | M17: Joram en Marlies + Egbert | N17: Marcel, Mark, Egbert
L18: D2 | M18: Marcel, Tom, Alex | N18: Martijn, Tom
L19: D3 | M19: Ilonka + | N19: Nadia & Syrah + …
L20: E1
B21: TRAINERSINDELING | C21: Status | D21: Optie 1 | E21: Optie 2 | F21: Optie 3 | G21: Andere kandidaten | H21: Keuze + argumentatie | L21: E2
B22: Team 5 | C22: Opties | D22: Robin Domisse + …. | L22: E3 | M22: Jens & Joël
B23: Team 6 | C23: Opties | D23: Moeder Ché als coach | L23: E4
B24: Team 7 | C24: OPEN | L24: E5
B25: A1 | C25: Ingevuld: Rob & Ruben | L25: E6
B26: A2 | C26: Ingevuld: Olivier & Tim | L26: F1
B27: A3 | C27: OPEN | D27: Mark + Rick + Anniek | E27: Tessa - Angela - (Nina) | L27: F2
B28: B1 | C28: Opties | D28: Stephan + Milou
B29: B2 | C29: OPEN | D29: Erik vd Burgt + | E29: … | L29: Ingevuld
B30: B3 | C30: OPEN | D30: Tessa - Angela - (Nina) | E30: Mark + Rick + Anniek | F30: Marlies + Joram | L30: Opties / ideeën
B31: C1 | C31: Ingevuld: Jasper & Mees | L31: Open
B32: C2 | C32: Opties | D32: Antjan + Robert + Maud | E32: Alex + Robert + Maud | F32: … | G32: Sam Eichhorn
B33: C3 | C33: Opties | D33: Kimberley + Marlies, Joram | E33: Marlies + Joram | F33: Martijn + Kimberley
B34: C4 | C34: OPEN | D34: Sanne - Kimberley W. | E34: …
B35: D1 | C35: Opties | D35: Marcel, Egbert, Mark | E35: Egbert + Mark
B36: D2 | C36: Opties | D36: Martijn, Tom, Alex | E36: Martijn + Marcel, Tom | F36: Tom
B37: D3 | C37: Opties | D37: Ilonka + Syrah, Nadia | E37: …
B38: E1
B39: E2
B40: E3 | C40: Opties | D40: Jack & Senne
B41: E4
B42: E5
B43: E6
B44: F1
B45: F2
B48: Ingevuld
B49: Opties
B50: Open

Sheet Aandachtpunten
A1: Categorie | B1: Aandachtspunten | C1: Onderwerp | D1: Antwoord | E1: Actiehouder | F1: Wanneer | G1: Status
A2: B | B2: Mila en Freek als derdejaars in de B1? | C2: Samenstelling B1 | D2: Mila staat open Freek niet, maar zal zich neerleggen bij besluit | E2: Alex
A3: C | B3: Heer 4 bij de C2: 3de jaars of vanuit huidige C3 | C3: Samenstelling C2 | D3: Inzet is op Diederik | E3: Alex
A4: B | B4: Wildcard teruggeven? | C4: Hoofdklasse B1 | D4: Nee, onderkant HK is minder dan Top 1ste klasse. Verder is midden + onderkant geen uitdaging | E4: Alex
A5: B | B5: Coaching-staff B1 samenstellen met: trainers, coaches, video-analyse, mental coach | C5: Samenstelling B1 | D5: 1 trainer buitenaf 2. Oranje Witter 3. Marijn 4. Michel | E5: Alex
B7: Scenario D - met Matthijs en zonder Matthijs | D7: Met - C3/C4 zitten vol + geen binding voor Matthijs
B59: Scenario 1. - nu
B60: Scenario 2 - Evie Groen door en Pippa naar D4
B61: Scenario 3 - Manon, Noortje en Evie naar C4 -met 17 kids + wedstrijdlid

Sheet Notities

Sheet Scenarios D-E
B39: Scenario 2 - Imke en Davina D1 + Fenna / Jenna D2 of met wissel Cas / Tess
B40: Scenario 3 - Imke en Davina naar D2 + Jenna en Fenna naar D1

Sheet Scenarios B-C
A1: 1 | B1: 3 B-teams en 5 C-teams
B3: B-Aspiranten | C3: B1 | H3: 15 | J3: B2 | O3: 14.5 | Q3: B3 | V3: 14.545455 | X3: B4 | AC3: #DIV/0! | AE3: B5 | AI3: B5 | AJ3: #DIV/0!
C4: Dames (5) | F4: Heren (5) | J4: Dames (6) | M4: Heren (4) | Q4: Dames (5) | T4: Heren (6) | X4: Dames (1) | AA4: Heren (1) | AE4: Dames (1) | AH4: Heren (1)
C5: Carmen van der Klooster | D5: B1 | E5: 15 | F5: Maarten Sas | G5: B1 | H5: 15 | J5: Elize van de Burgt | K5: B2 | L5: 15 | M5: Tijn Camphens | N5: B2 | O5: 15 | Q5: Robin Zwanenburg | R5: B3 | S5: 14 | T5: Timo Pichel | U5: B3 | V5: 14
C6: Benthe van der Linden | D6: B2 | E6: 15 | F6: Niek Driesprong | G6: B2 | H6: 15 | J6: Doeska Voorbij | K6: B2 | L6: 15 | M6: Dani Heersping | N6: B3 | O6: 15 | Q6: Zoë Kamerman | R6: B3 | S6: 14 | T6: Justin Vos | U6: B3 | V6: 14
C7: Sophie Kilsdonk | D7: B2 | E7: 15 | F7: Freek van Dongen | G7: B2 | H7: 16 | J7: Stella Verboom | K7: B3 | L7: 15 | M7: Jasper Sempel | N7: C2 | O7: 14 | Q7: Sterre Reijerkerk | R7: B3 | S7: 14 | T7: Raoul Kuijper | U7: B3 | V7: 15
C8: Mila de Wit | D8: B2 | E8: 16 | F8: Jarno Bemer | G8: C1 | H8: 14 | J8: Githa Bemer | K8: C1 | L8: 14 | M8: Kian Vliet | N8: C2 | O8: 14 | Q8: Hanna Oomens | R8: B3 | S8: 15 | T8: Casper Boshoven | U8: B4 | V8: 15
C9: Lisa Reuvers | D9: C1 | E9: 14 | F9: Onno den Dekker | G9: C1 | H9: 15 | J9: Anjanette Matena | K9: C1 | L9: 14 | Q9: Carlijn van den Broek | R9: B4 | S9: 15 | T9: Matthijs de Jongh | U9: B4 | V9: 16
J10: Floor Lohuis | K10: C2 | L10: 14 | T10: Stephan Quarre | U10: C3 | V10: 14
C13: Trainer/Coach | J13: Trainer/Coach | Q13: Trainer/Coach | X13: Trainer/Coach
C14: Trainer/Coach | J14: Trainer/Coach | Q14: Trainer/Coach | X14: Trainer/Coach
J15: Trainer/Coach | X15: Trainer/Coach
B17: C-Aspiranten | C17: C1 | H17: 12.666667 | J17: C2 | O17: 12.583333 | Q17: C3 | V17: 12.8 | X17: C4 | AC17: 13.111111 | AE17: C5 | AJ17: 12.333333
C18: Dames (2) | F18: Heren (4) | J18: Dames (8) | M18: Heren (4) | Q18: Dames (6) | T18: Heren (4) | X18: Dames (6) | AA18: Heren (3) | AE18: Dames (4) | AH18: Heren (2)
C19: Danique van der Klooster | D19: C1 | E19: 13 | F19: Thomas Vos | G19: C1 | H19: 13 | J19: Julia Kleingeld | K19: C2 | L19: 13 | M19: Jonas van de Ven | N19: C2 | O19: 13 | Q19: Danique van der Wiel | R19: C3 | S19: 13 | T19: Joaz Post | U19: C3 | V19: 13 | X19: Marit van den Bergh | Y19: C4 | Z19: 13 | AA19: Djess van Heeren | AB19: C4 | AC19: 13 | AE19: Pippa Jongkind | AF19: C4 | AG19: 12 | AH19: Levi Molendijk | AI19: D2 | AJ19: 12
C20: Demi Lindhout | D20: C1 | E20: 13 | F20: Niek Sas | G20: C1 | H20: 13 | J20: Noa Stomp | K20: C2 | L20: 13 | M20: Diederik Hovestadt | N20: C3 | O20: 14 | Q20: Nikki Baas | R20: C3 | S20: 13 | T20: Maarten Rutten | U20: C3 | V20: 13 | X20: Bryanna Bos | Y20: C4 | Z20: 13 | AA20: Parham Afsharbegloe | AB20: C4 | AC20: 14 | AE20: Manon Barbaroux | AF20: C4 | AG20: 12 | AH20: Mika Kerschkamp | AI20: D2 | AJ20: 12
F21: Tiemen den Dekker | G21: D1 | H21: 12 | J21: Feline van de Burgt | K21: C2 | L21: 13 | M21: Freek Laban | N21: D1 | O21: 11 | Q21: Femke Bakker | R21: C3 | S21: 13 | T21: Thijs Vos | U21: D2 | V21: 12 | X21: Evie Groen | Y21: C4 | Z21: 13 | AA21: Jurre van der Linden | AB21: C4 | AC21: 13 | AE21: Noortje Vercouteren | AF21: C4 | AG21: 13
F22: Lenn Belder | G22: D1 | H22: 12 | J22: Esmée de Boer | K22: C2 | L22: 13 | M22: Sander Heerspring | N22: D1 | O22: 12 | Q22: Floortje Jongkind | R22: C3 | S22: 13 | T22: Xavi Jacobs | U22: D2 | V22: 12 | X22: Eline Veenendaal | Y22: C4 | Z22: 14 | AE22: Sanne Peters | AF22: C4 | AG22: 13
J23: Demi Engelfriet | K23: C2 | L23: 13 | Q23: Madelief van Dongen | R23: C3 | S23: 14 | X23: Sanne van Driel | Y23: D2 | Z23: 12
J24: Tess Volker | K24: C2 | L24: 13 | Q24: Famke Nijman | R24: D2 | S24: 12 | X24: Enora Bouwknegt | Y24: D2 | Z24: 13
J25: Eva van Rooij | K25: D1 | L25: 11
J26: Saar Camphens | K26: D1 | L26: 12
C29: Trainer/Coach | J29: Trainer/Coach | Q29: Trainer/Coach | X29: Trainer/Coach
C30: Trainer/Coach | J30: Trainer/Coach | Q30: Trainer/Coach | X30: Trainer/Coach
J31: Trainer | Q31: Trainer/Coach | X31: Trainer/Coach
A33: 2 | B33: 4 B-teams en 4 C-teams
B35: B-Aspiranten | C35: B1 | H35: 15 | J35: B2 | O35: 14.5 | Q35: B3 | V35: 14.545455 | X35: B4 | AC35: 13.5
C36: Dames (5) | F36: Heren (5) | J36: Dames (6) | M36: Heren (4) | Q36: Dames (5) | T36: Heren (6) | X36: Dames (4) | AA36: Heren (2)
C37: Carmen van der Klooster | D37: B1 | E37: 15 | F37: Maarten Sas | G37: B1 | H37: 15 | J37: Elize van de Burgt | K37: B2 | L37: 15 | M37: Tijn Camphens | N37: B2 | O37: 15 | Q37: Robin Zwanenburg | R37: B3 | S37: 14 | T37: Timo Pichel | U37: B3 | V37: 14 | X37: Madelief van Dongen | Y37: C3 | Z37: 14 | AA37: Djess van Heeren | AB37: C4 | AC37: 13
C38: Benthe van der Linden | D38: B2 | E38: 15 | F38: Niek Driesprong | G38: B2 | H38: 15 | J38: Doeska Voorbij | K38: B2 | L38: 15 | M38: Dani Heersping | N38: B3 | O38: 15 | Q38: Zoë Kamerman | R38: B3 | S38: 14 | T38: Justin Vos | U38: B3 | V38: 14 | X38: Bryanna Bos | Y38: C4 | Z38: 13 | AA38: Parham Afsharbegloe | AB38: C4 | AC38: 14
C39: Sophie Kilsdonk | D39: B2 | E39: 15 | F39: Freek van Dongen | G39: B2 | H39: 16 | J39: Stella Verboom | K39: B3 | L39: 15 | M39: Jasper Sempel | N39: C2 | O39: 14 | Q39: Sterre Reijerkerk | R39: B3 | S39: 14 | T39: Raoul Kuijper | U39: B3 | V39: 15 | X39: Evie Groen | Y39: C4 | Z39: 13
C40: Mila de Wit | D40: B2 | E40: 16 | F40: Jarno Bemer | G40: C1 | H40: 14 | J40: Githa Bemer | K40: C1 | L40: 14 | M40: Kian Vliet | N40: C2 | O40: 14 | Q40: Hanna Oomens | R40: B3 | S40: 15 | T40: Casper Boshoven | U40: B4 | V40: 15 | X40: Eline Veenendaal | Y40: C4 | Z40: 14
C41: Lisa Reuvers | D41: C1 | E41: 14 | F41: Onno den Dekker | G41: C1 | H41: 15 | J41: Anjanette Matena | K41: C1 | L41: 14 | Q41: Carlijn van den Broek | R41: B4 | S41: 15 | T41: Matthijs de Jongh | U41: B4 | V41: 16
J42: Floor Lohuis | K42: C2 | L42: 14 | T42: Stephan Quarre | U42: C3 | V42: 14
C45: Trainer/Coach | D45: Marijn Klink | J45: Trainer/Coach | K45: Robert Koster | Q45: Trainer/Coach | R45: Joram Flach | X45: Trainer/Coach | Y45: Mark Schindler
C46: Trainer/Coach | D46: Xanne Klink | J46: Trainer/Coach | K46: Tim Groeneweg | Q46: Trainer/Coach | R46: Marlies Valk | X46: Trainer/Coach | Y46: Anniek Pierse
J47: Trainer/Coach | K47: Maud van Wensen | X47: Trainer/Coach | Y47: Rick v.d. Wijgaart
B49: C-Aspiranten | C49: C1 | H49: 12.666667 | J49: C2 | O49: 12.583333 | Q49: C3 | V49: 12.7 | X49: C4 | AC49: 12.444444
C50: Dames (2) | F50: Heren (4) | J50: Dames (8) | M50: Heren (4) | Q50: Dames (6) | T50: Heren (4) | X50: Dames (6) | AA50: Heren (3)
C51: Danique van der Klooster | D51: C1 | E51: 13 | F51: Thomas Vos | G51: C1 | H51: 13 | J51: Julia Kleingeld | K51: C2 | L51: 13 | M51: Jonas van de Ven | N51: C2 | O51: 13 | Q51: Danique van der Wiel | R51: C3 | S51: 13 | T51: Joaz Post | U51: C3 | V51: 13 | X51: Pippa Jongkind | Y51: C4 | Z51: 12 | AA51: Jurre van der Linden | AB51: C4 | AC51: 13
C52: Demi Lindhout | D52: C1 | E52: 13 | F52: Niek Sas | G52: C1 | H52: 13 | J52: Noa Stomp | K52: C2 | L52: 13 | M52: Diederik Hovestadt | N52: C3 | O52: 14 | Q52: Nikki Baas | R52: C3 | S52: 13 | T52: Maarten Rutten | U52: C3 | V52: 13 | X52: Manon Barbaroux | Y52: C4 | Z52: 12 | AA52: Levi Molendijk | AB52: D2 | AC52: 12
F53: Tiemen den Dekker | G53: D1 | H53: 12 | J53: Feline van de Burgt | K53: C2 | L53: 13 | M53: Freek Laban | N53: D1 | O53: 11 | Q53: Femke Bakker | R53: C3 | S53: 13 | T53: Thijs Vos | U53: D2 | V53: 12 | X53: Marit van den Bergh | Y53: C4 | Z53: 13 | AA53: Mika Kerschkamp | AB53: D2 | AC53: 12
F54: Lenn Belder | G54: D1 | H54: 12 | J54: Esmée de Boer | K54: C2 | L54: 13 | M54: Sander Heerspring | N54: D1 | O54: 12 | Q54: Floortje Jongkind | R54: C3 | S54: 13 | T54: Xavi Jacobs | U54: D2 | V54: 12 | X54: Noortje Vercouteren | Y54: C4 | Z54: 13
J55: Demi Engelfriet | K55: C2 | L55: 13 | Q55: Famke Nijman | R55: D2 | S55: 12 | X55: Sanne Peters | Y55: C4 | Z55: 13
J56: Tess Volker | K56: C2 | L56: 13 | Q56: Enora Bouwknegt | R56: D2 | S56: 13 | X56: Sanne van Driel | Y56: D2 | Z56: 12
J57: Eva van Rooij | K57: D1 | L57: 11
J58: Saar Camphens | K58: D1 | L58: 12
C61: Trainer/Coach | D61: Alex de Boer | J61: Trainer/Coach | K61: Jasper Kleingeld | Q61: Trainer/Coach | R61: Martijn vd Wiel | X61: Trainer/Coach | Y61: Syrah de Wit
C62: Trainer/Coach | D62: Lieke Ploeg | J62: Trainer/Coach | K62: Mees Oppe | Q62: Trainer/Coach | R62: Luuk Baars | X62: Trainer/Coach | Y62: Nadia de Wit
J63: Trainer | K63: Milou Oppe | Q63: Trainer/Coach | R63: Quinten van Driel | X63: Trainer/Coach | Y63: Nina Hulsker
C65: Stephan | E65: Sanne
C66: Madelief | E66: Levi
C67: Deetos
C68: C4 - minimaal 10
C70: Dames B3 stoppen?
C71: Carlijn - bij Rende checken
