Workbook

Sheet Teamsamenstelling
A2: Selecties | B2: S1S2 | K2: =AVERAGE(F4:F24,K4:K24) -> 23.782727 | M2: U19 | V2: =AVERAGE(Q4:Q24,V4:V24) -> 17.663889 | X2: U17 | AG2: =AVERAGE(AB4:AB24,AG4:AG24) -> 15.826667 | AI2: U15 | AR2: =AVERAGE(AM4:AM24,AR4:AR24) -> #DIV/0!
B3: =CONCATENATE("Dames (",COUNTA(E4:E19),")") -> Dames (11) | G3: =CONCATENATE("Heren (",COUNTA(J4:J19),")") -> Heren (11) | M3: =CONCATENATE("Dames (",COUNTA(P4:P19),")") -> Dames (9) | R3: =CONCATENATE("Heren (",COUNTA(U4:U19),")") -> Heren (9) | X3: =CONCATENATE("Dames (",COUNTA(AA4:AA19),")") -> Dames (10) | AC3: =CONCATENATE("Heren (",COUNTA(AF4:AF19),")") -> Heren (8) | AI3: =CONCATENATE("Dames (",COUNTA(AL4:AL19),")") -> Dames (1) | AN3: =CONCATENATE("Heren (",COUNTA(AQ4:AQ19),")") -> Heren (1)
B4: {=_xlfn._xlws.FILTER(Spelerslijst!$B:$B,Spelerslijst!$F:$F=B$2,"")} -> Klooster, C. (Carmen) van der | C4: {=_xlfn._xlws.FILTER(Spelerslijst!$I:$I,Spelerslijst!$F:$F=B$2,"")} -> 0 | D4: {=_xlfn._xlws.FILTER(Spelerslijst!$J:$J,Spelerslijst!$F:$F=B$2,"")} -> 0 | E4: {=_xlfn._xlws.FILTER(Spelerslijst!$H:$H,Spelerslijst!$F:$F=B$2,"")} -> A1 | F4: {=_xlfn._xlws.FILTER(Spelerslijst!$D:$D,Spelerslijst!$F:$F=B$2,"")} -> 17.14 | G4: {=_xlfn._xlws.FILTER(Spelerslijst!$M:$M,Spelerslijst!$Q:$Q=B$2,"")} -> Strijen, L.A. van (Lars) | H4: {=_xlfn._xlws.FILTER(Spelerslijst!$T:$T,Spelerslijst!$Q:$Q=B$2,"")} -> 0 | I4: {=_xlfn._xlws.FILTER(Spelerslijst!$U:$U,Spelerslijst!$Q:$Q=B$2,"")} -> 0 | J4: {=_xlfn._xlws.FILTER(Spelerslijst!$S:$S,Spelerslijst!$Q:$Q=B$2,"")} -> 3 | K4: {=_xlfn._xlws.FILTER(Spelerslijst!$O:$O,Spelerslijst!$Q:$Q=B$2,"")} -> 35 | M4: {=_xlfn._xlws.FILTER(Spelerslijst!$B:$B,Spelerslijst!$F:$F=M$2,"")} -> Klooster, D. (Danique) van der | N4: {=_xlfn._xlws.FILTER(Spelerslijst!$I:$I,Spelerslijst!$F:$F=M$2,"")} -> 0 | O4: {=_xlfn._xlws.FILTER(Spelerslijst!$J:$J,Spelerslijst!$F:$F=M$2,"")} -> 0 | P4: {=_xlfn._xlws.FILTER(Spelerslijst!$H:$H,Spelerslijst!$F:$F=M$2,"")} -> B1 | Q4: {=_xlfn._xlws.FILTER(Spelerslijst!$D:$D,Spelerslijst!$F:$F=M$2,"")} -> 15.83 | R4: {=_xlfn._xlws.FILTER(Spelerslijst!$M:$M,Spelerslijst!$Q:$Q=M$2,"")} -> Dongen, F.P.B. (Freek) van | S4: {=_xlfn._xlws.FILTER(Spelerslijst!$T:$T,Spelerslijst!$Q:$Q=M$2,"")} -> 0 | T4: {=_xlfn._xlws.FILTER(Spelerslijst!$U:$U,Spelerslijst!$Q:$Q=M$2,"")} -> 0 | U4: {=_xlfn._xlws.FILTER(Spelerslijst!$S:$S,Spelerslijst!$Q:$Q=M$2,"")} -> A2 | V4: {=_xlfn._xlws.FILTER(Spelerslijst!$O:$O,Spelerslijst!$Q:$Q=M$2,"")} -> 18.69 | X4: {=_xlfn._xlws.FILTER(Spelerslijst!$B:$B,Spelerslijst!$F:$F=X$2,"")} -> Kleingeld, J.N. (Julia) | Y4: {=_xlfn._xlws.FILTER(Spelerslijst!$I:$I,Spelerslijst!$F:$F=X$2,"")} -> 0 | Z4: {=_xlfn._xlws.FILTER(Spelerslijst!$J:$J,Spelerslijst!$F:$F=X$2,"")} -> 0 | AA4: {=_xlfn._xlws.FILTER(Spelerslijst!$H:$H,Spelerslijst!$F:$F=X$2,"")} -> B1 | AB4: {=_xlfn._xlws.FILTER(Spelerslijst!$D:$D,Spelerslijst!$F:$F=X$2,"")} -> 15.27 | AC4: {=_xlfn._xlws.FILTER(Spelerslijst!$M:$M,Spelerslijst!$Q:$Q=X$2,"")} -> Pichel, T. (Timo) | AD4: {=_xlfn._xlws.FILTER(Spelerslijst!$T:$T,Spelerslijst!$Q:$Q=X$2,"")} -> 0 | AE4: {=_xlfn._xlws.FILTER(Spelerslijst!$U:$U,Spelerslijst!$Q:$Q=X$2,"")} -> 0 | AF4: {=_xlfn._xlws.FILTER(Spelerslijst!$S:$S,Spelerslijst!$Q:$Q=X$2,"")} -> B2 | AG4: {=_xlfn._xlws.FILTER(Spelerslijst!$O:$O,Spelerslijst!$Q:$Q=X$2,"")} -> 16.5 | AI4: {=_xlfn._xlws.FILTER(Spelerslijst!$B:$B,Spelerslijst!$F:$F=AI$2,"")} | AJ4: {=_xlfn._xlws.FILTER(Spelerslijst!$I:$I,Spelerslijst!$F:$F=AI$2,"")} | AK4: {=_xlfn._xlws.FILTER(Spelerslijst!$J:$J,Spelerslijst!$F:$F=AI$2,"")} | AL4: {=_xlfn._xlws.FILTER(Spelerslijst!$H:$H,Spelerslijst!$F:$F=AI$2,"")} | AM4: {=_xlfn._xlws.FILTER(Spelerslijst!$D:$D,Spelerslijst!$F:$F=AI$2,"")} | AN4: {=_xlfn._xlws.FILTER(Spelerslijst!$M:$M,Spelerslijst!$Q:$Q=AI$2,"")} | AO4: {=_xlfn._xlws.FILTER(Spelerslijst!$T:$T,Spelerslijst!$Q:$Q=AI$2,"")} | AP4: {=_xlfn._xlws.FILTER(Spelerslijst!$U:$U,Spelerslijst!$Q:$Q=AI$2,"")} | AQ4: {=_xlfn._xlws.FILTER(Spelerslijst!$S:$S,Spelerslijst!$Q:$Q=AI$2,"")} | AR4: {=_xlfn._xlws.FILTER(Spelerslijst!$O:$O,Spelerslijst!$Q:$Q=AI$2,"")}
B5: Fasbender, L. (Lindi) | C5: 0 | D5: 0 | E5: 2 | F5: 20.17 | G5: Klink, M (Marijn) | H5: 0 | I5: 0 | J5: 1 | K5: 28.67 | M5: Reuvers, L. (Lisa) | N5: 0 | O5: 0 | P5: A1 | Q5: 16.51 | R5: Bäcker, C.J. (Tijn) | S5: 0 | T5: 0 | U5: A2 | V5: 18.57 | X5: Stomp, N. (Noa) | Y5: 0 | Z5: 0 | AA5: B1 | AB5: 15.29 | AC5: Vliet, K.M. (Kian) | AD5: 0 | AE5: 0 | AF5: B1 | AG5: 16.33
B6: Boshoven, S.A.E. (Sara) | C6: 0 | D6: 0 | E6: 2 | F6: 20.23 | G6: Driesprong, B. (Bart) | H6: 0 | I6: 0 | J6: 1 | K6: 27.23 | M6: Burgt, E. (Elize) van de | N6: 0 | O6: 0 | P6: A2 | Q6: 17.02 | R6: Vliet, T. (Tycho) | S6: 0 | T6: 0 | U6: - | V6: 18.28 | X6: Burgt, F. (Feline) van de | Y6: 0 | Z6: 0 | AA6: B2 | AB6: 15.31 | AC6: Sempel, J.D. (Jasper) | AD6: 0 | AE6: 0 | AF6: B1 | AG6: 16.21
B7: Groeneweg, R.K. (Roos) | C7: 0 | D7: 0 | E7: 2 | F7: 20.78 | G7: Klink, O.C. (Olivier) | H7: 0 | I7: 0 | J7: 2 | K7: 27.05 | M7: Voorbij, D.M. (Doeska) | N7: 0 | O7: 0 | P7: A2 | Q7: 17.17 | R7: Zwanenburg, J. (Jack) | S7: 0 | T7: 0 | U7: A1 | V7: 18.25 | X7: Boer, E.M. (Esmée) de | Y7: 0 | Z7: 0 | AA7: C1 | AB7: 15.59 | AC7: Hovestadt, D. (Diederik) | AD7: 0 | AE7: 0 | AF7: B2 | AG7: 16.18
B8: Driesprong, M. (Meike) | C8: 0 | D8: 0 | E8: 1 | F8: 21.93 | G8: Gent, T. (Tim) van | H8: 0 | I8: 0 | J8: 1 | K8: 25.89 | M8: Linden, B.S. (Benthe) van der | N8: 0 | O8: 0 | P8: A2 | Q8: 17.5 | R8: Valk, J.B. (Jarno) | S8: 0 | T8: 0 | U8: A1 | V8: 18.22 | X8: Engelfriet, D. (Demi) | Y8: 0 | Z8: 0 | AA8: B1 | AB8: 15.59 | AC8: Bemer, J.L.E. (Jarno) | AD8: 0 | AE8: 0 | AF8: B2 | AG8: 16.03
B9: Fernhout, L. (Loïs) | C9: 0 | D9: 0 | E9: 2 | F9: 22.83 | G9: Groeneweg, T. (Tim) | H9: 0 | I9: 0 | J9: - | K9: 24.03 | M9: Verboom, S. (Stella) | N9: 0 | O9: 0 | P9: A2 | Q9: 17.69 | R9: Dekker, O.C. (Onno) den | S9: 0 | T9: 0 | U9: B1 | V9: 17.52 | X9: Jongkind, F.W.J. (Floortje) | Y9: 0 | Z9: 0 | AA9: B2 | AB9: 15.82 | AC9: Sas, N. (Niek) | AD9: 0 | AE9: 0 | AF9: B1 | AG9: 15.44
B10: Teerds, E.L. (Eva) | C10: 0 | D10: 0 | E10: 2 | F10: 23.19 | G10: Uijl, D. (Daniel) den | H10: 0 | I10: 0 | J10: 2 | K10: 22.42 | M10: Kilsdonk, S.A (Sophie) | N10: 0 | O10: 0 | P10: A2 | Q10: 17.75 | R10: Sas, M. (Maarten) | S10: 0 | T10: 0 | U10: A2 | V10: 17.35 | X10: Volker, T.N. (Tess) | Y10: 0 | Z10: 0 | AA10: C1 | AB10: 15.87 | AC10: Ven, J. (Jonas) van de | AD10: 0 | AE10: 0 | AF10: B2 | AG10: 15.36
B11: Oppe, M. (Milou) | C11: 0 | D11: 0 | E11: 1 | F11: 23.86 | G11: Timmer, J. (Jordan) | H11: 0 | I11: 0 | J11: 2 | K11: 21.93 | M11: Manduapessy, M. (Merel) | N11: 0 | O11: 0 | P11: A1 | Q11: 18.34 | R11: Camphens, T. (Tijn) | S11: 0 | T11: 0 | U11: A2 | V11: 17.19 | X11: Lindhout, D. (Demi) | Y11: 0 | Z11: 0 | AA11: B2 | AB11: 15.97 | AC11: Vos, T. (Thomas) | AD11: 0 | AE11: 0 | AF11: B2 | AG11: 15.27
B12: Dijk, D. (Demi) van | C12: 0 | D12: 0 | E12: 2 | F12: 24.87 | G12: Koster, S. (Senne) | H12: 0 | I12: 0 | J12: 2 | K12: 20.16 | M12: Haas, A. (Amber) de | N12: 0 | O12: 0 | P12: A1 | Q12: 18.91 | R12: Heersping, D.B.A.C. (Dani) | S12: 0 | T12: 0 | U12: A2 | V12: 17.16 | X12: Bemer, G.M.E. (Githa) | Y12: 0 | Z12: 0 | AA12: B2 | AB12: 16.03
B13: Dommisse, R. (Robin) | C13: 0 | D13: 0 | E13: - | F13: 27.13 | G13: Burgt, S. (Seth) van de | H13: 0 | I13: 0 | J13: A2 | K13: 19.18 | X13: Lohuis, F.A.C. (Floor) | Y13: 0 | Z13: 0 | AA13: B2 | AB13: 16.82
B14: Klink, X (Xanne) | C14: 0 | D14: 0 | E14: 1 | F14: 30.49 | G14: Vaartmans, J.A. (Jordi) | H14: 0 | I14: 0 | J14: A1 | K14: 19.04
B20: {=_xlfn._xlws.FILTER(Staf!$C:$C,Staf!$B:$B=Teamsamenstelling!B2,"")} -> Trainer/Coach S1 | G20: {=_xlfn._xlws.FILTER(Staf!$A:$A,Staf!$B:$B=Teamsamenstelling!B2,"")} -> Menno Kop | M20: {=_xlfn._xlws.FILTER(Staf!$C:$C,Staf!$B:$B=Teamsamenstelling!M2,"")} -> Trainer/Coach U19-1 | R20: {=_xlfn._xlws.FILTER(Staf!$A:$A,Staf!$B:$B=Teamsamenstelling!M2,"")} -> Arthyn Muller | X20: {=_xlfn._xlws.FILTER(Staf!$C:$C,Staf!$B:$B=Teamsamenstelling!X2,"")} -> Trainer/Coach U17-1 | AC20: {=_xlfn._xlws.FILTER(Staf!$A:$A,Staf!$B:$B=Teamsamenstelling!X2,"")} -> Jasper Kleingeld | AI20: {=_xlfn._xlws.FILTER(Staf!$C:$C,Staf!$B:$B=#REF!,"")} -> #REF! | AL20: {=_xlfn._xlws.FILTER(Staf!$A:$A,Staf!$B:$B=#REF!,"")} -> #REF!
B21: Trainer/Coach S1 | G21: Niels Mastijn | M21: Trainer/Coach U19-1 | R21: Lianne Stomp - vd Burgt | X21: Trainer/Coach U17-1 | AC21: Mees Oppe
B22: Trainer/Coach S2 | G22: Rene te Witt | M22: Trainer/Coach U19-2 | R22: Jens Lohuis | X22: Trainer/Coach U17-2 | AC22: Alex de Boer
B23: Teammanager S2 | G23: Fred Lichteveld | M23: Trainer/Coach U19-2 | R23: Joël Wietses | X23: Trainer/Coach U17-2 | AC23: Tom van de Ven
B24: Fysio | G24: Ruben Kamerbeek | X24: Teammanager U17 | AC24: Alex van de Klooster
B25: Verzorger | G25: Anouk de Jongh | X25: Ondersteuning U17 | AC25: Bas de Jong
B26: Analist S1 | G26: Joris van den Neucker
A29: Senioren | B29: S1 | K29: =AVERAGE(F31:F42,K31:K42) -> #DIV/0! | M29: S2 | V29: =AVERAGE(Q31:Q42,V31:V42) -> #DIV/0! | X29: S3 | AG29: =AVERAGE(AB31:AB42,AG31:AG42) -> 33.376154 | AI29: S4 | AR29: =AVERAGE(AM31:AM42,AR31:AR42) -> 28.753571 | AT29: S5 | BC29: =AVERAGE(AX31:AX42,BC31:BC42) -> 24.497 | BE29: S6 | BN29: =AVERAGE(BI31:BI42,BN31:BN42) -> 22.101333 | BP29: S7 | BY29: =AVERAGE(BT31:BT42,BY31:BY42) -> #DIV/0! | CA29: MW1 | CJ29: =AVERAGE(CE31:CE42,CJ31:CJ42) -> 40.26
B30: =CONCATENATE("Dames (",COUNTA(E31:E40),")") -> Dames (1) | G30: =CONCATENATE("Heren (",COUNTA(J31:J40),")") -> Heren (1) | M30: =CONCATENATE("Dames (",COUNTA(P31:P40),")") -> Dames (1) | R30: =CONCATENATE("Heren (",COUNTA(U31:U40),")") -> Heren (1) | X30: =CONCATENATE("Dames (",COUNTA(AA31:AA40),")") -> Dames (7) | AC30: =CONCATENATE("Heren (",COUNTA(AF31:AF40),")") -> Heren (6) | AI30: =CONCATENATE("Dames (",COUNTA(AL31:AL40),")") -> Dames (9) | AN30: =CONCATENATE("Heren (",COUNTA(AQ31:AQ40),")") -> Heren (5) | AT30: =CONCATENATE("Dames (",COUNTA(AW31:AW40),")") -> Dames (6) | AY30: =CONCATENATE("Heren (",COUNTA(BB31:BB40),")") -> Heren (4) | BE30: =CONCATENATE("Dames (",COUNTA(BH31:BH40),")") -> Dames (7) | BJ30: =CONCATENATE("Heren (",COUNTA(BM31:BM40),")") -> Heren (8) | BP30: =CONCATENATE("Dames (",COUNTA(BS31:BS40),")") -> Dames (1) | BU30: =CONCATENATE("Heren (",COUNTA(BX31:BX40),")") -> Heren (1) | CA30: =CONCATENATE("Dames (",COUNTA(CD31:CD40),")") -> Dames (5) | CF30: =CONCATENATE("Heren (",COUNTA(CI31:CI40),")") -> Heren (3)
B31: {=_xlfn._xlws.FILTER(Spelerslijst!$B:$B,Spelerslijst!$F:$F=B$29,"")} | C31: {=_xlfn._xlws.FILTER(Spelerslijst!$I:$I,Spelerslijst!$F:$F=B$29,"")} | D31: {=_xlfn._xlws.FILTER(Spelerslijst!$J:$J,Spelerslijst!$F:$F=B$29,"")} | E31: {=_xlfn._xlws.FILTER(Spelerslijst!$H:$H,Spelerslijst!$F:$F=B$29,"")} | F31: {=_xlfn._xlws.FILTER(Spelerslijst!$D:$D,Spelerslijst!$F:$F=B$29,"")} | G31: {=_xlfn._xlws.FILTER(Spelerslijst!$M:$M,Spelerslijst!$Q:$Q=B$29,"")} | H31: {=_xlfn._xlws.FILTER(Spelerslijst!$T:$T,Spelerslijst!$Q:$Q=B$29,"")} | I31: {=_xlfn._xlws.FILTER(Spelerslijst!$U:$U,Spelerslijst!$Q:$Q=B$29,"")} | J31: {=_xlfn._xlws.FILTER(Spelerslijst!$S:$S,Spelerslijst!$Q:$Q=B$29,"")} | K31: {=_xlfn._xlws.FILTER(Spelerslijst!$O:$O,Spelerslijst!$Q:$Q=B$29,"")} | M31: {=_xlfn._xlws.FILTER(Spelerslijst!$B:$B,Spelerslijst!$F:$F=M$29,"")} | N31: {=_xlfn._xlws.FILTER(Spelerslijst!$I:$I,Spelerslijst!$F:$F=M$29,"")} | O31: {=_xlfn._xlws.FILTER(Spelerslijst!$J:$J,Spelerslijst!$F:$F=M$29,"")} | P31: {=_xlfn._xlws.FILTER(Spelerslijst!$H:$H,Spelerslijst!$F:$F=M$29,"")} | Q31: {=_xlfn._xlws.FILTER(Spelerslijst!$D:$D,Spelerslijst!$F:$F=M$29,"")} | R31: {=_xlfn._xlws.FILTER(Spelerslijst!$M:$M,Spelerslijst!$Q:$Q=M$29,"")} | S31: {=_xlfn._xlws.FILTER(Spelerslijst!$T:$T,Spelerslijst!$Q:$Q=M$29,"")} | T31: {=_xlfn._xlws.FILTER(Spelerslijst!$U:$U,Spelerslijst!$Q:$Q=M$29,"")} | U31: {=_xlfn._xlws.FILTER(Spelerslijst!$S:$S,Spelerslijst!$Q:$Q=M$29,"")} | V31: {=_xlfn._xlws.FILTER(Spelerslijst!$O:$O,Spelerslijst!$Q:$Q=M$29,"")} | X31: {=_xlfn._xlws.FILTER(Spelerslijst!$B:$B,Spelerslijst!$F:$F=X$29,"")} -> Visser, R. (Renske) | Y31: {=_xlfn._xlws.FILTER(Spelerslijst!$I:$I,Spelerslijst!$F:$F=X$29,"")} -> 0 | Z31: {=_xlfn._xlws.FILTER(Spelerslijst!$J:$J,Spelerslijst!$F:$F=X$29,"")} -> 0 | AA31: {=_xlfn._xlws.FILTER(Spelerslijst!$H:$H,Spelerslijst!$F:$F=X$29,"")} -> 0 | AB31: {=_xlfn._xlws.FILTER(Spelerslijst!$D:$D,Spelerslijst!$F:$F=X$29,"")} -> 27.32 | AC31: {=_xlfn._xlws.FILTER(Spelerslijst!$M:$M,Spelerslijst!$Q:$Q=X$29,"")} -> Vlaming, R. (Roy) de | AD31: {=_xlfn._xlws.FILTER(Spelerslijst!$T:$T,Spelerslijst!$Q:$Q=X$29,"")} -> 0 | AE31: {=_xlfn._xlws.FILTER(Spelerslijst!$U:$U,Spelerslijst!$Q:$Q=X$29,"")} -> 0 | AF31: {=_xlfn._xlws.FILTER(Spelerslijst!$S:$S,Spelerslijst!$Q:$Q=X$29,"")} -> 3 | AG31: {=_xlfn._xlws.FILTER(Spelerslijst!$O:$O,Spelerslijst!$Q:$Q=X$29,"")} -> 41.14 | AI31: {=_xlfn._xlws.FILTER(Spelerslijst!$B:$B,Spelerslijst!$F:$F=AI$29,"")} -> Jongh, A. (Anouk) de | AJ31: {=_xlfn._xlws.FILTER(Spelerslijst!$I:$I,Spelerslijst!$F:$F=AI$29,"")} -> 0 | AK31: {=_xlfn._xlws.FILTER(Spelerslijst!$J:$J,Spelerslijst!$F:$F=AI$29,"")} -> 0 | AL31: {=_xlfn._xlws.FILTER(Spelerslijst!$H:$H,Spelerslijst!$F:$F=AI$29,"")} -> 4 | AM31: {=_xlfn._xlws.FILTER(Spelerslijst!$D:$D,Spelerslijst!$F:$F=AI$29,"")} -> 20.33 | AN31: {=_xlfn._xlws.FILTER(Spelerslijst!$M:$M,Spelerslijst!$Q:$Q=AI$29,"")} -> Baars, L.A. (Luuk) | AO31: {=_xlfn._xlws.FILTER(Spelerslijst!$T:$T,Spelerslijst!$Q:$Q=AI$29,"")} -> 0 | AP31: {=_xlfn._xlws.FILTER(Spelerslijst!$U:$U,Spelerslijst!$Q:$Q=AI$29,"")} -> 0 | AQ31: {=_xlfn._xlws.FILTER(Spelerslijst!$S:$S,Spelerslijst!$Q:$Q=AI$29,"")} -> 4 | AR31: {=_xlfn._xlws.FILTER(Spelerslijst!$O:$O,Spelerslijst!$Q:$Q=AI$29,"")} -> 24.9 | AT31: {=_xlfn._xlws.FILTER(Spelerslijst!$B:$B,Spelerslijst!$F:$F=AT$29,"")} -> Valk, M.E. (Marlies) | AU31: {=_xlfn._xlws.FILTER(Spelerslijst!$I:$I,Spelerslijst!$F:$F=AT$29,"")} -> 0 | AV31: {=_xlfn._xlws.FILTER(Spelerslijst!$J:$J,Spelerslijst!$F:$F=AT$29,"")} -> 0 | AW31: {=_xlfn._xlws.FILTER(Spelerslijst!$H:$H,Spelerslijst!$F:$F=AT$29,"")} -> 5 | AX31: {=_xlfn._xlws.FILTER(Spelerslijst!$D:$D,Spelerslijst!$F:$F=AT$29,"")} -> 22.78 | AY31: {=_xlfn._xlws.FILTER(Spelerslijst!$M:$M,Spelerslijst!$Q:$Q=AT$29,"")} -> Schindler, M. (Mark) | AZ31: {=_xlfn._xlws.FILTER(Spelerslijst!$T:$T,Spelerslijst!$Q:$Q=AT$29,"")} -> 0 | BA31: {=_xlfn._xlws.FILTER(Spelerslijst!$U:$U,Spelerslijst!$Q:$Q=AT$29,"")} -> 0 | BB31: {=_xlfn._xlws.FILTER(Spelerslijst!$S:$S,Spelerslijst!$Q:$Q=AT$29,"")} -> 5 | BC31: {=_xlfn._xlws.FILTER(Spelerslijst!$O:$O,Spelerslijst!$Q:$Q=AT$29,"")} -> 26.59 | BE31: {=_xlfn._xlws.FILTER(Spelerslijst!$B:$B,Spelerslijst!$F:$F=BE$29,"")} -> Bozuwa, J. (Julia) | BF31: {=_xlfn._xlws.FILTER(Spelerslijst!$I:$I,Spelerslijst!$F:$F=BE$29,"")} -> 0 | BG31: {=_xlfn._xlws.FILTER(Spelerslijst!$J:$J,Spelerslijst!$F:$F=BE$29,"")} -> 0 | BH31: {=_xlfn._xlws.FILTER(Spelerslijst!$H:$H,Spelerslijst!$F:$F=BE$29,"")} -> A3 | BI31: {=_xlfn._xlws.FILTER(Spelerslijst!$D:$D,Spelerslijst!$F:$F=BE$29,"")} -> 18.47 | BJ31: {=_xlfn._xlws.FILTER(Spelerslijst!$M:$M,Spelerslijst!$Q:$Q=BE$29,"")} -> Dubbeld, R. (Ruben) | BK31: {=_xlfn._xlws.FILTER(Spelerslijst!$T:$T,Spelerslijst!$Q:$Q=BE$29,"")} -> 0 | BL31: {=_xlfn._xlws.FILTER(Spelerslijst!$U:$U,Spelerslijst!$Q:$Q=BE$29,"")} -> 0 | BM31: {=_xlfn._xlws.FILTER(Spelerslijst!$S:$S,Spelerslijst!$Q:$Q=BE$29,"")} -> 6 | BN31: {=_xlfn._xlws.FILTER(Spelerslijst!$O:$O,Spelerslijst!$Q:$Q=BE$29,"")} -> 25.07 | BP31: {=_xlfn._xlws.FILTER(Spelerslijst!$B:$B,Spelerslijst!$F:$F=BP$29,"")} | BQ31: {=_xlfn._xlws.FILTER(Spelerslijst!$I:$I,Spelerslijst!$F:$F=BP$29,"")} | BR31: {=_xlfn._xlws.FILTER(Spelerslijst!$J:$J,Spelerslijst!$F:$F=BP$29,"")} | BS31: {=_xlfn._xlws.FILTER(Spelerslijst!$H:$H,Spelerslijst!$F:$F=BP$29,"")} | BT31: {=_xlfn._xlws.FILTER(Spelerslijst!$D:$D,Spelerslijst!$F:$F=BP$29,"")} | BU31: {=_xlfn._xlws.FILTER(Spelerslijst!$M:$M,Spelerslijst!$Q:$Q=BP$29,"")} | BV31: {=_xlfn._xlws.FILTER(Spelerslijst!$T:$T,Spelerslijst!$Q:$Q=BP$29,"")} | BW31: {=_xlfn._xlws.FILTER(Spelerslijst!$U:$U,Spelerslijst!$Q:$Q=BP$29,"")} | BX31: {=_xlfn._xlws.FILTER(Spelerslijst!$S:$S,Spelerslijst!$Q:$Q=BP$29,"")} | BY31: {=_xlfn._xlws.FILTER(Spelerslijst!$O:$O,Spelerslijst!$Q:$Q=BP$29,"")} | CA31: {=_xlfn._xlws.FILTER(Spelerslijst!$B:$B,Spelerslijst!$F:$F=CA$29,"")} -> Brand, L (Liesbeth) | CB31: {=_xlfn._xlws.FILTER(Spelerslijst!$I:$I,Spelerslijst!$F:$F=CA$29,"")} -> 0 | CC31: {=_xlfn._xlws.FILTER(Spelerslijst!$J:$J,Spelerslijst!$F:$F=CA$29,"")} -> 0 | CD31: {=_xlfn._xlws.FILTER(Spelerslijst!$H:$H,Spelerslijst!$F:$F=CA$29,"")} -> MW1 | CE31: {=_xlfn._xlws.FILTER(Spelerslijst!$D:$D,Spelerslijst!$F:$F=CA$29,"")} -> 35.42 | CF31: {=_xlfn._xlws.FILTER(Spelerslijst!$M:$M,Spelerslijst!$Q:$Q=CA$29,"")} -> Kooij, C.W. (Wilco) | CG31: {=_xlfn._xlws.FILTER(Spelerslijst!$T:$T,Spelerslijst!$Q:$Q=CA$29,"")} -> 0 | CH31: {=_xlfn._xlws.FILTER(Spelerslijst!$U:$U,Spelerslijst!$Q:$Q=CA$29,"")} -> 0 | CI31: {=_xlfn._xlws.FILTER(Spelerslijst!$S:$S,Spelerslijst!$Q:$Q=CA$29,"")} -> MW1 | CJ31: {=_xlfn._xlws.FILTER(Spelerslijst!$O:$O,Spelerslijst!$Q:$Q=CA$29,"")} -> 50.32
X32: Leijdsman, R. (Robin) | Y32: 0 | Z32: 0 | AA32: 3 | AB32: 29.64 | AC32: Isarin, T P (Thomas) | AD32: 0 | AE32: 0 | AF32: 3 | AG32: 37.41 | AI32: Quarré, E.A. (Elena) | AJ32: 0 | AK32: 0 | AL32: 4 | AM32: 20.57 | AN32: Fasbender, T. (Tijmen) | AO32: 0 | AP32: 0 | AQ32: 4 | AR32: 22.48 | AT32: Pierse, A.W. (Anniek) | AU32: 0 | AV32: 0 | AW32: 5 | AX32: 23.81 | AY32: Flach, J.H. (Joram) | AZ32: 0 | BA32: 0 | BB32: 5 | BC32: 26.16 | BE32: Versnel, V. (Vivienne) | BF32: 0 | BG32: 0 | BH32: A3 | BI32: 20.46 | BJ32: Kooper, C. (Ché) | BK32: 0 | BL32: 0 | BM32: 6 | BN32: 23.15 | CA32: Starre-Scheurwater, K. (Kim) van der | CB32: 0 | CC32: 0 | CD32: MW1 | CE32: 36.08 | CF32: Jong, M. (Michiel) 't | CG32: 0 | CH32: 0 | CI32: MW1 | CJ32: 44.64
X33: Kalkeren-Verweij, M. (Mirthe) van | Y33: 0 | Z33: 0 | AA33: 3 | AB33: 31.13 | AC33: Houwerzijl, E. (Emiel) | AD33: 0 | AE33: 0 | AF33: 3 | AG33: 31.64 | AI33: Wensen, M. (Maud) | AJ33: 0 | AK33: 0 | AL33: 0 | AM33: 20.73 | AN33: Wietses, J. (Joël) | AO33: 0 | AP33: 0 | AQ33: 4 | AR33: 20.59 | AT33: Koote, L.D. (Laura) | AU33: 0 | AV33: 0 | AW33: 5 | AX33: 23.96 | AY33: Driel, Q. (Quinten) van | AZ33: 0 | BA33: 0 | BB33: 5 | BC33: 25.61 | BE33: Witman, K. (Kimberley) | BF33: 0 | BG33: 0 | BH33: 6 | BI33: 21.52 | BJ33: Boon, T. (Thijs) | BK33: 0 | BL33: 0 | BM33: 6 | BN33: 22.07 | CA33: Opstal-Haksteen, T.K. (Tamara) van | CB33: 0 | CC33: 0 | CD33: MW1 | CE33: 37.85 | CF33: Ploeg, H (Hans) | CG33: 0 | CH33: 0 | CI33: MW1 | CJ33: 37.92
X34: Gurp, M (Merel) van | Y34: 0 | Z34: 0 | AA34: 3 | AB34: 33.38 | AC34: Gent, L (Lex) van | AD34: 0 | AE34: 0 | AF34: 3 | AG34: 30.97 | AI34: Lievaart, C.A. (Carlijn) | AJ34: 0 | AK34: 0 | AL34: 4 | AM34: 21.23 | AN34: Lohuis, J.A. (Jens) | AO34: 0 | AP34: 0 | AQ34: 4 | AR34: 20.38 | AT34: Wit, N.M.T. (Nadia) de | AU34: 0 | AV34: 0 | AW34: 5 | AX34: 24.42 | AY34: Wijgaart, R.L.H. (Rick) van de | AZ34: 0 | BA34: 0 | BB34: 5 | BC34: 22.21 | BE34: Friebel, A. (Angela) | BF34: 0 | BG34: 0 | BH34: 6 | BI34: 23.22 | BJ34: Kuijper, D.V. (David) | BK34: 0 | BL34: 0 | BM34: 6 | BN34: 22.04 | CA34: Heesterbeek, K. (Kim) | CB34: 0 | CC34: 0 | CD34: MW1 | CE34: 38.96
X35: Ardon, L (Linda) | Y35: 0 | Z35: 0 | AA35: 3 | AB35: 33.75 | AC35: Brugge, B.R. (Bart) van der | AD35: 0 | AE35: 0 | AF35: 0 | AG35: 30.45 | AI35: Mol, L.N.A. (Laura) | AJ35: 0 | AK35: 0 | AL35: 4 | AM35: 21.75 | AN35: - Heer S1/S2 | AO35: 0 | AP35: 0 | AQ35: 0 | AR35: 6 | AT35: Wit, S.E.E. (Syrah) de | AU35: 0 | AV35: 0 | AW35: 5 | AX35: 24.42 | BE35: Dubbeld, S. (Sanne) | BF35: 0 | BG35: 0 | BH35: 6 | BI35: 23.89 | BJ35: Vlaming, J.C. (Jens) de | BK35: 0 | BL35: 0 | BM35: 6 | BN35: 22.03 | CA35: Veld, D. (Dorien) in 't | CB35: 0 | CC35: 0 | CD35: MW1 | CE35: 40.89
X36: Batenburg, H. (Hanneke) | Y36: 0 | Z36: 0 | AA36: 0 | AB36: 38.25 | AC36: Peuter, F. (Freek) | AD36: 0 | AE36: 0 | AF36: 0 | AG36: 29.69 | AI36: Dommisse, K. (Kim) | AJ36: 0 | AK36: 0 | AL36: 4 | AM36: 24.72 | AT36: Schram, L.J. (Lara) | AU36: 0 | AV36: 0 | AW36: 5 | AX36: 25.01 | BE36: Dubbeld, T. (Tessa) | BF36: 0 | BG36: 0 | BH36: 6 | BI36: 25.07 | BJ36: Koornneef, W.J. (Wouter) | BK36: 0 | BL36: 0 | BM36: 6 | BN36: 20.55
X37: Ploeg, L (Lieke) | Y37: 0 | Z37: 0 | AA37: 3 | AB37: 39.12 | AI37: - Dame S1/S2 | AJ37: 0 | AK37: 0 | AL37: 0 | AM37: 26 | BE37: Hulsker, N.M. (Nina) | BF37: 0 | BG37: 0 | BH37: S4 | BI37: 26.38 | BJ37: Koornneef, T.J. (Tommie) | BK37: 0 | BL37: 0 | BM37: A3 | BN37: 18.89
AI38: Knippenberg, R. (Rachel) | AJ38: 0 | AK38: 0 | AL38: 0 | AM38: 26.87 | BJ38: Pille, M.A. (Menno) | BK38: 0 | BL38: 0 | BM38: A3 | BN38: 18.71
AI39: Hoffman, M. (Merel) | AJ39: 0 | AK39: 0 | AL39: 0 | AM39: 126
B41: {=_xlfn._xlws.FILTER(Staf!$C:$C,Staf!$B:$B=Teamsamenstelling!B29,"")} | E41: {=_xlfn._xlws.FILTER(Staf!$A:$A,Staf!$B:$B=Teamsamenstelling!B29,"")} | M41: {=_xlfn._xlws.FILTER(Staf!$C:$C,Staf!$B:$B=Teamsamenstelling!M29,"")} | P41: {=_xlfn._xlws.FILTER(Staf!$A:$A,Staf!$B:$B=Teamsamenstelling!M29,"")} | X41: {=_xlfn._xlws.FILTER(Staf!$C:$C,Staf!$B:$B=Teamsamenstelling!X29,"")} -> Begeleider | AC41: {=_xlfn._xlws.FILTER(Staf!$A:$A,Staf!$B:$B=Teamsamenstelling!X29,"")} -> Kim Ardon | AI41: {=_xlfn._xlws.FILTER(Staf!$C:$C,Staf!$B:$B=Teamsamenstelling!AI29,"")} -> Trainer/Coach | AN41: {=_xlfn._xlws.FILTER(Staf!$A:$A,Staf!$B:$B=Teamsamenstelling!AI29,"")} -> Dio Naaktgeboren | AT41: {=_xlfn._xlws.FILTER(Staf!$C:$C,Staf!$B:$B=Teamsamenstelling!AT29,"")} | AY41: {=_xlfn._xlws.FILTER(Staf!$A:$A,Staf!$B:$B=Teamsamenstelling!AT29,"")} | BE41: {=_xlfn._xlws.FILTER(Staf!$C:$C,Staf!$B:$B=Teamsamenstelling!BE29,"")} | BJ41: {=_xlfn._xlws.FILTER(Staf!$A:$A,Staf!$B:$B=Teamsamenstelling!BE29,"")} | BP41: {=_xlfn._xlws.FILTER(Staf!$C:$C,Staf!$B:$B=Teamsamenstelling!BP29,"")} | BS41: {=_xlfn._xlws.FILTER(Staf!$A:$A,Staf!$B:$B=Teamsamenstelling!BP29,"")} | CA41: {=_xlfn._xlws.FILTER(Staf!$C:$C,Staf!$B:$B=Teamsamenstelling!CA29,"")} | CD41: {=_xlfn._xlws.FILTER(Staf!$A:$A,Staf!$B:$B=Teamsamenstelling!CA29,"")}
A45: Rood | B45: U17-1 | K45: =AVERAGE(F47:F57,K47:K57) -> #DIV/0! | M45: U17-2 | V45: =AVERAGE(Q47:Q57,V47:V57) -> #DIV/0! | X45: OW J1 | AG45: =AVERAGE(AB47:AB57,AG47:AG57) -> 16.41 | AI45: OW J2 | AR45: =AVERAGE(AM47:AM57,AR47:AR57) -> 15.423636 | AT45: -- | BC45: =AVERAGE(AX47:AX57,BC47:BC57) -> #DIV/0!
B46: =CONCATENATE("Dames (",COUNTA(E47:E55),")") -> Dames (1) | G46: =CONCATENATE("Heren (",COUNTA(J47:J55),")") -> Heren (1) | M46: =CONCATENATE("Dames (",COUNTA(P47:P55),")") -> Dames (1) | R46: =CONCATENATE("Heren (",COUNTA(U47:U55),")") -> Heren (1) | X46: =CONCATENATE("Dames (",COUNTA(AA47:AA55),")") -> Dames (6) | AC46: =CONCATENATE("Heren (",COUNTA(AF47:AF55),")") -> Heren (4) | AI46: =CONCATENATE("Dames (",COUNTA(AL47:AL55),")") -> Dames (8) | AN46: =CONCATENATE("Heren (",COUNTA(AQ47:AQ55),")") -> Heren (3) | AT46: =CONCATENATE("Dames (",COUNTA(AW47:AW55),")") -> Dames (1) | AY46: =CONCATENATE("Heren (",COUNTA(BB47:BB55),")") -> Heren (1)
B47: {=_xlfn._xlws.FILTER(Spelerslijst!$B:$B,Spelerslijst!$F:$F=B$45,"")} | C47: {=_xlfn._xlws.FILTER(Spelerslijst!$I:$I,Spelerslijst!$F:$F=B$45,"")} | D47: {=_xlfn._xlws.FILTER(Spelerslijst!$J:$J,Spelerslijst!$F:$F=B$45,"")} | E47: {=_xlfn._xlws.FILTER(Spelerslijst!$H:$H,Spelerslijst!$F:$F=B$45,"")} | F47: {=_xlfn._xlws.FILTER(Spelerslijst!$D:$D,Spelerslijst!$F:$F=B$45,"")} | G47: {=_xlfn._xlws.FILTER(Spelerslijst!$M:$M,Spelerslijst!$Q:$Q=B$45,"")} | H47: {=_xlfn._xlws.FILTER(Spelerslijst!$T:$T,Spelerslijst!$Q:$Q=B$45,"")} | I47: {=_xlfn._xlws.FILTER(Spelerslijst!$U:$U,Spelerslijst!$Q:$Q=B$45,"")} | J47: {=_xlfn._xlws.FILTER(Spelerslijst!$S:$S,Spelerslijst!$Q:$Q=B$45,"")} | K47: {=_xlfn._xlws.FILTER(Spelerslijst!$O:$O,Spelerslijst!$Q:$Q=B$45,"")} | M47: {=_xlfn._xlws.FILTER(Spelerslijst!$B:$B,Spelerslijst!$F:$F=M$45,"")} | N47: {=_xlfn._xlws.FILTER(Spelerslijst!$I:$I,Spelerslijst!$F:$F=M$45,"")} | O47: {=_xlfn._xlws.FILTER(Spelerslijst!$J:$J,Spelerslijst!$F:$F=M$45,"")} | P47: {=_xlfn._xlws.FILTER(Spelerslijst!$H:$H,Spelerslijst!$F:$F=M$45,"")} | Q47: {=_xlfn._xlws.FILTER(Spelerslijst!$D:$D,Spelerslijst!$F:$F=M$45,"")} | R47: {=_xlfn._xlws.FILTER(Spelerslijst!$M:$M,Spelerslijst!$Q:$Q=M$45,"")} | S47: {=_xlfn._xlws.FILTER(Spelerslijst!$T:$T,Spelerslijst!$Q:$Q=M$45,"")} | T47: {=_xlfn._xlws.FILTER(Spelerslijst!$U:$U,Spelerslijst!$Q:$Q=M$45,"")} | U47: {=_xlfn._xlws.FILTER(Spelerslijst!$S:$S,Spelerslijst!$Q:$Q=M$45,"")} | V47: {=_xlfn._xlws.FILTER(Spelerslijst!$O:$O,Spelerslijst!$Q:$Q=M$45,"")} | X47: {=_xlfn._xlws.FILTER(Spelerslijst!$B:$B,Spelerslijst!$F:$F=X$45,"")} -> Dekker, J. (Jordan) | Y47: {=_xlfn._xlws.FILTER(Spelerslijst!$I:$I,Spelerslijst!$F:$F=X$45,"")} -> 0 | Z47: {=_xlfn._xlws.FILTER(Spelerslijst!$J:$J,Spelerslijst!$F:$F=X$45,"")} -> 0 | AA47: {=_xlfn._xlws.FILTER(Spelerslijst!$H:$H,Spelerslijst!$F:$F=X$45,"")} -> - | AB47: {=_xlfn._xlws.FILTER(Spelerslijst!$D:$D,Spelerslijst!$F:$F=X$45,"")} -> 15.56 | AC47: {=_xlfn._xlws.FILTER(Spelerslijst!$M:$M,Spelerslijst!$Q:$Q=X$45,"")} -> Jongh, M. (Matthijs) de | AD47: {=_xlfn._xlws.FILTER(Spelerslijst!$T:$T,Spelerslijst!$Q:$Q=X$45,"")} -> 0 | AE47: {=_xlfn._xlws.FILTER(Spelerslijst!$U:$U,Spelerslijst!$Q:$Q=X$45,"")} -> 0 | AF47: {=_xlfn._xlws.FILTER(Spelerslijst!$S:$S,Spelerslijst!$Q:$Q=X$45,"")} -> A3 | AG47: {=_xlfn._xlws.FILTER(Spelerslijst!$O:$O,Spelerslijst!$Q:$Q=X$45,"")} -> 18.23 | AI47: {=_xlfn._xlws.FILTER(Spelerslijst!$B:$B,Spelerslijst!$F:$F=AI$45,"")} -> Jongkind, P. (Pippa) | AJ47: {=_xlfn._xlws.FILTER(Spelerslijst!$I:$I,Spelerslijst!$F:$F=AI$45,"")} -> 0 | AK47: {=_xlfn._xlws.FILTER(Spelerslijst!$J:$J,Spelerslijst!$F:$F=AI$45,"")} -> 0 | AL47: {=_xlfn._xlws.FILTER(Spelerslijst!$H:$H,Spelerslijst!$F:$F=AI$45,"")} -> B4 | AM47: {=_xlfn._xlws.FILTER(Spelerslijst!$D:$D,Spelerslijst!$F:$F=AI$45,"")} -> 14.31 | AN47: {=_xlfn._xlws.FILTER(Spelerslijst!$M:$M,Spelerslijst!$Q:$Q=AI$45,"")} -> Quarre, S.M. (Stephan) | AO47: {=_xlfn._xlws.FILTER(Spelerslijst!$T:$T,Spelerslijst!$Q:$Q=AI$45,"")} -> 0 | AP47: {=_xlfn._xlws.FILTER(Spelerslijst!$U:$U,Spelerslijst!$Q:$Q=AI$45,"")} -> 0 | AQ47: {=_xlfn._xlws.FILTER(Spelerslijst!$S:$S,Spelerslijst!$Q:$Q=AI$45,"")} -> B3 | AR47: {=_xlfn._xlws.FILTER(Spelerslijst!$O:$O,Spelerslijst!$Q:$Q=AI$45,"")} -> 16.82 | AT47: {=_xlfn._xlws.FILTER(Spelerslijst!$B:$B,Spelerslijst!$F:$F=AT45,"")} | AU47: {=_xlfn._xlws.FILTER(Spelerslijst!$I:$I,Spelerslijst!$F:$F=AT$45,"")} | AV47: {=_xlfn._xlws.FILTER(Spelerslijst!$J:$J,Spelerslijst!$F:$F=AT$45,"")} | AW47: {=_xlfn._xlws.FILTER(Spelerslijst!$H:$H,Spelerslijst!$F:$F=AT45,"")} | AX47: {=_xlfn._xlws.FILTER(Spelerslijst!$D:$D,Spelerslijst!$F:$F=AT45,"")} | AY47: {=_xlfn._xlws.FILTER(Spelerslijst!$M:$M,Spelerslijst!$Q:$Q=AT45,"")} | AZ47: {=_xlfn._xlws.FILTER(Spelerslijst!$T:$T,Spelerslijst!$Q:$Q=AT$45,"")} | BA47: {=_xlfn._xlws.FILTER(Spelerslijst!$U:$U,Spelerslijst!$Q:$Q=AT$45,"")} | BB47: {=_xlfn._xlws.FILTER(Spelerslijst!$S:$S,Spelerslijst!$Q:$Q=AT45,"")} | BC47: {=_xlfn._xlws.FILTER(Spelerslijst!$O:$O,Spelerslijst!$Q:$Q=AT45,"")}
X48: Peters, S.N. (Sanne) | Y48: 0 | Z48: 0 | AA48: B4 | AB48: 15.74 | AC48: Kuijper, R.A. (Raoul) | AD48: 0 | AE48: 0 | AF48: A3 | AG48: 17.5 | AI48: Bergh, M.J. (Marit) van den | AJ48: 0 | AK48: 0 | AL48: B3 | AM48: 15.01 | AN48: Linden, J.W.P. (Jurre) van der | AO48: 0 | AP48: 0 | AQ48: B4 | AR48: 15.65
X49: Dongen, M.J. (Madelief) van | Y49: 0 | Z49: 0 | AA49: B3 | AB49: 16.1 | AC49: Afsharbegloe, P. (Parham) | AD49: 0 | AE49: 0 | AF49: B4 | AG49: 16.23 | AI49: Wiel, D.N. (Danique) van der | AJ49: 0 | AK49: 0 | AL49: B3 | AM49: 15.01 | AN49: Post, J.M. (Joaz) | AO49: 0 | AP49: 0 | AQ49: B3 | AR49: 15.64
X50: Zwanenburg, R.J. (Robin) | Y50: 0 | Z50: 0 | AA50: A3 | AB50: 16.22 | AC50: Heeren, D. (Djess) van | AD50: 0 | AE50: 0 | AF50: B4 | AG50: 15.79 | AI50: Bouwknegt, E.L. (Enora) | AJ50: 0 | AK50: 0 | AL50: B3 | AM50: 15.09
X51: Veenendaal, E. (Eline) | Y51: 0 | Z51: 0 | AA51: B4 | AB51: 16.28 | AI51: Baas, N.J. (Nikki) | AJ51: 0 | AK51: 0 | AL51: B3 | AM51: 15.12
X52: Kamerman, Z. (Zoë) | Y52: 0 | Z52: 0 | AA52: A3 | AB52: 16.45 | AI52: Bakker, F. (Femke) | AJ52: 0 | AK52: 0 | AL52: B3 | AM52: 15.55
AI53: Groen, E. (Evie) | AJ53: 0 | AK53: 0 | AL53: B4 | AM53: 15.59
AI54: Vercouteren, N. (Noortje) | AJ54: 0 | AK54: 0 | AL54: B4 | AM54: 15.87
B56: {=_xlfn._xlws.FILTER(Staf!$C:$C,Staf!$B:$B=Teamsamenstelling!B45,"")} | G56: {=_xlfn._xlws.FILTER(Staf!$A:$A,Staf!$B:$B=Teamsamenstelling!B45,"")} | M56: {=_xlfn._xlws.FILTER(Staf!$C:$C,Staf!$B:$B=Teamsamenstelling!M45,"")} | R56: {=_xlfn._xlws.FILTER(Staf!$A:$A,Staf!$B:$B=Teamsamenstelling!M45,"")} | X56: {=_xlfn._xlws.FILTER(Staf!$C:$C,Staf!$B:$B=Teamsamenstelling!X45,"")} -> Trainer/Coach | AC56: {=_xlfn._xlws.FILTER(Staf!$A:$A,Staf!$B:$B=Teamsamenstelling!X45,"")} -> Luuk Baars | AI56: {=_xlfn._xlws.FILTER(Staf!$C:$C,Staf!$B:$B=Teamsamenstelling!AI45,"")} -> Trainer/Coach | AN56: {=_xlfn._xlws.FILTER(Staf!$A:$A,Staf!$B:$B=Teamsamenstelling!AI45,"")} -> Martijn van der Wiel | AT56: {=_xlfn._xlws.FILTER(Staf!$C:$C,Staf!$B:$B=Teamsamenstelling!AT45,"")} | AY56: {=_xlfn._xlws.FILTER(Staf!$A:$A,Staf!$B:$B=Teamsamenstelling!AT45,"")}
X57: Trainer/Coach | AC57: Maud van Wensen
A60: Oranje | B60: U15-1 | K60: =AVERAGE(F62:F73,K62:K73) -> 14.205556 | M60: OW J3 | V60: =AVERAGE(Q62:Q73,V62:V73) -> 14.140909 | X60: OW J4 | AG60: =AVERAGE(AB62:AB73,AG62:AG73) -> 13.864 | AI60: OW J5 | AR60: =AVERAGE(AM62:AM73,AR62:AR73) -> 12.633636 | AT60: OW J6 | BC60: =AVERAGE(AX62:AX73,BC62:BC73) -> 12.615
B61: =CONCATENATE("Dames (",COUNTA(E62:E71),")") -> Dames (4) | G61: =CONCATENATE("Heren (",COUNTA(J62:J71),")") -> Heren (5) | M61: =CONCATENATE("Dames (",COUNTA(P62:P71),")") -> Dames (6) | R61: =CONCATENATE("Heren (",COUNTA(U62:U71),")") -> Heren (5) | X61: =CONCATENATE("Dames (",COUNTA(AA62:AA71),")") -> Dames (7) | AC61: =CONCATENATE("Heren (",COUNTA(AF62:AF71),")") -> Heren (3) | AI61: =CONCATENATE("Dames (",COUNTA(AL62:AL71),")") -> Dames (8) | AN61: =CONCATENATE("Heren (",COUNTA(AQ62:AQ71),")") -> Heren (3) | AT61: =CONCATENATE("Dames (",COUNTA(AW62:AW71),")") -> Dames (6) | AY61: =CONCATENATE("Heren (",COUNTA(BB62:BB71),")") -> Heren (4)
B62: {=_xlfn._xlws.FILTER(Spelerslijst!$B:$B,Spelerslijst!$F:$F=B$60,"")} -> Rooij, E.J. (Eva) van | C62: {=_xlfn._xlws.FILTER(Spelerslijst!$I:$I,Spelerslijst!$F:$F=B$60,"")} -> 0 | D62: {=_xlfn._xlws.FILTER(Spelerslijst!$J:$J,Spelerslijst!$F:$F=B$60,"")} -> 0 | E62: {=_xlfn._xlws.FILTER(Spelerslijst!$H:$H,Spelerslijst!$F:$F=B$60,"")} -> C1 | F62: {=_xlfn._xlws.FILTER(Spelerslijst!$D:$D,Spelerslijst!$F:$F=B$60,"")} -> 13.29 | G62: {=_xlfn._xlws.FILTER(Spelerslijst!$M:$M,Spelerslijst!$Q:$Q=B$60,"")} -> Belder, L. (Lenn) | H62: {=_xlfn._xlws.FILTER(Spelerslijst!$T:$T,Spelerslijst!$Q:$Q=B$60,"")} -> 0 | I62: {=_xlfn._xlws.FILTER(Spelerslijst!$U:$U,Spelerslijst!$Q:$Q=B$60,"")} -> 0 | J62: {=_xlfn._xlws.FILTER(Spelerslijst!$S:$S,Spelerslijst!$Q:$Q=B$60,"")} -> C1 | K62: {=_xlfn._xlws.FILTER(Spelerslijst!$O:$O,Spelerslijst!$Q:$Q=B$60,"")} -> 14.96 | M62: {=_xlfn._xlws.FILTER(Spelerslijst!$B:$B,Spelerslijst!$F:$F=M$60,"")} -> Littooij, F.R. (Feline) | N62: {=_xlfn._xlws.FILTER(Spelerslijst!$I:$I,Spelerslijst!$F:$F=M$60,"")} -> 0 | O62: {=_xlfn._xlws.FILTER(Spelerslijst!$J:$J,Spelerslijst!$F:$F=M$60,"")} -> 0 | P62: {=_xlfn._xlws.FILTER(Spelerslijst!$H:$H,Spelerslijst!$F:$F=M$60,"")} -> C3 | Q62: {=_xlfn._xlws.FILTER(Spelerslijst!$D:$D,Spelerslijst!$F:$F=M$60,"")} -> 13.31 | R62: {=_xlfn._xlws.FILTER(Spelerslijst!$M:$M,Spelerslijst!$Q:$Q=M$60,"")} -> Kerschkamp, M. (Mika) | S62: {=_xlfn._xlws.FILTER(Spelerslijst!$T:$T,Spelerslijst!$Q:$Q=M$60,"")} -> 0 | T62: {=_xlfn._xlws.FILTER(Spelerslijst!$U:$U,Spelerslijst!$Q:$Q=M$60,"")} -> 0 | U62: {=_xlfn._xlws.FILTER(Spelerslijst!$S:$S,Spelerslijst!$Q:$Q=M$60,"")} -> C3 | V62: {=_xlfn._xlws.FILTER(Spelerslijst!$O:$O,Spelerslijst!$Q:$Q=M$60,"")} -> 14.99 | X62: {=_xlfn._xlws.FILTER(Spelerslijst!$B:$B,Spelerslijst!$F:$F=X$60,"")} -> Bakker, A. (Anouk) | Y62: {=_xlfn._xlws.FILTER(Spelerslijst!$I:$I,Spelerslijst!$F:$F=X$60,"")} -> 0 | Z62: {=_xlfn._xlws.FILTER(Spelerslijst!$J:$J,Spelerslijst!$F:$F=X$60,"")} -> 0 | AA62: {=_xlfn._xlws.FILTER(Spelerslijst!$H:$H,Spelerslijst!$F:$F=X$60,"")} -> C2 | AB62: {=_xlfn._xlws.FILTER(Spelerslijst!$D:$D,Spelerslijst!$F:$F=X$60,"")} -> 13.16 | AC62: {=_xlfn._xlws.FILTER(Spelerslijst!$M:$M,Spelerslijst!$Q:$Q=X$60,"")} -> Vos, T. (Thijs) | AD62: {=_xlfn._xlws.FILTER(Spelerslijst!$T:$T,Spelerslijst!$Q:$Q=X$60,"")} -> 0 | AE62: {=_xlfn._xlws.FILTER(Spelerslijst!$U:$U,Spelerslijst!$Q:$Q=X$60,"")} -> 0 | AF62: {=_xlfn._xlws.FILTER(Spelerslijst!$S:$S,Spelerslijst!$Q:$Q=X$60,"")} -> C2 | AG62: {=_xlfn._xlws.FILTER(Spelerslijst!$O:$O,Spelerslijst!$Q:$Q=X$60,"")} -> 14.32 | AI62: {=_xlfn._xlws.FILTER(Spelerslijst!$B:$B,Spelerslijst!$F:$F=AI$60,"")} -> Exalto, L.B.C. (Lisa) | AJ62: {=_xlfn._xlws.FILTER(Spelerslijst!$I:$I,Spelerslijst!$F:$F=AI$60,"")} -> 0 | AK62: {=_xlfn._xlws.FILTER(Spelerslijst!$J:$J,Spelerslijst!$F:$F=AI$60,"")} -> 0 | AL62: {=_xlfn._xlws.FILTER(Spelerslijst!$H:$H,Spelerslijst!$F:$F=AI$60,"")} -> D2 | AM62: {=_xlfn._xlws.FILTER(Spelerslijst!$D:$D,Spelerslijst!$F:$F=AI$60,"")} -> 11.54 | AN62: {=_xlfn._xlws.FILTER(Spelerslijst!$M:$M,Spelerslijst!$Q:$Q=AI$60,"")} -> Uljee, C. (Cas) | AO62: {=_xlfn._xlws.FILTER(Spelerslijst!$T:$T,Spelerslijst!$Q:$Q=AI$60,"")} -> 0 | AP62: {=_xlfn._xlws.FILTER(Spelerslijst!$U:$U,Spelerslijst!$Q:$Q=AI$60,"")} -> 0 | AQ62: {=_xlfn._xlws.FILTER(Spelerslijst!$S:$S,Spelerslijst!$Q:$Q=AI$60,"")} -> D2 | AR62: {=_xlfn._xlws.FILTER(Spelerslijst!$O:$O,Spelerslijst!$Q:$Q=AI$60,"")} -> 12.99 | AT62: {=_xlfn._xlws.FILTER(Spelerslijst!$B:$B,Spelerslijst!$F:$F=AT$60,"")} -> Wiel, Y.J. (Yara) van der | AU62: {=_xlfn._xlws.FILTER(Spelerslijst!$I:$I,Spelerslijst!$F:$F=AT$60,"")} -> 0 | AV62: {=_xlfn._xlws.FILTER(Spelerslijst!$J:$J,Spelerslijst!$F:$F=AT$60,"")} -> 0 | AW62: {=_xlfn._xlws.FILTER(Spelerslijst!$H:$H,Spelerslijst!$F:$F=AT$60,"")} -> D1 | AX62: {=_xlfn._xlws.FILTER(Spelerslijst!$D:$D,Spelerslijst!$F:$F=AT$60,"")} -> 12.28 | AY62: {=_xlfn._xlws.FILTER(Spelerslijst!$M:$M,Spelerslijst!$Q:$Q=AT$60,"")} -> Verberkt, N. (Nathan) | AZ62: {=_xlfn._xlws.FILTER(Spelerslijst!$T:$T,Spelerslijst!$Q:$Q=AT$60,"")} -> 0 | BA62: {=_xlfn._xlws.FILTER(Spelerslijst!$U:$U,Spelerslijst!$Q:$Q=AT$60,"")} -> 0 | BB62: {=_xlfn._xlws.FILTER(Spelerslijst!$S:$S,Spelerslijst!$Q:$Q=AT$60,"")} -> D1 | BC62: {=_xlfn._xlws.FILTER(Spelerslijst!$O:$O,Spelerslijst!$Q:$Q=AT$60,"")} -> 12.98
B63: Waard, O.J. (Olivia) de | C63: 0 | D63: 0 | E63: C1 | F63: 13.92 | G63: Dekker, T.J. (Tiemen) den | H63: 0 | I63: 0 | J63: C1 | K63: 14.77 | M63: Gerritsen, K. (Kayleigh) | N63: 0 | O63: 0 | P63: C3 | Q63: 13.78 | R63: Molendijk, L. (Levi) | S63: 0 | T63: 0 | U63: C3 | V63: 14.46 | X63: Dekker, J. (Jodie) | Y63: 0 | Z63: 0 | AA63: - | AB63: 13.39 | AC63: Ameijden, J. (Joep) van | AD63: 0 | AE63: 0 | AF63: C2 | AG63: 13.94 | AI63: Brouwer, E.N. (Noor) | AJ63: 0 | AK63: 0 | AL63: D2 | AM63: 12.18 | AN63: Kuling, F. (Fynn) | AO63: 0 | AP63: 0 | AQ63: D2 | AR63: 12.72 | AT63: Tims, F. (Fay) | AU63: 0 | AV63: 0 | AW63: D1 | AX63: 12.44 | AY63: Bemer, F.G.L. (Falco) | AZ63: 0 | BA63: 0 | BB63: D1 | BC63: 12.93
B64: Camphens, S. (Saar) | C64: 0 | D64: 0 | E64: C1 | F64: 14.33 | G64: Heersping, S. (Sander) | H64: 0 | I64: 0 | J64: C1 | K64: 14.28 | M64: Wietses, E.A.E. (Ester) | N64: 0 | O64: 0 | P64: 0 | Q64: 13.97 | R64: Croes, A.A. (Aidric) | S64: 0 | T64: 0 | U64: C3 | V64: 14.25 | X64: Rijswijk, F. (Fenna) van | Y64: 0 | Z64: 0 | AA64: C2 | AB64: 13.56 | AC64: Vos, J. (Juda) | AD64: 0 | AE64: 0 | AF64: C2 | AG64: 13.42 | AI64: Bergh, L.J. (Jolijn) van den | AJ64: 0 | AK64: 0 | AL64: D2 | AM64: 12.19 | AN64: Veenendaal, M. (Martijn) | AO64: 0 | AP64: 0 | AQ64: D2 | AR64: 12.08 | AT64: Boer, L. (Layla) de | AU64: 0 | AV64: 0 | AW64: D1 | AX64: 12.45 | AY64: Bemer, T.R.S (Tygo) | AZ64: 0 | BA64: 0 | BB64: D1 | BC64: 12.93
B65: Nijman, F.J.J. (Famke) | C65: 0 | D65: 0 | E65: C2 | F65: 14.51 | G65: Reus, M.F. (Matthijs) de | H65: 0 | I65: 0 | J65: C2 | K65: 14.16 | M65: Lotgerink, A. (Anne-Sophie) | N65: 0 | O65: 0 | P65: C3 | Q65: 13.99 | R65: Weijde, D. (Daan) van der | S65: 0 | T65: 0 | U65: C3 | V65: 14.17 | X65: Exalto, L. (Laura) | Y65: 0 | Z65: 0 | AA65: C2 | AB65: 13.62 | AI65: Rooij, N. (Nora) van | AJ65: 0 | AK65: 0 | AL65: 0 | AM65: 12.23 | AT65: Kleingeld, E. (Evi) | AU65: 0 | AV65: 0 | AW65: D1 | AX65: 12.64 | AY65: Ven, A. (Abel) van de | AZ65: 0 | BA65: 0 | BB65: D1 | BC65: 11.92
G66: Laban, F.C. (Freek) | H66: 0 | I66: 0 | J66: C1 | K66: 13.63 | M66: Grandia, R.(Rolina) | N66: 0 | O66: 0 | P66: 0 | Q66: 14.08 | R66: Haseth, F.M. (Finn) de | S66: 0 | T66: 0 | U66: C3 | V66: 13.7 | X66: Bezemer, E.R. (Eva) | Y66: 0 | Z66: 0 | AA66: C2 | AB66: 13.71 | AI66: Uljee, T. (Tess) | AJ66: 0 | AK66: 0 | AL66: D2 | AM66: 12.99 | AT66: Moniz, D. (Davina) | AU66: 0 | AV66: 0 | AW66: D1 | AX66: 12.66
M67: Jansen, L. (Lieke) | N67: 0 | O67: 0 | P67: 0 | Q67: 14.85 | X67: Driel, S. (Sanne) van | Y67: 0 | Z67: 0 | AA67: C2 | AB67: 14.57 | AI67: Markusse, M. (Milou) | AJ67: 0 | AK67: 0 | AL67: C3 | AM67: 13.26 | AT67: Geldrop, I.I. (Imke) van | AU67: 0 | AV67: 0 | AW67: D1 | AX67: 12.92
X68: Vaartmans, B. (Britt) | Y68: 0 | Z68: 0 | AA68: - | AB68: 14.95 | AI68: Naeije, L. (Lisanne) | AJ68: 0 | AK68: 0 | AL68: C3 | AM68: 13.34
AI69: Ehmila, J. (Jenna) | AJ69: 0 | AK69: 0 | AL69: C3 | AM69: 13.45
B72: {=_xlfn._xlws.FILTER(Staf!$C:$C,Staf!$B:$B=Teamsamenstelling!B60,"")} -> Trainer/Coach | G72: {=_xlfn._xlws.FILTER(Staf!$A:$A,Staf!$B:$B=Teamsamenstelling!B60,"")} -> Milou Oppe | M72: {=_xlfn._xlws.FILTER(Staf!$C:$C,Staf!$B:$B=Teamsamenstelling!M60,"")} -> Trainer/Coach | R72: {=_xlfn._xlws.FILTER(Staf!$A:$A,Staf!$B:$B=Teamsamenstelling!M60,"")} -> Chris Gerritsen | X72: {=_xlfn._xlws.FILTER(Staf!$C:$C,Staf!$B:$B=Teamsamenstelling!X60,"")} -> Trainer/Coach | AC72: {=_xlfn._xlws.FILTER(Staf!$A:$A,Staf!$B:$B=Teamsamenstelling!X60,"")} -> Niek Driesprong | AI72: {=_xlfn._xlws.FILTER(Staf!$C:$C,Staf!$B:$B=Teamsamenstelling!AI60,"")} -> Trainer/Coach | AN72: {=_xlfn._xlws.FILTER(Staf!$A:$A,Staf!$B:$B=Teamsamenstelling!AI60,"")} -> Justin Vos | AT72: {=_xlfn._xlws.FILTER(Staf!$C:$C,Staf!$B:$B=Teamsamenstelling!AT60,"")} -> Trainer/Coach | AY72: {=_xlfn._xlws.FILTER(Staf!$A:$A,Staf!$B:$B=Teamsamenstelling!AT60,"")} -> Kimberley Witman
B73: Trainer/Coach | G73: Rob van Dongen | M73: Trainer/Coach | R73: Fieneke Lotgerink | X73: Trainer/Coach | AC73: Seth vd Burgt | AI73: Trainer/Coach | AN73: Sara Boshoven | AT73: Trainer/Coach | AY73: Robert Koster
X74: Trainer/Coach | AC74: Sophie Kilsdonk | AT74: Trainer/Coach | AY74: Senne Koster
A76: Geel | B76: OW J7 | K76: =AVERAGE(F78:F88,K78:K88) -> 11.988 | M76: OW J8 | V76: =AVERAGE(Q78:Q88,V78:V88) -> 11.685556 | X76: OW J9 | AG76: =AVERAGE(AB78:AB88,AG78:AG88) -> 11.115556 | AI76: OW J10 | AR76: =AVERAGE(AM78:AM88,AR78:AR88) -> 10.456667 | AT76: X | BC76: =AVERAGE(AX78:AX88,BC78:BC88) -> #DIV/0!
B77: =CONCATENATE("Dames (",COUNTA(E78:E86),")") -> Dames (5) | G77: =CONCATENATE("Heren (",COUNTA(J78:J86),")") -> Heren (5) | M77: =CONCATENATE("Dames (",COUNTA(P78:P86),")") -> Dames (4) | R77: =CONCATENATE("Heren (",COUNTA(U78:U86),")") -> Heren (5) | X77: =CONCATENATE("Dames (",COUNTA(AA78:AA84),")") -> Dames (5) | AC77: =CONCATENATE("Heren (",COUNTA(AF78:AF86),")") -> Heren (4) | AI77: =CONCATENATE("Dames (",COUNTA(AL78:AL86),")") -> Dames (4) | AN77: =CONCATENATE("Heren (",COUNTA(AQ78:AQ86),")") -> Heren (5) | AT77: =CONCATENATE("Dames (",COUNTA(AW78:AW86),")") -> Dames (1) | AY77: =CONCATENATE("Heren (",COUNTA(BB78:BB86),")") -> Heren (1)
B78: {=_xlfn._xlws.FILTER(Spelerslijst!$B:$B,Spelerslijst!$F:$F=B$76,"")} -> Dijl, B.E.I. (Benthe) van | C78: {=_xlfn._xlws.FILTER(Spelerslijst!$I:$I,Spelerslijst!$F:$F=B$76,"")} -> 0 | D78: {=_xlfn._xlws.FILTER(Spelerslijst!$J:$J,Spelerslijst!$F:$F=B$76,"")} -> 0 | E78: {=_xlfn._xlws.FILTER(Spelerslijst!$H:$H,Spelerslijst!$F:$F=B$76,"")} -> D4 | F78: {=_xlfn._xlws.FILTER(Spelerslijst!$D:$D,Spelerslijst!$F:$F=B$76,"")} -> 11.44 | G78: {=_xlfn._xlws.FILTER(Spelerslijst!$M:$M,Spelerslijst!$Q:$Q=B$76,"")} -> Weijde, L. (Lukas) van der | H78: {=_xlfn._xlws.FILTER(Spelerslijst!$T:$T,Spelerslijst!$Q:$Q=B$76,"")} -> 0 | I78: {=_xlfn._xlws.FILTER(Spelerslijst!$U:$U,Spelerslijst!$Q:$Q=B$76,"")} -> 0 | J78: {=_xlfn._xlws.FILTER(Spelerslijst!S:S,Spelerslijst!$Q:$Q=B$76,"")} -> D4 | K78: {=_xlfn._xlws.FILTER(Spelerslijst!$O:$O,Spelerslijst!$Q:$Q=B$76,"")} -> 11.85 | M78: {=_xlfn._xlws.FILTER(Spelerslijst!$B:$B,Spelerslijst!$F:$F=M$76,"")} -> Dongen, P. (Pien) van | N78: {=_xlfn._xlws.FILTER(Spelerslijst!$I:$I,Spelerslijst!$F:$F=M$76,"")} -> 0 | O78: {=_xlfn._xlws.FILTER(Spelerslijst!$J:$J,Spelerslijst!$F:$F=M$76,"")} -> 0 | P78: {=_xlfn._xlws.FILTER(Spelerslijst!$H:$H,Spelerslijst!$F:$F=M$76,"")} -> D3 | Q78: {=_xlfn._xlws.FILTER(Spelerslijst!$D:$D,Spelerslijst!$F:$F=M$76,"")} -> 11.28 | R78: {=_xlfn._xlws.FILTER(Spelerslijst!$M:$M,Spelerslijst!$Q:$Q=M$76,"")} -> Rest, L.J. (Lucas) van de | S78: {=_xlfn._xlws.FILTER(Spelerslijst!$T:$T,Spelerslijst!$Q:$Q=M$76,"")} -> 0 | T78: {=_xlfn._xlws.FILTER(Spelerslijst!$U:$U,Spelerslijst!$Q:$Q=M$76,"")} -> 0 | U78: {=_xlfn._xlws.FILTER(Spelerslijst!$S:$S,Spelerslijst!$Q:$Q=M$76,"")} -> D3 | V78: {=_xlfn._xlws.FILTER(Spelerslijst!$O:$O,Spelerslijst!$Q:$Q=M$76,"")} -> 11.94 | X78: {=_xlfn._xlws.FILTER(Spelerslijst!$B:$B,Spelerslijst!$F:$F=X$76,"")} -> Mans, R. (Robin) | Y78: {=_xlfn._xlws.FILTER(Spelerslijst!$I:$I,Spelerslijst!$F:$F=X$76,"")} -> 0 | Z78: {=_xlfn._xlws.FILTER(Spelerslijst!$J:$J,Spelerslijst!$F:$F=X$76,"")} -> 0 | AA78: {=_xlfn._xlws.FILTER(Spelerslijst!$H:$H,Spelerslijst!$F:$F=X$76,"")} -> E1 | AB78: {=_xlfn._xlws.FILTER(Spelerslijst!$D:$D,Spelerslijst!$F:$F=X$76,"")} -> 10.33 | AC78: {=_xlfn._xlws.FILTER(Spelerslijst!$M:$M,Spelerslijst!$Q:$Q=X$76,"")} -> Winter, L.P. (Lars) | AD78: {=_xlfn._xlws.FILTER(Spelerslijst!$T:$T,Spelerslijst!$Q:$Q=X$76,"")} -> 0 | AE78: {=_xlfn._xlws.FILTER(Spelerslijst!$U:$U,Spelerslijst!$Q:$Q=X$76,"")} -> 0 | AF78: {=_xlfn._xlws.FILTER(Spelerslijst!$S:$S,Spelerslijst!$Q:$Q=X$76,"")} -> D2 | AG78: {=_xlfn._xlws.FILTER(Spelerslijst!$O:$O,Spelerslijst!$Q:$Q=X$76,"")} -> 11.87 | AI78: {=_xlfn._xlws.FILTER(Spelerslijst!$B:$B,Spelerslijst!$F:$F=AI$76,"")} -> Bergh, A.J. (Aniek) van den | AJ78: {=_xlfn._xlws.FILTER(Spelerslijst!$I:$I,Spelerslijst!$F:$F=AI$76,"")} -> 0 | AK78: {=_xlfn._xlws.FILTER(Spelerslijst!$J:$J,Spelerslijst!$F:$F=AI$76,"")} -> 0 | AL78: {=_xlfn._xlws.FILTER(Spelerslijst!$H:$H,Spelerslijst!$F:$F=AI$76,"")} -> E2 | AM78: {=_xlfn._xlws.FILTER(Spelerslijst!$D:$D,Spelerslijst!$F:$F=AI$76,"")} -> 10.17 | AN78: {=_xlfn._xlws.FILTER(Spelerslijst!$M:$M,Spelerslijst!$Q:$Q=AI$76,"")} -> Verberkt, G.J. (Gideon) | AO78: {=_xlfn._xlws.FILTER(Spelerslijst!$T:$T,Spelerslijst!$Q:$Q=AI$76,"")} -> 0 | AP78: {=_xlfn._xlws.FILTER(Spelerslijst!$U:$U,Spelerslijst!$Q:$Q=AI$76,"")} -> 0 | AQ78: {=_xlfn._xlws.FILTER(Spelerslijst!$S:$S,Spelerslijst!$Q:$Q=AI$76,"")} -> E2 | AR78: {=_xlfn._xlws.FILTER(Spelerslijst!$O:$O,Spelerslijst!$Q:$Q=AI$76,"")} -> 10.98 | AT78: {=_xlfn._xlws.FILTER(Spelerslijst!$B:$B,Spelerslijst!$F:$F=AT$76,"")} | AU78: {=_xlfn._xlws.FILTER(Spelerslijst!$I:$I,Spelerslijst!$F:$F=AT$76,"")} | AV78: {=_xlfn._xlws.FILTER(Spelerslijst!$J:$J,Spelerslijst!$F:$F=AT$76,"")} | AW78: {=_xlfn._xlws.FILTER(Spelerslijst!$H:$H,Spelerslijst!$F:$F=AT$76,"")} | AX78: {=_xlfn._xlws.FILTER(Spelerslijst!$D:$D,Spelerslijst!$F:$F=AT$76,"")} | AY78: {=_xlfn._xlws.FILTER(Spelerslijst!$M:$M,Spelerslijst!$Q:$Q=AT$76,"")} | AZ78: {=_xlfn._xlws.FILTER(Spelerslijst!$T:$T,Spelerslijst!$Q:$Q=AT$76,"")} | BA78: {=_xlfn._xlws.FILTER(Spelerslijst!$U:$U,Spelerslijst!$Q:$Q=AT$76,"")} | BB78: {=_xlfn._xlws.FILTER(Spelerslijst!$S:$S,Spelerslijst!$Q:$Q=AT$76,"")} | BC78: {=_xlfn._xlws.FILTER(Spelerslijst!$O:$O,Spelerslijst!$Q:$Q=AT$76,"")}
B79: Schot, E. (Emma) | C79: 0 | D79: 0 | E79: D4 | F79: 12.15 | G79: Koppelaar, C. (Collin) | H79: 0 | I79: 0 | J79: D4 | K79: 11.74 | M79: Vos, J. (Jeslynn) | N79: 0 | O79: 0 | P79: D3 | Q79: 11.85 | R79: Bosch, A. (Ayden) van den | S79: 0 | T79: 0 | U79: D3 | V79: 11.82 | X79: Rebollo, T. (Tess) | Y79: 0 | Z79: 0 | AA79: E1 | AB79: 10.71 | AC79: Dijkstra, R.J. (Ralf) | AD79: 0 | AE79: 0 | AF79: D4 | AG79: 11.77 | AI79: Torbali, N. (Nehir) | AJ79: 0 | AK79: 0 | AL79: E2 | AM79: 10.3 | AN79: Boekee, R.D. (Rens) | AO79: 0 | AP79: 0 | AQ79: E2 | AR79: 10.58
B80: Kombe, F.N. (Nurefsan) | C80: 0 | D80: 0 | E80: D4 | F80: 12.57 | G80: Jongkind, J.M. (Joep) | H80: 0 | I80: 0 | J80: D4 | K80: 11.67 | M80: Dekker, J. (Jaimey) | N80: 0 | O80: 0 | P80: - | Q80: 11.88 | R80: Ameijden, M. (Morris) van | S80: 0 | T80: 0 | U80: D3 | V80: 11.61 | X80: Kleingeld, S. (Sofie) | Y80: 0 | Z80: 0 | AA80: E1 | AB80: 10.75 | AC80: Hoedelmans, T. (Tobias) | AD80: 0 | AE80: 0 | AF80: D2 | AG80: 11.73 | AI80: Twist, J.J. (Julia) van | AJ80: 0 | AK80: 0 | AL80: E2 | AM80: 10.37 | AN80: Weijde, J. (Jasper) van der | AO80: 0 | AP80: 0 | AQ80: E3 | AR80: 10.58
B81: Niehof, E. (Elske) | C81: 0 | D81: 0 | E81: D4 | F81: 12.81 | G81: Jongkind, S.C. (Sepp) | H81: 0 | I81: 0 | J81: D4 | K81: 11.67 | M81: Linden, I. (Ize) van der | N81: 0 | O81: 0 | P81: D3 | Q81: 11.94 | R81: Everaarts, L. (Levi) | S81: 0 | T81: 0 | U81: D3 | V81: 11.47 | X81: Laban, M. (Maartje) | Y81: 0 | Z81: 0 | AA81: E1 | AB81: 10.85 | AC81: Ploeg, K.J.A. (Koen) | AD81: 0 | AE81: 0 | AF81: E1 | AG81: 10.9 | AI81: Kombe, S.N. (Nesrin) | AJ81: 0 | AK81: 0 | AL81: E4 | AM81: 10.48 | AN81: Stel, T. (Tom) van der | AO81: 0 | AP81: 0 | AQ81: E3 | AR81: 10.53
B82: Oosse, E. (Esther) | C82: 0 | D82: 0 | E82: D2 | F82: 12.87 | G82: Josefina, M. (Mayson) | H82: 0 | I82: 0 | J82: D4 | K82: 11.11 | R82: Dekker, J (Jorn) den | S82: 0 | T82: 0 | U82: D3 | V82: 11.38 | X82: Arbiati, S. (Sanae) el | Y82: 0 | Z82: 0 | AA82: D3 | AB82: 11.13 | AN82: Sijde, T. (Timo) van der | AO82: 0 | AP82: 0 | AQ82: E2 | AR82: 10.12
B87: {=_xlfn._xlws.FILTER(Staf!$C:$C,Staf!$B:$B=Teamsamenstelling!B76,"")} -> Trainer/Coach | G87: {=_xlfn._xlws.FILTER(Staf!$A:$A,Staf!$B:$B=Teamsamenstelling!B76,"")} -> Nadia de Wit | M87: {=_xlfn._xlws.FILTER(Staf!$C:$C,Staf!$B:$B=Teamsamenstelling!M76,"")} -> Trainer/Coach | R87: {=_xlfn._xlws.FILTER(Staf!$A:$A,Staf!$B:$B=Teamsamenstelling!M76,"")} -> Marcel St. Nicolaas | X87: {=_xlfn._xlws.FILTER(Staf!$C:$C,Staf!$B:$B=Teamsamenstelling!X76,"")} -> Trainer/Coach | AC87: {=_xlfn._xlws.FILTER(Staf!$A:$A,Staf!$B:$B=Teamsamenstelling!X76,"")} -> Liesbeth Wibbens | AI87: {=_xlfn._xlws.FILTER(Staf!$C:$C,Staf!$B:$B=Teamsamenstelling!AI76,"")} -> Trainer/Coach | AN87: {=_xlfn._xlws.FILTER(Staf!$A:$A,Staf!$B:$B=Teamsamenstelling!AI76,"")} -> Ilonka Bouwknegt | AT87: {=_xlfn._xlws.FILTER(Staf!$C:$C,Staf!$B:$B=Teamsamenstelling!AT76,"")} | AW87: {=_xlfn._xlws.FILTER(Staf!$A:$A,Staf!$B:$B=Teamsamenstelling!AT76,"")}
B88: Trainer/Coach | G88: Syrah de Wit | M88: Trainer/Coach | R88: Sjoerd van Ameijden | X88: Trainer/Coach | AC88: Monique te Witt | AI88: Trainer/Coach | AN88: Joaz Post
X89: Trainer | AC89: Gertjan Ploeg | AI89: Trainer/Coach | AN89: Nikki Baas
A91: Groen | B91: OW J11 | K91: =AVERAGE(F93:F100,K93:K100) -> 9.795 | M91: OW J12 | V91: =AVERAGE(Q93:Q100,V93:V100) -> 9.4316667 | X91: OW J13 | AG91: =AVERAGE(AB93:AB100,AG93:AG100) -> 8.312 | AI91: OW J14 | AR91: =AVERAGE(AM93:AM100,AR93:AR100) -> 8.408 | AT91: X | BC91: =AVERAGE(AX93:AX100,BC93:BC100) -> #DIV/0! | BE91: X | BN91: =AVERAGE(BI93:BI100,BN93:BN100) -> #DIV/0! | BP91: X | BY91: =AVERAGE(BT93:BT100,BY93:BY100) -> #DIV/0!
B92: =CONCATENATE("Dames (",COUNTA(E93:E98),")") -> Dames (6) | G92: =CONCATENATE("Heren (",COUNTA(J93:J98),")") -> Heren (1) | M92: =CONCATENATE("Dames (",COUNTA(P93:P98),")") -> Dames (4) | R92: =CONCATENATE("Heren (",COUNTA(U93:U98),")") -> Heren (2) | X92: =CONCATENATE("Dames (",COUNTA(AA93:AA98),")") -> Dames (3) | AC92: =CONCATENATE("Heren (",COUNTA(AF93:AF98),")") -> Heren (2) | AI92: =CONCATENATE("Dames (",COUNTA(AL93:AL98),")") -> Dames (3) | AN92: =CONCATENATE("Heren (",COUNTA(AQ93:AQ98),")") -> Heren (2) | AT92: =CONCATENATE("Dames (",COUNTA(AW93:AW98),")") -> Dames (1) | AY92: =CONCATENATE("Heren (",COUNTA(BB93:BB98),")") -> Heren (1) | BE92: =CONCATENATE("Dames (",COUNTA(BH93:BH98),")") -> Dames (1) | BJ92: =CONCATENATE("Heren (",COUNTA(BM93:BM98),")") -> Heren (1) | BP92: =CONCATENATE("Dames (",COUNTA(BS93:BS98),")") -> Dames (1) | BU92: =CONCATENATE("Heren (",COUNTA(BX93:BX98),")") -> Heren (1)
B93: {=_xlfn._xlws.FILTER(Spelerslijst!$B:$B,Spelerslijst!$F:$F=B$91,"")} -> Gemert, F. (Fien) van | C93: {=_xlfn._xlws.FILTER(Spelerslijst!$I:$I,Spelerslijst!$F:$F=B$91,"")} -> 0 | D93: {=_xlfn._xlws.FILTER(Spelerslijst!$J:$J,Spelerslijst!$F:$F=B$91,"")} -> 0 | E93: {=_xlfn._xlws.FILTER(Spelerslijst!$H:$H,Spelerslijst!$F:$F=B$91,"")} -> - | F93: {=_xlfn._xlws.FILTER(Spelerslijst!$D:$D,Spelerslijst!$F:$F=B$91,"")} -> 9.26 | G93: {=_xlfn._xlws.FILTER(Spelerslijst!$M:$M,Spelerslijst!$Q:$Q=B$91,"")} | H93: {=_xlfn._xlws.FILTER(Spelerslijst!$T:$T,Spelerslijst!$Q:$Q=B$91,"")} | I93: {=_xlfn._xlws.FILTER(Spelerslijst!$U:$U,Spelerslijst!$Q:$Q=B$91,"")} | J93: {=_xlfn._xlws.FILTER(Spelerslijst!$S:$S,Spelerslijst!$Q:$Q=B$91,"")} | K93: {=_xlfn._xlws.FILTER(Spelerslijst!$O:$O,Spelerslijst!$Q:$Q=B$91,"")} | M93: {=_xlfn._xlws.FILTER(Spelerslijst!$B:$B,Spelerslijst!$F:$F=M$91,"")} -> Jacobs, V. (Vive) | N93: {=_xlfn._xlws.FILTER(Spelerslijst!$I:$I,Spelerslijst!$F:$F=M$91,"")} -> 0 | O93: {=_xlfn._xlws.FILTER(Spelerslijst!$J:$J,Spelerslijst!$F:$F=M$91,"")} -> 0 | P93: {=_xlfn._xlws.FILTER(Spelerslijst!$H:$H,Spelerslijst!$F:$F=M$91,"")} -> E4 | Q93: {=_xlfn._xlws.FILTER(Spelerslijst!$D:$D,Spelerslijst!$F:$F=M$91,"")} -> 8.85 | R93: {=_xlfn._xlws.FILTER(Spelerslijst!$M:$M,Spelerslijst!$Q:$Q=M$91,"")} -> Nawar, D (David) | S93: {=_xlfn._xlws.FILTER(Spelerslijst!$T:$T,Spelerslijst!$Q:$Q=M$91,"")} -> 0 | T93: {=_xlfn._xlws.FILTER(Spelerslijst!$U:$U,Spelerslijst!$Q:$Q=M$91,"")} -> 0 | U93: {=_xlfn._xlws.FILTER(Spelerslijst!$S:$S,Spelerslijst!$Q:$Q=M$91,"")} -> - | V93: {=_xlfn._xlws.FILTER(Spelerslijst!$O:$O,Spelerslijst!$Q:$Q=M$91,"")} -> 9.54 | X93: {=_xlfn._xlws.FILTER(Spelerslijst!$B:$B,Spelerslijst!$F:$F=X$91,"")} -> Jong, L.T.M. (Louisa) de | Y93: {=_xlfn._xlws.FILTER(Spelerslijst!$I:$I,Spelerslijst!$F:$F=X$91,"")} -> 0 | Z93: {=_xlfn._xlws.FILTER(Spelerslijst!$J:$J,Spelerslijst!$F:$F=X$91,"")} -> 0 | AA93: {=_xlfn._xlws.FILTER(Spelerslijst!$H:$H,Spelerslijst!$F:$F=X$91,"")} -> F2 | AB93: {=_xlfn._xlws.FILTER(Spelerslijst!$D:$D,Spelerslijst!$F:$F=X$91,"")} -> 8.24 | AC93: {=_xlfn._xlws.FILTER(Spelerslijst!$M:$M,Spelerslijst!$Q:$Q=X$91,"")} -> Ploeg, L. (Luuk) | AD93: {=_xlfn._xlws.FILTER(Spelerslijst!$T:$T,Spelerslijst!$Q:$Q=X$91,"")} -> 0 | AE93: {=_xlfn._xlws.FILTER(Spelerslijst!$U:$U,Spelerslijst!$Q:$Q=X$91,"")} -> 0 | AF93: {=_xlfn._xlws.FILTER(Spelerslijst!$S:$S,Spelerslijst!$Q:$Q=X$91,"")} -> F1 | AG93: {=_xlfn._xlws.FILTER(Spelerslijst!$O:$O,Spelerslijst!$Q:$Q=X$91,"")} -> 8.44 | AI93: {=_xlfn._xlws.FILTER(Spelerslijst!$B:$B,Spelerslijst!$F:$F=AI$91,"")} -> Mans, L. (Lara) | AJ93: {=_xlfn._xlws.FILTER(Spelerslijst!$I:$I,Spelerslijst!$F:$F=AI$91,"")} -> 0 | AK93: {=_xlfn._xlws.FILTER(Spelerslijst!$J:$J,Spelerslijst!$F:$F=AI$91,"")} -> 0 | AL93: {=_xlfn._xlws.FILTER(Spelerslijst!$H:$H,Spelerslijst!$F:$F=AI$91,"")} -> F1 | AM93: {=_xlfn._xlws.FILTER(Spelerslijst!$D:$D,Spelerslijst!$F:$F=AI$91,"")} -> 7.69 | AN93: {=_xlfn._xlws.FILTER(Spelerslijst!$M:$M,Spelerslijst!$Q:$Q=AI$91,"")} -> Burgh, J.A. (James) van der | AO93: {=_xlfn._xlws.FILTER(Spelerslijst!$T:$T,Spelerslijst!$Q:$Q=AI$91,"")} -> 0 | AP93: {=_xlfn._xlws.FILTER(Spelerslijst!$U:$U,Spelerslijst!$Q:$Q=AI$91,"")} -> 0 | AQ93: {=_xlfn._xlws.FILTER(Spelerslijst!$S:$S,Spelerslijst!$Q:$Q=AI$91,"")} -> F2 | AR93: {=_xlfn._xlws.FILTER(Spelerslijst!$O:$O,Spelerslijst!$Q:$Q=AI$91,"")} -> 8.97 | AT93: {=_xlfn._xlws.FILTER(Spelerslijst!$B:$B,Spelerslijst!$F:$F=AT$91,"")} | AW93: {=_xlfn._xlws.FILTER(Spelerslijst!$H:$H,Spelerslijst!$F:$F=AT$91,"")} | AX93: {=_xlfn._xlws.FILTER(Spelerslijst!$D:$D,Spelerslijst!$F:$F=AT$91,"")} | AY93: {=_xlfn._xlws.FILTER(Spelerslijst!$M:$M,Spelerslijst!$Q:$Q=AT$91,"")} | BB93: {=_xlfn._xlws.FILTER(Spelerslijst!$S:$S,Spelerslijst!$Q:$Q=AT$91,"")} | BC93: {=_xlfn._xlws.FILTER(Spelerslijst!$O:$O,Spelerslijst!$Q:$Q=AT$91,"")} | BE93: {=_xlfn._xlws.FILTER(Spelerslijst!$B:$B,Spelerslijst!$F:$F=BE$91,"")} | BH93: {=_xlfn._xlws.FILTER(Spelerslijst!$H:$H,Spelerslijst!$F:$F=BE$91,"")} | BI93: {=_xlfn._xlws.FILTER(Spelerslijst!$D:$D,Spelerslijst!$F:$F=BE$91,"")} | BJ93: {=_xlfn._xlws.FILTER(Spelerslijst!$M:$M,Spelerslijst!$Q:$Q=BE$91,"")} | BM93: {=_xlfn._xlws.FILTER(Spelerslijst!$S:$S,Spelerslijst!$Q:$Q=BE$91,"")} | BN93: {=_xlfn._xlws.FILTER(Spelerslijst!$O:$O,Spelerslijst!$Q:$Q=BE$91,"")} | BP93: {=_xlfn._xlws.FILTER(Spelerslijst!$B:$B,Spelerslijst!$F:$F=BP$91,"")} | BS93: {=_xlfn._xlws.FILTER(Spelerslijst!$H:$H,Spelerslijst!$F:$F=BP$91,"")} | BT93: {=_xlfn._xlws.FILTER(Spelerslijst!$D:$D,Spelerslijst!$F:$F=BP$91,"")} | BU93: {=_xlfn._xlws.FILTER(Spelerslijst!$M:$M,Spelerslijst!$Q:$Q=BP$91,"")} | BX93: {=_xlfn._xlws.FILTER(Spelerslijst!$S:$S,Spelerslijst!$Q:$Q=BP$91,"")} | BY93: {=_xlfn._xlws.FILTER(Spelerslijst!$O:$O,Spelerslijst!$Q:$Q=BP$91,"")}
B94: Bakker, K. (Karlijn) | C94: 0 | D94: 0 | E94: E3 | F94: 9.51 | M94: Berg, W. (Wies) van den | N94: 0 | O94: 0 | P94: E4 | Q94: 9.06 | R94: Mol, L.A. (Lucien) | S94: 0 | T94: 0 | U94: E4 | V94: 9.19 | X94: Lange, S. (Sanna) de | Y94: 0 | Z94: 0 | AA94: F2 | AB94: 8.26 | AC94: Jong, S. (Sepp) de | AD94: 0 | AE94: 0 | AF94: F1 | AG94: 8.31 | AI94: Burgt, L. (Livia) van de | AJ94: 0 | AK94: 0 | AL94: F2 | AM94: 8.33 | AN94: Alberts, A. (Amos) | AO94: 0 | AP94: 0 | AQ94: F1 | AR94: 8.55
B95: Bouman, I. (Imme) | C95: 0 | D95: 0 | E95: E3 | F95: 9.69 | M95: Gerritsen, J. (Jaylinn) | N95: 0 | O95: 0 | P95: - | Q95: 9.91 | X95: Rombouts, T. (Tess) | Y95: 0 | Z95: 0 | AA95: F2 | AB95: 8.31 | AI95: Stomp, A. (Alisa) | AJ95: 0 | AK95: 0 | AL95: F1 | AM95: 8.5
B96: Boog, S.L. (Suze) | C96: 0 | D96: 0 | E96: E3 | F96: 9.89 | M96: Haseth, L. (Lieve) de | N96: 0 | O96: 0 | P96: E4 | Q96: 10.04
B97: Kampman, J. (Jalou) | C97: 0 | D97: 0 | E97: 0 | F97: 9.96
B98: Naeije, E.A. (Eloise) | C98: 0 | D98: 0 | E98: E3 | F98: 10.46
B99: {=_xlfn._xlws.FILTER(Staf!$C:$C,Staf!$B:$B=Teamsamenstelling!B91,"")} -> Trainer/Coach | G99: {=_xlfn._xlws.FILTER(Staf!$A:$A,Staf!$B:$B=Teamsamenstelling!B91,"")} -> Lieke Bakker | M99: {=_xlfn._xlws.FILTER(Staf!$C:$C,Staf!$B:$B=Teamsamenstelling!M91,"")} -> Trainer/Coach | R99: {=_xlfn._xlws.FILTER(Staf!$A:$A,Staf!$B:$B=Teamsamenstelling!M91,"")} -> Jet van Trooijen | X99: {=_xlfn._xlws.FILTER(Staf!$C:$C,Staf!$B:$B=Teamsamenstelling!X91,"")} -> Trainer/Coach | AC99: {=_xlfn._xlws.FILTER(Staf!$A:$A,Staf!$B:$B=Teamsamenstelling!X91,"")} -> Celia de Lange | AI99: {=_xlfn._xlws.FILTER(Staf!$C:$C,Staf!$B:$B=Teamsamenstelling!AI91,"")} -> Trainer/coach | AN99: {=_xlfn._xlws.FILTER(Staf!$A:$A,Staf!$B:$B=Teamsamenstelling!AI91,"")} -> Lianne Stomp - vd Burgt | AT99: {=_xlfn._xlws.FILTER(Staf!$C:$C,Staf!$B:$B=Teamsamenstelling!AT91,"")} | AY99: {=_xlfn._xlws.FILTER(Staf!$A:$A,Staf!$B:$B=Teamsamenstelling!AT91,"")} | BE99: {=_xlfn._xlws.FILTER(Staf!$C:$C,Staf!$B:$B=Teamsamenstelling!BE91,"")} | BH99: {=_xlfn._xlws.FILTER(Staf!$A:$A,Staf!$B:$B=Teamsamenstelling!BE91,"")} | BP99: {=_xlfn._xlws.FILTER(Staf!$C:$C,Staf!$B:$B=Teamsamenstelling!BP91,"")} | BS99: {=_xlfn._xlws.FILTER(Staf!$A:$A,Staf!$B:$B=Teamsamenstelling!BP91,"")}
B100: Trainer/Coach | G100: Matthijs de Jongh | M100: Trainer/Coach | R100: Kimberly Jacobs | X100: Assistent-trainer | AC100: Thijs Vos | AI100: Assistent-trainer | AN100: Thijs Vos
M101: Trainer/Coach | R101: Paula Malschaert
A103: Blauw | B103: OW J15 | K103: =AVERAGE(F105:F113,K105:K113) -> 7.755 | M103: OW J16 | V103: =AVERAGE(Q105:Q113,V105:V113) -> 7.2333333 | X103: OW J17 | AG103: =AVERAGE(AB105:AB113,AG105:AG113) -> 7.1916667 | AI103: OW J19 | AR103: =AVERAGE(AM105:AM113,AR105:AR113) -> #DIV/0! | AT103: - | BC103: =AVERAGE(AX105:AX113,BC105:BC113) -> #DIV/0!
B104: =CONCATENATE("Dames (",COUNTA(E105:E110),")") -> Dames (3) | G104: =CONCATENATE("Heren (",COUNTA(J105:J110),")") -> Heren (3) | M104: =CONCATENATE("Dames (",COUNTA(P105:P110),")") -> Dames (3) | R104: =CONCATENATE("Heren (",COUNTA(U105:U110),")") -> Heren (3) | X104: =CONCATENATE("Dames (",COUNTA(AA105:AA110),")") -> Dames (3) | AC104: =CONCATENATE("Heren (",COUNTA(AF105:AF110),")") -> Heren (3) | AI104: =CONCATENATE("Dames (",COUNTA(AL105:AL110),")") -> Dames (1) | AN104: =CONCATENATE("Heren (",COUNTA(AQ105:AQ110),")") -> Heren (1) | AT104: =CONCATENATE("Dames (",COUNTA(AW105:AW110),")") -> Dames (1) | AY104: =CONCATENATE("Heren (",COUNTA(BB105:BB110),")") -> Heren (1)
B105: {=_xlfn._xlws.FILTER(Spelerslijst!$B:$B,Spelerslijst!$F:$F=B$103,"")} -> Schaardenburg, L. (Luna) van | C105: {=_xlfn._xlws.FILTER(Spelerslijst!$I:$I,Spelerslijst!$F:$F=B$103,"")} -> 0 | D105: {=_xlfn._xlws.FILTER(Spelerslijst!$J:$J,Spelerslijst!$F:$F=B$103,"")} -> 0 | E105: {=_xlfn._xlws.FILTER(Spelerslijst!$H:$H,Spelerslijst!$F:$F=B$103,"")} -> 0 | F105: {=_xlfn._xlws.FILTER(Spelerslijst!$D:$D,Spelerslijst!$F:$F=B$103,"")} -> 7.23 | G105: {=_xlfn._xlws.FILTER(Spelerslijst!$M:$M,Spelerslijst!$Q:$Q=B$103,"")} -> Wingerden, E.J. (Elroy) van | H105: {=_xlfn._xlws.FILTER(Spelerslijst!$T:$T,Spelerslijst!$Q:$Q=B$103,"")} -> 0 | I105: {=_xlfn._xlws.FILTER(Spelerslijst!$U:$U,Spelerslijst!$Q:$Q=B$103,"")} -> 0 | J105: {=_xlfn._xlws.FILTER(Spelerslijst!$S:$S,Spelerslijst!$Q:$Q=B$103,"")} -> F3 | K105: {=_xlfn._xlws.FILTER(Spelerslijst!$O:$O,Spelerslijst!$Q:$Q=B$103,"")} -> 8.74 | M105: {=_xlfn._xlws.FILTER(Spelerslijst!$B:$B,Spelerslijst!$F:$F=M$103,"")} -> Haren, C.M. (Cato) van | N105: {=_xlfn._xlws.FILTER(Spelerslijst!$I:$I,Spelerslijst!$F:$F=M$103,"")} -> 0 | O105: {=_xlfn._xlws.FILTER(Spelerslijst!$J:$J,Spelerslijst!$F:$F=M$103,"")} -> 0 | P105: {=_xlfn._xlws.FILTER(Spelerslijst!$H:$H,Spelerslijst!$F:$F=M$103,"")} -> F4 | Q105: {=_xlfn._xlws.FILTER(Spelerslijst!$D:$D,Spelerslijst!$F:$F=M$103,"")} -> 6.5 | R105: {=_xlfn._xlws.FILTER(Spelerslijst!$M:$M,Spelerslijst!$Q:$Q=M$103,"")} -> Nekkers, Q. (Quinn) | S105: {=_xlfn._xlws.FILTER(Spelerslijst!$T:$T,Spelerslijst!$Q:$Q=M$103,"")} -> 0 | T105: {=_xlfn._xlws.FILTER(Spelerslijst!$U:$U,Spelerslijst!$Q:$Q=M$103,"")} -> 0 | U105: {=_xlfn._xlws.FILTER(Spelerslijst!$S:$S,Spelerslijst!$Q:$Q=M$103,"")} -> F4 | V105: {=_xlfn._xlws.FILTER(Spelerslijst!$O:$O,Spelerslijst!$Q:$Q=M$103,"")} -> 8.34 | X105: {=_xlfn._xlws.FILTER(Spelerslijst!$B:$B,Spelerslijst!$F:$F=X$103,"")} -> Merwe, F. (Floor) van de | AA105: {=_xlfn._xlws.FILTER(Spelerslijst!$H:$H,Spelerslijst!$F:$F=X$103,"")} -> - | AB105: {=_xlfn._xlws.FILTER(Spelerslijst!$D:$D,Spelerslijst!$F:$F=X$103,"")} -> 6.28 | AC105: {=_xlfn._xlws.FILTER(Spelerslijst!$M:$M,Spelerslijst!$Q:$Q=X$103,"")} -> Houweling, J. (Jeftha) | AD105: {=_xlfn._xlws.FILTER(Spelerslijst!$T:$T,Spelerslijst!$Q:$Q=X$103,"")} -> 0 | AE105: {=_xlfn._xlws.FILTER(Spelerslijst!$U:$U,Spelerslijst!$Q:$Q=X$103,"")} -> 0 | AF105: {=_xlfn._xlws.FILTER(Spelerslijst!$S:$S,Spelerslijst!$Q:$Q=X$103,"")} -> 0 | AG105: {=_xlfn._xlws.FILTER(Spelerslijst!$O:$O,Spelerslijst!$Q:$Q=X$103,"")} -> 8.1 | AI105: {=_xlfn._xlws.FILTER(Spelerslijst!$B:$B,Spelerslijst!$F:$F=AI$103,"")} | AL105: {=_xlfn._xlws.FILTER(Spelerslijst!$H:$H,Spelerslijst!$F:$F=AI$103,"")} | AM105: {=_xlfn._xlws.FILTER(Spelerslijst!$D:$D,Spelerslijst!$F:$F=AI$103,"")} | AN105: {=_xlfn._xlws.FILTER(Spelerslijst!$M:$M,Spelerslijst!$Q:$Q=AI$103,"")} | AO105: {=_xlfn._xlws.FILTER(Spelerslijst!$T:$T,Spelerslijst!$Q:$Q=AI$103,"")} | AP105: {=_xlfn._xlws.FILTER(Spelerslijst!$U:$U,Spelerslijst!$Q:$Q=AI$103,"")} | AQ105: {=_xlfn._xlws.FILTER(Spelerslijst!$S:$S,Spelerslijst!$Q:$Q=AI$103,"")} | AR105: {=_xlfn._xlws.FILTER(Spelerslijst!$O:$O,Spelerslijst!$Q:$Q=AI$103,"")} | AT105: {=_xlfn._xlws.FILTER(Spelerslijst!$B:$B,Spelerslijst!$F:$F=AT$103,"")} | AW105: {=_xlfn._xlws.FILTER(Spelerslijst!$H:$H,Spelerslijst!$F:$F=AT$103,"")} | AX105: {=_xlfn._xlws.FILTER(Spelerslijst!$D:$D,Spelerslijst!$F:$F=AT$103,"")} | AY105: {=_xlfn._xlws.FILTER(Spelerslijst!$M:$M,Spelerslijst!$Q:$Q=AT$103,"")} | AZ105: {=_xlfn._xlws.FILTER(Spelerslijst!$T:$T,Spelerslijst!$Q:$Q=AT$103,"")} | BA105: {=_xlfn._xlws.FILTER(Spelerslijst!$U:$U,Spelerslijst!$Q:$Q=AT$103,"")} | BB105: {=_xlfn._xlws.FILTER(Spelerslijst!$S:$S,Spelerslijst!$Q:$Q=AT$103,"")} | BC105: {=_xlfn._xlws.FILTER(Spelerslijst!$O:$O,Spelerslijst!$Q:$Q=AT$103,"")}
B106: Ariadne | C106: 0 | D106: 0 | E106: 0 | F106: 7.59 | G106: Koolstra, H. (Hidde) | H106: 0 | I106: 0 | J106: F3 | K106: 7.96 | M106: Struijk, F. (Fay) | N106: 0 | O106: 0 | P106: 0 | Q106: 6.67 | R106: Roos, L. (Lucas) | S106: 0 | T106: 0 | U106: F4 | V106: 7.82 | X106: Burgt, L. (Leah) van de | AA106: - | AB106: 6.44 | AC106: Groot, F. (Finn) de | AD106: 0 | AE106: 0 | AF106: F3 | AG106: 7.69
B107: Nawar, M. (Mayvin) | C107: 0 | D107: 0 | E107: F3 | F107: 8.19 | G107: Ploeg, F. (Finn) | H107: 0 | I107: 0 | J107: F3 | K107: 6.82 | M107: Nienes, N. (Nova) van | N107: 0 | O107: 0 | P107: F4 | Q107: 7.12 | R107: Wingerden, B.R. (Branley) van | S107: 0 | T107: 0 | U107: F4 | V107: 6.95 | X107: Tol, K. (Karlijn) van | AA107: F4 | AB107: 7.28 | AC107: Verberkt, R.J. (Ruben) | AD107: 0 | AE107: 0 | AF107: F3 | AG107: 7.36
B111: {=_xlfn._xlws.FILTER(Staf!$C:$C,Staf!$B:$B=Teamsamenstelling!B103,"")} -> Coach | G111: {=_xlfn._xlws.FILTER(Staf!$A:$A,Staf!$B:$B=Teamsamenstelling!B103,"")} -> Henno Ploeg | M111: {=_xlfn._xlws.FILTER(Staf!$C:$C,Staf!$B:$B=Teamsamenstelling!M103,"")} -> Trainer/Coach | R111: {=_xlfn._xlws.FILTER(Staf!$A:$A,Staf!$B:$B=Teamsamenstelling!M103,"")} -> Danique van der Klooster | X111: {=_xlfn._xlws.FILTER(Staf!$C:$C,Staf!$B:$B=Teamsamenstelling!X103,"")} -> Trainer/Coach | AC111: {=_xlfn._xlws.FILTER(Staf!$A:$A,Staf!$B:$B=Teamsamenstelling!X103,"")} -> Merle Nobel | AI111: {=_xlfn._xlws.FILTER(Staf!$C:$C,Staf!$B:$B=Teamsamenstelling!AI103,"")} | AN111: {=_xlfn._xlws.FILTER(Staf!$A:$A,Staf!$B:$B=Teamsamenstelling!AI103,"")} | AT111: {=_xlfn._xlws.FILTER(Staf!$C:$C,Staf!$B:$B=Teamsamenstelling!AT103,"")} | AW111: {=_xlfn._xlws.FILTER(Staf!$A:$A,Staf!$B:$B=Teamsamenstelling!AT103,"")}
B112: Hoofdtrainer F | G112: Antjan Laban | M112: Trainer/Coach | R112: Jordy Vaartmans | X112: Hoofdtrainer F | AC112: Antjan Laban
B113: Assistent-trainer | G113: Freek Laban | M113: Hoofdtrainer F | R113: Antjan Laban | X113: Assistent-trainer | AC113: Esmée de Boer
B114: Assistent-trainer | G114: Sander Heersping | X114: Assistent-trainer | AC114: Tess Volker
A116: Kangoeroes | B116: K | K116: =AVERAGE(F118:F127,K118:K127) -> 5.45
B117: =CONCATENATE("Dames (",COUNTA(E118:E125),")") -> Dames (1) | G117: =CONCATENATE("Heren (",COUNTA(J118:J125),")") -> Heren (1)
B118: {=_xlfn._xlws.FILTER(Spelerslijst!$B:$B,Spelerslijst!$F:$F=B$116,"")} -> Groot, S. (Senna) de | C118: {=_xlfn._xlws.FILTER(Spelerslijst!$I:$I,Spelerslijst!$F:$F=B$116,"")} -> 0 | D118: {=_xlfn._xlws.FILTER(Spelerslijst!$J:$J,Spelerslijst!$F:$F=B$116,"")} -> 0 | E118: {=_xlfn._xlws.FILTER(Spelerslijst!$H:$H,Spelerslijst!$F:$F=B$116,"")} -> - | F118: {=_xlfn._xlws.FILTER(Spelerslijst!$D:$D,Spelerslijst!$F:$F=B$116,"")} -> 5.89 | G118: {=_xlfn._xlws.FILTER(Spelerslijst!$M:$M,Spelerslijst!$Q:$Q=B$116,"")} -> Bezemer, O. (Olle) | H118: {=_xlfn._xlws.FILTER(Spelerslijst!$T:$T,Spelerslijst!$Q:$Q=B$116,"")} -> 0 | I118: {=_xlfn._xlws.FILTER(Spelerslijst!$U:$U,Spelerslijst!$Q:$Q=B$116,"")} -> 0 | J118: {=_xlfn._xlws.FILTER(Spelerslijst!$S:$S,Spelerslijst!$Q:$Q=B$116,"")} -> K | K118: {=_xlfn._xlws.FILTER(Spelerslijst!$O:$O,Spelerslijst!$Q:$Q=B$116,"")} -> 5.01
B126: {=_xlfn._xlws.FILTER(Staf!$C:$C,Staf!$B:$B=Teamsamenstelling!B116,"")} -> Assistent-trainer | G126: {=_xlfn._xlws.FILTER(Staf!$A:$A,Staf!$B:$B=Teamsamenstelling!B116,"")} -> Eva van Rooij
B127: Assistent-trainer | G127: Jeslynn Vos
B128: Assistent-trainer | G128: Mila de Wit
B129: Assistent-trainer | G129: Saar Camphens
B130: Trainer | G130: Linda Ardon
B131: Trainer | G131: Ruben Dubbeld
B132: Trainer | G132: Sara Boshoven
B133: Trainer | G133: Tessa Dubbled

Sheet Spelerslijst
A1: Rel.nr | B1: Naam & Initialen) | C1: Roepnaam | D1: Leeftijd Peildatum | E1: Geb datum | F1: Team 25-26 | G1: Team 25-26 ALT | H1: Team 24-25 | I1: Notitie | J1: AR | L1: Rel.nr | M1: Naam & Initialen | N1: Roepnaam | O1: Leeftijd Peildatum | P1: Geb datum | Q1: Team 25-26 | R1: Team 25-26 ALT | S1: Team 24-252 | T1: Notitie | U1: AR
A2: NND41B5 | B2: Groot, S. (Senna) de | C2: Senna | D2: =ROUND( YEARFRAC( Tabel1[[#This Row],[Geb datum]], DATE(2025,12,31), 1 ), 2 ) -> 5.89 | E2: 43872 | F2: K | H2: - | L2: NKH71P1 | M2: Kooij, C.W. (Wilco) | N2: Wilco | O2: =ROUND( YEARFRAC( Tabel3[[#This Row],[Geb datum]], DATE(2025,12,31), 1 ), 2 ) -> 50.32 | P2: 27643 | Q2: MW1 | S2: MW1
A3: NMZ15W4 | B3: Merwe, F. (Floor) van de | C3: Floor | D3: =ROUND( YEARFRAC( Tabel1[[#This Row],[Geb datum]], DATE(2025,12,31), 1 ), 2 ) -> 6.28 | E3: 43728 | F3: OW J17 | H3: - | L3: NFW42X5 | M3: Jong, M. (Michiel) 't | N3: Michiel | O3: =ROUND( YEARFRAC( Tabel3[[#This Row],[Geb datum]], DATE(2025,12,31), 1 ), 2 ) -> 44.64 | P3: 29718 | Q3: MW1 | S3: MW1
A4: NND9850 | B4: Burgt, L. (Leah) van de | C4: Leah | D4: =ROUND( YEARFRAC( Tabel1[[#This Row],[Geb datum]], DATE(2025,12,31), 1 ), 2 ) -> 6.44 | E4: 43669 | F4: OW J17 | H4: - | L4: NKQ40P2 | M4: Vlaming, R. (Roy) de | N4: Roy | O4: =ROUND( YEARFRAC( Tabel3[[#This Row],[Geb datum]], DATE(2025,12,31), 1 ), 2 ) -> 41.14 | P4: 30994 | Q4: S3 | S4: 3
A5: NMZ53P9 | B5: Haren, C.M. (Cato) van | C5: Cato | D5: =ROUND( YEARFRAC( Tabel1[[#This Row],[Geb datum]], DATE(2025,12,31), 1 ), 2 ) -> 6.5 | E5: 43646 | F5: OW J16 | H5: F4 | L5: NGG54S2 | M5: Ploeg, H (Hans) | N5: Hans | O5: =ROUND( YEARFRAC( Tabel3[[#This Row],[Geb datum]], DATE(2025,12,31), 1 ), 2 ) -> 37.92 | P5: 32170 | Q5: MW1 | S5: MW1
A6: NNF08Z6 | B6: Struijk, F. (Fay) | C6: Fay | D6: =ROUND( YEARFRAC( Tabel1[[#This Row],[Geb datum]], DATE(2025,12,31), 1 ), 2 ) -> 6.67 | E6: 43586 | F6: OW J16 | L6: NGD51N5 | M6: Isarin, T P (Thomas) | N6: Thomas | O6: =ROUND( YEARFRAC( Tabel3[[#This Row],[Geb datum]], DATE(2025,12,31), 1 ), 2 ) -> 37.41 | P6: 32357 | Q6: S3 | S6: 3
A7: NND37V8 | B7: Nienes, N. (Nova) van | C7: Nova | D7: =ROUND( YEARFRAC( Tabel1[[#This Row],[Geb datum]], DATE(2025,12,31), 1 ), 2 ) -> 7.12 | E7: 43420 | F7: OW J16 | H7: F4 | L7: NGW00S1 | M7: Booy, J (Jan) | N7: Jan | O7: =ROUND( YEARFRAC( Tabel3[[#This Row],[Geb datum]], DATE(2025,12,31), 1 ), 2 ) -> 35.38 | P7: 33100 | Q7: Stopt | S7: 3
A8: NND11G5 | B8: Schaardenburg, L. (Luna) van | C8: Luna | D8: =ROUND( YEARFRAC( Tabel1[[#This Row],[Geb datum]], DATE(2025,12,31), 1 ), 2 ) -> 7.23 | E8: 43383 | F8: OW J15 | L8: NJF53H2 | M8: Strijen, L.A. van (Lars) | N8: Lars | O8: =ROUND( YEARFRAC( Tabel3[[#This Row],[Geb datum]], DATE(2025,12,31), 1 ), 2 ) -> 35 | P8: 33238 | Q8: S1S2 | S8: 3
A9: NND27N7 | B9: Tol, K. (Karlijn) van | C9: Karlijn | D9: =ROUND( YEARFRAC( Tabel1[[#This Row],[Geb datum]], DATE(2025,12,31), 1 ), 2 ) -> 7.28 | E9: 43363 | F9: OW J17 | H9: F4 | L9: NGT16K5 | M9: Naaktgeboren, S. (Stefan) | N9: Stefan | O9: =ROUND( YEARFRAC( Tabel3[[#This Row],[Geb datum]], DATE(2025,12,31), 1 ), 2 ) -> 34.99 | P9: 33241 | Q9: Stopt | S9: 4
B10: Ariadne | C10: Ariadne | D10: =ROUND( YEARFRAC( Tabel1[[#This Row],[Geb datum]], DATE(2025,12,31), 1 ), 2 ) -> 7.59 | E10: 43249 | F10: OW J15 | L10: NJC26C8 | M10: Houwerzijl, E. (Emiel) | N10: Emiel | O10: =ROUND( YEARFRAC( Tabel3[[#This Row],[Geb datum]], DATE(2025,12,31), 1 ), 2 ) -> 31.64 | P10: 34464 | Q10: S3 | S10: 3
A11: NMV77N3 | B11: Mans, L. (Lara) | C11: Lara | D11: =ROUND( YEARFRAC( Tabel1[[#This Row],[Geb datum]], DATE(2025,12,31), 1 ), 2 ) -> 7.69 | E11: 43215 | F11: OW J14 | H11: F1 | L11: NJC17J6 | M11: Gent, L (Lex) van | N11: Lex | O11: =ROUND( YEARFRAC( Tabel3[[#This Row],[Geb datum]], DATE(2025,12,31), 1 ), 2 ) -> 30.97 | P11: 34711 | Q11: S3 | S11: 3
A12: NMX49N6 | B12: Nawar, M. (Mayvin) | C12: Mayvin | D12: =ROUND( YEARFRAC( Tabel1[[#This Row],[Geb datum]], DATE(2025,12,31), 1 ), 2 ) -> 8.19 | E12: 43032 | F12: OW J15 | H12: F3 | L12: NJH39X4 | M12: Brugge, B.R. (Bart) van der | N12: Bart | O12: =ROUND( YEARFRAC( Tabel3[[#This Row],[Geb datum]], DATE(2025,12,31), 1 ), 2 ) -> 30.45 | P12: 34900 | Q12: S3
A13: NNB62G1 | B13: Jong, L.T.M. (Louisa) de | C13: Louisa | D13: =ROUND( YEARFRAC( Tabel1[[#This Row],[Geb datum]], DATE(2025,12,31), 1 ), 2 ) -> 8.24 | E13: 43014 | F13: OW J13 | H13: F2 | L13: NJG52P6 | M13: Peuter, F. (Freek) | N13: Freek | O13: =ROUND( YEARFRAC( Tabel3[[#This Row],[Geb datum]], DATE(2025,12,31), 1 ), 2 ) -> 29.69 | P13: 35179 | Q13: S3
A14: NMQ42K7 | B14: Lange, S. (Sanna) de | C14: Sanna | D14: =ROUND( YEARFRAC( Tabel1[[#This Row],[Geb datum]], DATE(2025,12,31), 1 ), 2 ) -> 8.26 | E14: 43006 | F14: OW J13 | H14: F2 | L14: NJF24X2 | M14: Kalkeren, R. (Robin) van | N14: Robin | O14: =ROUND( YEARFRAC( Tabel3[[#This Row],[Geb datum]], DATE(2025,12,31), 1 ), 2 ) -> 29.5 | P14: 35246 | Q14: Stopt | S14: 2
A15: NMZ21H2 | B15: Rombouts, T. (Tess) | C15: Tess | D15: =ROUND( YEARFRAC( Tabel1[[#This Row],[Geb datum]], DATE(2025,12,31), 1 ), 2 ) -> 8.31 | E15: 42987 | F15: OW J13 | H15: F2 | L15: NJF95S5 | M15: Mans, B. (Bob) | N15: Bob | O15: =ROUND( YEARFRAC( Tabel3[[#This Row],[Geb datum]], DATE(2025,12,31), 1 ), 2 ) -> 29.16 | P15: 35372 | Q15: Stopt | S15: 2
A16: NMV90Z6 | B16: Burgt, L. (Livia) van de | C16: Livia | D16: =ROUND( YEARFRAC( Tabel1[[#This Row],[Geb datum]], DATE(2025,12,31), 1 ), 2 ) -> 8.33 | E16: 42979 | F16: OW J14 | H16: F2 | L16: NJF77Y3 | M16: Klink, M (Marijn) | N16: Marijn | O16: =ROUND( YEARFRAC( Tabel3[[#This Row],[Geb datum]], DATE(2025,12,31), 1 ), 2 ) -> 28.67 | P16: 35550 | Q16: S1S2 | S16: 1
A17: NMV61M3 | B17: Stomp, A. (Alisa) | C17: Alisa | D17: =ROUND( YEARFRAC( Tabel1[[#This Row],[Geb datum]], DATE(2025,12,31), 1 ), 2 ) -> 8.5 | E17: 42919 | F17: OW J14 | H17: F1 | L17: NJD65S8 | M17: Dijk, J. (Joeri) van | N17: Joeri | O17: =ROUND( YEARFRAC( Tabel3[[#This Row],[Geb datum]], DATE(2025,12,31), 1 ), 2 ) -> 27.79 | P17: 35873 | Q17: Stopt | S17: 1
A18: NMM42W7 | B18: Jacobs, V. (Vive) | C18: Vive | D18: =ROUND( YEARFRAC( Tabel1[[#This Row],[Geb datum]], DATE(2025,12,31), 1 ), 2 ) -> 8.85 | E18: 42788 | F18: OW J12 | H18: E4 | L18: NKD19Y4 | M18: Driesprong, B. (Bart) | N18: Bart | O18: =ROUND( YEARFRAC( Tabel3[[#This Row],[Geb datum]], DATE(2025,12,31), 1 ), 2 ) -> 27.23 | P18: 36077 | Q18: S1S2 | S18: 1
A19: NMV75Z1 | B19: Berg, W. (Wies) van den | C19: Wies | D19: =ROUND( YEARFRAC( Tabel1[[#This Row],[Geb datum]], DATE(2025,12,31), 1 ), 2 ) -> 9.06 | E19: 42713 | F19: OW J12 | H19: E4 | L19: NJH76N5 | M19: Klink, O.C. (Olivier) | N19: Olivier | O19: =ROUND( YEARFRAC( Tabel3[[#This Row],[Geb datum]], DATE(2025,12,31), 1 ), 2 ) -> 27.05 | P19: 36143 | Q19: S1S2 | S19: 2
A20: NMX55K8 | B20: Baas, J. (Julia) | C20: Julia | D20: =ROUND( YEARFRAC( Tabel1[[#This Row],[Geb datum]], DATE(2025,12,31), 1 ), 2 ) -> 9.1 | E20: 42696 | F20: Stopt | H20: E4 | L20: NKD39Q8 | M20: Schindler, M. (Mark) | N20: Mark | O20: =ROUND( YEARFRAC( Tabel3[[#This Row],[Geb datum]], DATE(2025,12,31), 1 ), 2 ) -> 26.59 | P20: 36308 | Q20: S5 | S20: 5
A21: NND85L7 | B21: Gemert, F. (Fien) van | C21: Fien | D21: =ROUND( YEARFRAC( Tabel1[[#This Row],[Geb datum]], DATE(2025,12,31), 1 ), 2 ) -> 9.26 | E21: 42641 | F21: OW J11 | H21: - | L21: NKX56P2 | M21: Flach, J.H. (Joram) | N21: Joram | O21: =ROUND( YEARFRAC( Tabel3[[#This Row],[Geb datum]], DATE(2025,12,31), 1 ), 2 ) -> 26.16 | P21: 36465 | Q21: S5 | S21: 5
A22: NMQ48V2 | B22: Bakker, K. (Karlijn) | C22: Karlijn | D22: =ROUND( YEARFRAC( Tabel1[[#This Row],[Geb datum]], DATE(2025,12,31), 1 ), 2 ) -> 9.51 | E22: 42549 | F22: OW J11 | H22: E3 | L22: NJZ00W3 | M22: Gent, T. (Tim) van | N22: Tim | O22: =ROUND( YEARFRAC( Tabel3[[#This Row],[Geb datum]], DATE(2025,12,31), 1 ), 2 ) -> 25.89 | P22: 36567 | Q22: S1S2 | S22: 1
A23: NMS67Y2 | B23: Bouman, I. (Imme) | C23: Imme | D23: =ROUND( YEARFRAC( Tabel1[[#This Row],[Geb datum]], DATE(2025,12,31), 1 ), 2 ) -> 9.69 | E23: 42481 | F23: OW J11 | H23: E3 | L23: NKT73W8 | M23: Driel, Q. (Quinten) van | N23: Quinten | O23: =ROUND( YEARFRAC( Tabel3[[#This Row],[Geb datum]], DATE(2025,12,31), 1 ), 2 ) -> 25.61 | P23: 36666 | Q23: S5 | S23: 5
A24: NNB63S8 | B24: Boog, S.L. (Suze) | C24: Suze | D24: =ROUND( YEARFRAC( Tabel1[[#This Row],[Geb datum]], DATE(2025,12,31), 1 ), 2 ) -> 9.89 | E24: 42409 | F24: OW J11 | H24: E3 | L24: NJY83B4 | M24: Dubbeld, R. (Ruben) | N24: Ruben | O24: =ROUND( YEARFRAC( Tabel3[[#This Row],[Geb datum]], DATE(2025,12,31), 1 ), 2 ) -> 25.07 | P24: 36865 | Q24: S6 | S24: 6
A25: NND99W1 | B25: Gerritsen, J. (Jaylinn) | C25: Jaylinn | D25: =ROUND( YEARFRAC( Tabel1[[#This Row],[Geb datum]], DATE(2025,12,31), 1 ), 2 ) -> 9.91 | E25: 42401 | F25: OW J12 | H25: - | L25: NKN65B6 | M25: Baars, L.A. (Luuk) | N25: Luuk | O25: =ROUND( YEARFRAC( Tabel3[[#This Row],[Geb datum]], DATE(2025,12,31), 1 ), 2 ) -> 24.9 | P25: 36929 | Q25: S4 | S25: 4
B26: Kampman, J. (Jalou) | C26: Jalou | D26: =ROUND( YEARFRAC( Tabel1[[#This Row],[Geb datum]], DATE(2025,12,31), 1 ), 2 ) -> 9.96 | E26: 42384 | F26: OW J11 | L26: NKG59J2 | M26: Groeneweg, T. (Tim) | N26: Tim | O26: =ROUND( YEARFRAC( Tabel3[[#This Row],[Geb datum]], DATE(2025,12,31), 1 ), 2 ) -> 24.03 | P26: 37246 | Q26: S1S2 | S26: -
A27: NNC48S4 | B27: Haseth, L. (Lieve) de | C27: Lieve | D27: =ROUND( YEARFRAC( Tabel1[[#This Row],[Geb datum]], DATE(2025,12,31), 1 ), 2 ) -> 10.04 | E27: 42353 | F27: OW J12 | H27: E4 | L27: NJZ26Z2 | M27: Kooper, C. (Ché) | N27: Ché | O27: =ROUND( YEARFRAC( Tabel3[[#This Row],[Geb datum]], DATE(2025,12,31), 1 ), 2 ) -> 23.15 | P27: 37566 | Q27: S6 | S27: 6
A28: NMS40B0 | B28: Bergh, A.J. (Aniek) van den | C28: Aniek | D28: =ROUND( YEARFRAC( Tabel1[[#This Row],[Geb datum]], DATE(2025,12,31), 1 ), 2 ) -> 10.17 | E28: 42308 | F28: OW J10 | H28: E2 | L28: NKV95Q4 | M28: Fasbender, T. (Tijmen) | N28: Tijmen | O28: =ROUND( YEARFRAC( Tabel3[[#This Row],[Geb datum]], DATE(2025,12,31), 1 ), 2 ) -> 22.48 | P28: 37810 | Q28: S4 | S28: 4
A29: NMW98N7 | B29: Torbali, N. (Nehir) | C29: Nehir | D29: =ROUND( YEARFRAC( Tabel1[[#This Row],[Geb datum]], DATE(2025,12,31), 1 ), 2 ) -> 10.3 | E29: 42259 | F29: OW J10 | H29: E2 | L29: NKY88T2 | M29: Uijl, D. (Daniel) den | N29: Daniel | O29: =ROUND( YEARFRAC( Tabel3[[#This Row],[Geb datum]], DATE(2025,12,31), 1 ), 2 ) -> 22.42 | P29: 37832 | Q29: S1S2 | S29: 2
A30: NMK64V4 | B30: Mans, R. (Robin) | C30: Robin | D30: =ROUND( YEARFRAC( Tabel1[[#This Row],[Geb datum]], DATE(2025,12,31), 1 ), 2 ) -> 10.33 | E30: 42249 | F30: OW J9 | H30: E1 | L30: NLR23F9 | M30: Wijgaart, R.L.H. (Rick) van de | N30: Rick | O30: =ROUND( YEARFRAC( Tabel3[[#This Row],[Geb datum]], DATE(2025,12,31), 1 ), 2 ) -> 22.21 | P30: 37909 | Q30: S5 | S30: 5
A31: NMS09V7 | B31: Twist, J.J. (Julia) van | C31: Julia | D31: =ROUND( YEARFRAC( Tabel1[[#This Row],[Geb datum]], DATE(2025,12,31), 1 ), 2 ) -> 10.37 | E31: 42234 | F31: OW J10 | H31: E2 | L31: NKR20M2 | M31: Seevinck, T. (Tim) | N31: Tim | O31: =ROUND( YEARFRAC( Tabel3[[#This Row],[Geb datum]], DATE(2025,12,31), 1 ), 2 ) -> 22.15 | P31: 37932 | Q31: Stopt | S31: 4
A32: NNB02Y7 | B32: Naeije, E.A. (Eloise) | C32: Eloise | D32: =ROUND( YEARFRAC( Tabel1[[#This Row],[Geb datum]], DATE(2025,12,31), 1 ), 2 ) -> 10.46 | E32: 42203 | F32: OW J11 | H32: E3 | L32: NKW50C2 | M32: Boon, T. (Thijs) | N32: Thijs | O32: =ROUND( YEARFRAC( Tabel3[[#This Row],[Geb datum]], DATE(2025,12,31), 1 ), 2 ) -> 22.07 | P32: 37960 | Q32: S6 | S32: 6
A33: NMW80G9 | B33: Kombe, S.N. (Nesrin) | C33: Nesrin | D33: =ROUND( YEARFRAC( Tabel1[[#This Row],[Geb datum]], DATE(2025,12,31), 1 ), 2 ) -> 10.48 | E33: 42194 | F33: OW J10 | H33: E4 | L33: NKW21H5 | M33: Kuijper, D.V. (David) | N33: David | O33: =ROUND( YEARFRAC( Tabel3[[#This Row],[Geb datum]], DATE(2025,12,31), 1 ), 2 ) -> 22.04 | P33: 37971 | Q33: S6 | S33: 6
A34: NMS99T8 | B34: Rebollo, T. (Tess) | C34: Tess | D34: =ROUND( YEARFRAC( Tabel1[[#This Row],[Geb datum]], DATE(2025,12,31), 1 ), 2 ) -> 10.71 | E34: 42111 | F34: OW J9 | H34: E1 | L34: NKW30G0 | M34: Vlaming, J.C. (Jens) de | N34: Jens | O34: =ROUND( YEARFRAC( Tabel3[[#This Row],[Geb datum]], DATE(2025,12,31), 1 ), 2 ) -> 22.03 | P34: 37974 | Q34: S6 | S34: 6
A35: NML53R9 | B35: Kleingeld, S. (Sofie) | C35: Sofie | D35: =ROUND( YEARFRAC( Tabel1[[#This Row],[Geb datum]], DATE(2025,12,31), 1 ), 2 ) -> 10.75 | E35: 42096 | F35: OW J9 | H35: E1 | L35: NLL37Q7 | M35: Timmer, J. (Jordan) | N35: Jordan | O35: =ROUND( YEARFRAC( Tabel3[[#This Row],[Geb datum]], DATE(2025,12,31), 1 ), 2 ) -> 21.93 | P35: 38010 | Q35: S1S2 | S35: 2
A36: NMM97Y1 | B36: Laban, M. (Maartje) | C36: Maartje | D36: =ROUND( YEARFRAC( Tabel1[[#This Row],[Geb datum]], DATE(2025,12,31), 1 ), 2 ) -> 10.85 | E36: 42058 | F36: OW J9 | H36: E1 | L36: NKX56T0 | M36: Verhagen, L.A.J. (Laurens) | N36: Laurens | O36: =ROUND( YEARFRAC( Tabel3[[#This Row],[Geb datum]], DATE(2025,12,31), 1 ), 2 ) -> 21.72 | P36: 38090 | Q36: Stopt | S36: 5
A37: NMW34Q6 | B37: Arbiati, S. (Sanae) el | C37: Sanae | D37: =ROUND( YEARFRAC( Tabel1[[#This Row],[Geb datum]], DATE(2025,12,31), 1 ), 2 ) -> 11.13 | E37: 41958 | F37: OW J9 | H37: D3 | L37: NKX66T5 | M37: Wietses, J. (Joël) | N37: Joël | O37: =ROUND( YEARFRAC( Tabel3[[#This Row],[Geb datum]], DATE(2025,12,31), 1 ), 2 ) -> 20.59 | P37: 38502 | Q37: S4 | S37: 4
A38: NMJ35H3 | B38: Dongen, P. (Pien) van | C38: Pien | D38: =ROUND( YEARFRAC( Tabel1[[#This Row],[Geb datum]], DATE(2025,12,31), 1 ), 2 ) -> 11.28 | E38: 41901 | F38: OW J8 | H38: D3 | L38: NLB71F2 | M38: Koornneef, W.J. (Wouter) | N38: Wouter | O38: =ROUND( YEARFRAC( Tabel3[[#This Row],[Geb datum]], DATE(2025,12,31), 1 ), 2 ) -> 20.55 | P38: 38517 | Q38: S6 | S38: 6
... A47: NMM21T3 | B47: Boogaart, L. (Lenthe) van den | C47: Lenthe | D47: =ROUND( YEARFRAC( Tabel1[[#This Row],[Geb datum]], DATE(2025,12,31), 1 ), 2 ) -> 12.23 | E47: 41557 | F47: Stopt | H47: D2 | L47: NLM05B2 | M47: Vliet, T. (Tycho) | N47: Tycho | O47: =ROUND( YEARFRAC( Tabel3[[#This Row],[Geb datum]], DATE(2025,12,31), 1 ), 2 ) -> 18.28 | P47: 39346 | Q47: U19 | S47: -
A48: NND10C4 | B48: Rooij, N. (Nora) van | C48: Nora | D48: =ROUND( YEARFRAC( Tabel1[[#This Row],[Geb datum]], DATE(2025,12,31), 1 ), 2 ) -> 12.23 | E48: 41554 | F48: OW J5 | L48: NLL19V8 | M48: Zwanenburg, J. (Jack) | N48: Jack | O48: =ROUND( YEARFRAC( Tabel3[[#This Row],[Geb datum]], DATE(2025,12,31), 1 ), 2 ) -> 18.25 | P48: 39356 | Q48: U19 | S48: A1
A49: NMC85Q4 | B49: Wiel, Y.J. (Yara) van der | C49: Yara | D49: =ROUND( YEARFRAC( Tabel1[[#This Row],[Geb datum]], DATE(2025,12,31), 1 ), 2 ) -> 12.28 | E49: 41537 | F49: OW J6 | H49: D1 | L49: NKZ28R9 | M49: Jongh, M. (Matthijs) de | N49: Matthijs | O49: =ROUND( YEARFRAC( Tabel3[[#This Row],[Geb datum]], DATE(2025,12,31), 1 ), 2 ) -> 18.23 | P49: 39363 | Q49: OW J1 | S49: A3
A50: NMK12D7 | B50: Tims, F. (Fay) | C50: Fay | D50: =ROUND( YEARFRAC( Tabel1[[#This Row],[Geb datum]], DATE(2025,12,31), 1 ), 2 ) -> 12.44 | E50: 41477 | F50: OW J6 | H50: D1 | L50: NLG57L7 | M50: Valk, J.B. (Jarno) | N50: Jarno | O50: =ROUND( YEARFRAC( Tabel3[[#This Row],[Geb datum]], DATE(2025,12,31), 1 ), 2 ) -> 18.22 | P50: 39367 | Q50: U19 | S50: A1
A51: NMG13P0 | B51: Boer, L. (Layla) de | C51: Layla | D51: =ROUND( YEARFRAC( Tabel1[[#This Row],[Geb datum]], DATE(2025,12,31), 1 ), 2 ) -> 12.45 | E51: 41474 | F51: OW J6 | H51: D1 | L51: NLS85H0 | M51: Dekker, O.C. (Onno) den | N51: Onno | O51: =ROUND( YEARFRAC( Tabel3[[#This Row],[Geb datum]], DATE(2025,12,31), 1 ), 2 ) -> 17.52 | P51: 39623 | Q51: U19 | S51: B1
A52: NMW80H6 | B52: Kombe, F.N. (Nurefsan) | C52: Nurefsan | D52: =ROUND( YEARFRAC( Tabel1[[#This Row],[Geb datum]], DATE(2025,12,31), 1 ), 2 ) -> 12.57 | E52: 41430 | F52: OW J7 | H52: D4 | L52: NLN28Y3 | M52: Kuijper, R.A. (Raoul) | N52: Raoul | O52: =ROUND( YEARFRAC( Tabel3[[#This Row],[Geb datum]], DATE(2025,12,31), 1 ), 2 ) -> 17.5 | P52: 39629 | Q52: OW J1 | S52: A3
A53: NMD71P1 | B53: Kleingeld, E. (Evi) | C53: Evi | D53: =ROUND( YEARFRAC( Tabel1[[#This Row],[Geb datum]], DATE(2025,12,31), 1 ), 2 ) -> 12.64 | E53: 41407 | F53: OW J6 | H53: D1 | L53: NLD36P9 | M53: Driesprong, N. (Niek) | N53: Niek | O53: =ROUND( YEARFRAC( Tabel3[[#This Row],[Geb datum]], DATE(2025,12,31), 1 ), 2 ) -> 17.43 | P53: 39655 | Q53: Stopt | S53: A1
A54: NMN23K7 | B54: Moniz, D. (Davina) | C54: Davina | D54: =ROUND( YEARFRAC( Tabel1[[#This Row],[Geb datum]], DATE(2025,12,31), 1 ), 2 ) -> 12.66 | E54: 41398 | F54: OW J6 | H54: D1 | L54: NMJ10P4 | M54: Boshoven, C. (Casper) | N54: Casper | O54: =ROUND( YEARFRAC( Tabel3[[#This Row],[Geb datum]], DATE(2025,12,31), 1 ), 2 ) -> 17.37 | P54: 39676 | Q54: Stopt | S54: A3
A55: NMY80F4 | B55: Niehof, E. (Elske) | C55: Elske | D55: =ROUND( YEARFRAC( Tabel1[[#This Row],[Geb datum]], DATE(2025,12,31), 1 ), 2 ) -> 12.81 | E55: 41344 | F55: OW J7 | H55: D4 | L55: NLP78Q4 | M55: Sas, M. (Maarten) | N55: Maarten | O55: =ROUND( YEARFRAC( Tabel3[[#This Row],[Geb datum]], DATE(2025,12,31), 1 ), 2 ) -> 17.35 | P55: 39686 | Q55: U19 | S55: A2
A56: NMN14R4 | B56: Oosse, E. (Esther) | C56: Esther | D56: =ROUND( YEARFRAC( Tabel1[[#This Row],[Geb datum]], DATE(2025,12,31), 1 ), 2 ) -> 12.87 | E56: 41323 | F56: OW J7 | H56: D2 | L56: NLL37S1 | M56: Camphens, T. (Tijn) | N56: Tijn | O56: =ROUND( YEARFRAC( Tabel3[[#This Row],[Geb datum]], DATE(2025,12,31), 1 ), 2 ) -> 17.19 | P56: 39744 | Q56: U19 | S56: A2
A57: NMP92X2 | B57: Geldrop, I.I. (Imke) van | C57: Imke | D57: =ROUND( YEARFRAC( Tabel1[[#This Row],[Geb datum]], DATE(2025,12,31), 1 ), 2 ) -> 12.92 | E57: 41303 | F57: OW J6 | H57: D1 | L57: NLS75Y4 | M57: Heersping, D.B.A.C. (Dani) | N57: Dani | O57: =ROUND( YEARFRAC( Tabel3[[#This Row],[Geb datum]], DATE(2025,12,31), 1 ), 2 ) -> 17.16 | P57: 39753 | Q57: U19 | S57: A2
A58: NMP73C8 | B58: Uljee, T. (Tess) | C58: Tess | D58: =ROUND( YEARFRAC( Tabel1[[#This Row],[Geb datum]], DATE(2025,12,31), 1 ), 2 ) -> 12.99 | E58: 41278 | F58: OW J5 | H58: D2 | L58: NLY54F4 | M58: Vos, J. (Justin) | N58: Justin | O58: =ROUND( YEARFRAC( Tabel3[[#This Row],[Geb datum]], DATE(2025,12,31), 1 ), 2 ) -> 16.96 | P58: 39829 | Q58: AR | S58: B3
A59: NLZ39C9 | B59: Bakker, A. (Anouk) | C59: Anouk | D59: =ROUND( YEARFRAC( Tabel1[[#This Row],[Geb datum]], DATE(2025,12,31), 1 ), 2 ) -> 13.16 | E59: 41214 | F59: OW J4 | H59: C2 | L59: NLV35B6 | M59: Quarre, S.M. (Stephan) | N59: Stephan | O59: =ROUND( YEARFRAC( Tabel3[[#This Row],[Geb datum]], DATE(2025,12,31), 1 ), 2 ) -> 16.82 | P59: 39878 | Q59: OW J2 | S59: B3
A60: NMX62K4 | B60: Markusse, M. (Milou) | C60: Milou | D60: =ROUND( YEARFRAC( Tabel1[[#This Row],[Geb datum]], DATE(2025,12,31), 1 ), 2 ) -> 13.26 | E60: 41178 | F60: OW J5 | H60: C3 | L60: NMK85P5 | M60: Pichel, T. (Timo) | N60: Timo | O60: =ROUND( YEARFRAC( Tabel3[[#This Row],[Geb datum]], DATE(2025,12,31), 1 ), 2 ) -> 16.5 | P60: 39996 | Q60: U17 | S60: B2
... A70: NML06D5 | B70: Waard, O.J. (Olivia) de | C70: Olivia | D70: =ROUND( YEARFRAC( Tabel1[[#This Row],[Geb datum]], DATE(2025,12,31), 1 ), 2 ) -> 13.92 | E70: 40937 | F70: U15-1 | H70: C1 | L70: NLY32T6 | M70: Ven, J. (Jonas) van de | N70: Jonas | O70: =ROUND( YEARFRAC( Tabel3[[#This Row],[Geb datum]], DATE(2025,12,31), 1 ), 2 ) -> 15.36 | P70: 40413 | Q70: U17 | S70: B2
A71: NMN48D3 | B71: Wietses, E.A.E. (Ester) | C71: Ester | D71: =ROUND( YEARFRAC( Tabel1[[#This Row],[Geb datum]], DATE(2025,12,31), 1 ), 2 ) -> 13.97 | E71: 40918 | F71: OW J3 | L71: NMD51K6 | M71: Vos, T. (Thomas) | N71: Thomas | O71: =ROUND( YEARFRAC( Tabel3[[#This Row],[Geb datum]], DATE(2025,12,31), 1 ), 2 ) -> 15.27 | P71: 40446 | Q71: U17 | S71: B2
A72: NMW83F1 | B72: Lotgerink, A. (Anne-Sophie) | C72: Anne-Sophie | D72: =ROUND( YEARFRAC( Tabel1[[#This Row],[Geb datum]], DATE(2025,12,31), 1 ), 2 ) -> 13.99 | E72: 40912 | F72: OW J3 | H72: C3 | L72: NMQ51D0 | M72: Kerschkamp, M. (Mika) | N72: Mika | O72: =ROUND( YEARFRAC( Tabel3[[#This Row],[Geb datum]], DATE(2025,12,31), 1 ), 2 ) -> 14.99 | P72: 40547 | Q72: OW J3 | S72: C3
A73: NNF00X8 | B73: Grandia, R.(Rolina) | C73: Rolina | D73: =ROUND( YEARFRAC( Tabel1[[#This Row],[Geb datum]], DATE(2025,12,31), 1 ), 2 ) -> 14.08 | E73: 40878 | F73: OW J3 | L73: NMG18G2 | M73: Belder, L. (Lenn) | N73: Lenn | O73: =ROUND( YEARFRAC( Tabel3[[#This Row],[Geb datum]], DATE(2025,12,31), 1 ), 2 ) -> 14.96 | P73: 40557 | Q73: U15-1 | S73: C1
A74: NMN06Y4 | B74: Jongkind, P. (Pippa) | C74: Pippa | D74: =ROUND( YEARFRAC( Tabel1[[#This Row],[Geb datum]], DATE(2025,12,31), 1 ), 2 ) -> 14.31 | E74: 40796 | F74: OW J2 | H74: B4 | L74: NMC61P5 | M74: Dekker, T.J. (Tiemen) den | N74: Tiemen | O74: =ROUND( YEARFRAC( Tabel3[[#This Row],[Geb datum]], DATE(2025,12,31), 1 ), 2 ) -> 14.77 | P74: 40626 | Q74: U15-1 | S74: C1
A75: NLS34M7 | B75: Camphens, S. (Saar) | C75: Saar | D75: =ROUND( YEARFRAC( Tabel1[[#This Row],[Geb datum]], DATE(2025,12,31), 1 ), 2 ) -> 14.33 | E75: 40786 | F75: U15-1 | H75: C1 | L75: NMP90X6 | M75: Molendijk, L. (Levi) | N75: Levi | O75: =ROUND( YEARFRAC( Tabel3[[#This Row],[Geb datum]], DATE(2025,12,31), 1 ), 2 ) -> 14.46 | P75: 40741 | Q75: OW J3 | S75: C3
A76: NMK74C6 | B76: Nijman, F.J.J. (Famke) | C76: Famke | D76: =ROUND( YEARFRAC( Tabel1[[#This Row],[Geb datum]], DATE(2025,12,31), 1 ), 2 ) -> 14.51 | E76: 40722 | F76: U15-1 | H76: C2 | L76: NMF22Q8 | M76: Jacobs, X. (Xavi) | N76: Xavi | O76: =ROUND( YEARFRAC( Tabel3[[#This Row],[Geb datum]], DATE(2025,12,31), 1 ), 2 ) -> 14.43 | P76: 40750 | Q76: Stopt | S76: C2
A77: NMQ57X8 | B77: Driel, S. (Sanne) van | C77: Sanne | D77: =ROUND( YEARFRAC( Tabel1[[#This Row],[Geb datum]], DATE(2025,12,31), 1 ), 2 ) -> 14.57 | E77: 40700 | F77: OW J4 | H77: C2 | L77: NMK12K6 | M77: Vos, T. (Thijs) | N77: Thijs | O77: =ROUND( YEARFRAC( Tabel3[[#This Row],[Geb datum]], DATE(2025,12,31), 1 ), 2 ) -> 14.32 | P77: 40790 | Q77: OW J4 | S77: C2
A78: NMN07F4 | B78: Barbaroux, M.N. (Manon) | C78: Manon | D78: =ROUND( YEARFRAC( Tabel1[[#This Row],[Geb datum]], DATE(2025,12,31), 1 ), 2 ) -> 14.74 | E78: 40637 | F78: Stopt | H78: B4 | L78: NLV80P4 | M78: Heersping, S. (Sander) | N78: Sander | O78: =ROUND( YEARFRAC( Tabel3[[#This Row],[Geb datum]], DATE(2025,12,31), 1 ), 2 ) -> 14.28 | P78: 40806 | Q78: U15-1 | S78: C1
A79: NNB34K0 | B79: Jansen, L. (Lieke) | C79: Lieke | D79: =ROUND( YEARFRAC( Tabel1[[#This Row],[Geb datum]], DATE(2025,12,31), 1 ), 2 ) -> 14.85 | E79: 40599 | F79: OW J3 | L79: NMZ46V5 | M79: Croes, A.A. (Aidric) | N79: Aidric | O79: =ROUND( YEARFRAC( Tabel3[[#This Row],[Geb datum]], DATE(2025,12,31), 1 ), 2 ) -> 14.25 | P79: 40817 | Q79: OW J3 | S79: C3
A80: NLM86V5 | B80: Vaartmans, B. (Britt) | C80: Britt | D80: =ROUND( YEARFRAC( Tabel1[[#This Row],[Geb datum]], DATE(2025,12,31), 1 ), 2 ) -> 14.95 | E80: 40561 | F80: OW J4 | H80: - | L80: NMZ41P8 | M80: Weijde, D. (Daan) van der | N80: Daan | O80: =ROUND( YEARFRAC( Tabel3[[#This Row],[Geb datum]], DATE(2025,12,31), 1 ), 2 ) -> 14.17 | P80: 40846 | Q80: OW J3 | S80: C3
A81: NMP10M9 | B81: Bergh, M.J. (Marit) van den | C81: Marit | D81: =ROUND( YEARFRAC( Tabel1[[#This Row],[Geb datum]], DATE(2025,12,31), 1 ), 2 ) -> 15.01 | E81: 40541 | F81: OW J2 | H81: B3 | L81: NMT18Q5 | M81: Reus, M.F. (Matthijs) de | N81: Matthijs | O81: =ROUND( YEARFRAC( Tabel3[[#This Row],[Geb datum]], DATE(2025,12,31), 1 ), 2 ) -> 14.16 | P81: 40848 | Q81: U15-1 | S81: C2
A82: NLP78L9 | B82: Wiel, D.N. (Danique) van der | C82: Danique | D82: =ROUND( YEARFRAC( Tabel1[[#This Row],[Geb datum]], DATE(2025,12,31), 1 ), 2 ) -> 15.01 | E82: 40538 | F82: OW J2 | H82: B3 | L82: NMC41W4 | M82: Ameijden, J. (Joep) van | N82: Joep | O82: =ROUND( YEARFRAC( Tabel3[[#This Row],[Geb datum]], DATE(2025,12,31), 1 ), 2 ) -> 13.94 | P82: 40929 | Q82: OW J4 | S82: C2
A83: NLM40K0 | B83: Bouwknegt, E.L. (Enora) | C83: Enora | D83: =ROUND( YEARFRAC( Tabel1[[#This Row],[Geb datum]], DATE(2025,12,31), 1 ), 2 ) -> 15.09 | E83: 40512 | F83: OW J2 | H83: B3 | L83: NMZ41X4 | M83: Haseth, F.M. (Finn) de | N83: Finn | O83: =ROUND( YEARFRAC( Tabel3[[#This Row],[Geb datum]], DATE(2025,12,31), 1 ), 2 ) -> 13.7 | P83: 41017 | Q83: OW J3 | S83: C3
A84: NLS54M7 | B84: Baas, N.J. (Nikki) | C84: Nikki | D84: =ROUND( YEARFRAC( Tabel1[[#This Row],[Geb datum]], DATE(2025,12,31), 1 ), 2 ) -> 15.12 | E84: 40498 | F84: OW J2 | H84: B3 | L84: NLV80M3 | M84: Laban, F.C. (Freek) | N84: Freek | O84: =ROUND( YEARFRAC( Tabel3[[#This Row],[Geb datum]], DATE(2025,12,31), 1 ), 2 ) -> 13.63 | P84: 41044 | Q84: U15-1 | S84: C1
A85: NKT65Z0 | B85: Kleingeld, J.N. (Julia) | C85: Julia | D85: =ROUND( YEARFRAC( Tabel1[[#This Row],[Geb datum]], DATE(2025,12,31), 1 ), 2 ) -> 15.27 | E85: 40446 | F85: U17 | H85: B1 | L85: NMC29Z9 | M85: Vos, J. (Juda) | N85: Juda | O85: =ROUND( YEARFRAC( Tabel3[[#This Row],[Geb datum]], DATE(2025,12,31), 1 ), 2 ) -> 13.42 | P85: 41121 | Q85: OW J4 | S85: C2
A86: NLN41L1 | B86: Stomp, N. (Noa) | C86: Noa | D86: =ROUND( YEARFRAC( Tabel1[[#This Row],[Geb datum]], DATE(2025,12,31), 1 ), 2 ) -> 15.29 | E86: 40439 | F86: U17 | H86: B1 | L86: NMQ65B3 | M86: Uljee, C. (Cas) | N86: Cas | O86: =ROUND( YEARFRAC( Tabel3[[#This Row],[Geb datum]], DATE(2025,12,31), 1 ), 2 ) -> 12.99 | P86: 41278 | Q86: OW J5 | S86: D2
A87: NLL20H8 | B87: Burgt, F. (Feline) van de | C87: Feline | D87: =ROUND( YEARFRAC( Tabel1[[#This Row],[Geb datum]], DATE(2025,12,31), 1 ), 2 ) -> 15.31 | E87: 40429 | F87: U17 | H87: B2 | L87: NMN49T8 | M87: Verberkt, N. (Nathan) | N87: Nathan | O87: =ROUND( YEARFRAC( Tabel3[[#This Row],[Geb datum]], DATE(2025,12,31), 1 ), 2 ) -> 12.98 | P87: 41282 | Q87: OW J6 | S87: D1
A88: NLQ98H2 | B88: Bakker, F. (Femke) | C88: Femke | D88: =ROUND( YEARFRAC( Tabel1[[#This Row],[Geb datum]], DATE(2025,12,31), 1 ), 2 ) -> 15.55 | E88: 40344 | F88: OW J2 | H88: B3 | L88: NMJ72R4 | M88: Bemer, F.G.L. (Falco) | N88: Falco | O88: =ROUND( YEARFRAC( Tabel3[[#This Row],[Geb datum]], DATE(2025,12,31), 1 ), 2 ) -> 12.93 | P88: 41299 | Q88: OW J6 | S88: D1
A89: NLC78B6 | B89: Dekker, J. (Jordan) | C89: Jordan | D89: =ROUND( YEARFRAC( Tabel1[[#This Row],[Geb datum]], DATE(2025,12,31), 1 ), 2 ) -> 15.56 | E89: 40339 | F89: OW J1 | H89: - | L89: NMJ72P0 | M89: Bemer, T.R.S (Tygo) | N89: Tygo | O89: =ROUND( YEARFRAC( Tabel3[[#This Row],[Geb datum]], DATE(2025,12,31), 1 ), 2 ) -> 12.93 | P89: 41299 | Q89: OW J6 | S89: D1
A90: NLX64V0 | B90: Boer, E.M. (Esmée) de | C90: Esmée | D90: =ROUND( YEARFRAC( Tabel1[[#This Row],[Geb datum]], DATE(2025,12,31), 1 ), 2 ) -> 15.59 | E90: 40328 | F90: U17 | H90: C1 | L90: NMN23L4 | M90: Kuling, F. (Fynn) | N90: Fynn | O90: =ROUND( YEARFRAC( Tabel3[[#This Row],[Geb datum]], DATE(2025,12,31), 1 ), 2 ) -> 12.72 | P90: 41375 | Q90: OW J5 | S90: D2
A91: NLX25R5 | B91: Engelfriet, D. (Demi) | C91: Demi | D91: =ROUND( YEARFRAC( Tabel1[[#This Row],[Geb datum]], DATE(2025,12,31), 1 ), 2 ) -> 15.59 | E91: 40327 | F91: U17 | H91: B1 | L91: NMN23M1 | M91: Veenendaal, M. (Martijn) | N91: Martijn | O91: =ROUND( YEARFRAC( Tabel3[[#This Row],[Geb datum]], DATE(2025,12,31), 1 ), 2 ) -> 12.08 | P91: 41611 | Q91: OW J5 | S91: D2
... A119: NKT92K1 | B119: Jongh, A. (Anouk) de | C119: Anouk | D119: =ROUND( YEARFRAC( Tabel1[[#This Row],[Geb datum]], DATE(2025,12,31), 1 ), 2 ) -> 20.33 | E119: 38597 | F119: S4 | H119: 4 | L119: NMY97N6 | M119: Jong, S. (Sepp) de | N119: Sepp | O119: =ROUND( YEARFRAC( Tabel3[[#This Row],[Geb datum]], DATE(2025,12,31), 1 ), 2 ) -> 8.31 | P119: 42986 | Q119: OW J13 | S119: F1
A120: NKN53B5 | B120: Versnel, V. (Vivienne) | C120: Vivienne | D120: =ROUND( YEARFRAC( Tabel1[[#This Row],[Geb datum]], DATE(2025,12,31), 1 ), 2 ) -> 20.46 | E120: 38550 | F120: S6 | H120: A3 | L120: NND77N2 | M120: Houweling, J. (Jeftha) | N120: Jeftha | O120: =ROUND( YEARFRAC( Tabel3[[#This Row],[Geb datum]], DATE(2025,12,31), 1 ), 2 ) -> 8.1 | P120: 43062 | Q120: OW J17
A121: NLB70S0 | B121: Quarré, E.A. (Elena) | C121: Elena | D121: =ROUND( YEARFRAC( Tabel1[[#This Row],[Geb datum]], DATE(2025,12,31), 1 ), 2 ) -> 20.57 | E121: 38509 | F121: S4 | H121: 4 | L121: NNC40P9 | M121: Koolstra, H. (Hidde) | N121: Hidde | O121: =ROUND( YEARFRAC( Tabel3[[#This Row],[Geb datum]], DATE(2025,12,31), 1 ), 2 ) -> 7.96 | P121: 43114 | Q121: OW J15 | S121: F3
A122: NLB70T7 | B122: Boeije, A.J. (Amber) | C122: Amber | D122: =ROUND( YEARFRAC( Tabel1[[#This Row],[Geb datum]], DATE(2025,12,31), 1 ), 2 ) -> 20.65 | E122: 38480 | F122: Stopt | H122: 6 | L122: NNC46X3 | M122: Roos, L. (Lucas) | N122: Lucas | O122: =ROUND( YEARFRAC( Tabel3[[#This Row],[Geb datum]], DATE(2025,12,31), 1 ), 2 ) -> 7.82 | P122: 43166 | Q122: OW J16 | S122: F4
A123: NLL20B6 | B123: Wensen, M. (Maud) | C123: Maud | D123: =ROUND( YEARFRAC( Tabel1[[#This Row],[Geb datum]], DATE(2025,12,31), 1 ), 2 ) -> 20.73 | E123: 38451 | F123: S4 | L123: NNB52J7 | M123: Groot, F. (Finn) de | N123: Finn | O123: =ROUND( YEARFRAC( Tabel3[[#This Row],[Geb datum]], DATE(2025,12,31), 1 ), 2 ) -> 7.69 | P123: 43214 | Q123: OW J17 | S123: F3
A124: NKY17P6 | B124: Groeneweg, R.K. (Roos) | C124: Roos | D124: =ROUND( YEARFRAC( Tabel1[[#This Row],[Geb datum]], DATE(2025,12,31), 1 ), 2 ) -> 20.78 | E124: 38432 | F124: S1S2 | H124: 2 | L124: NMW39Y7 | M124: Verberkt, R.J. (Ruben) | N124: Ruben | O124: =ROUND( YEARFRAC( Tabel3[[#This Row],[Geb datum]], DATE(2025,12,31), 1 ), 2 ) -> 7.36 | P124: 43333 | Q124: OW J17 | S124: F3
A125: NND44J | B125: Schaap, R. (Romy) | C125: Romy | D125: =ROUND( YEARFRAC( Tabel1[[#This Row],[Geb datum]], DATE(2025,12,31), 1 ), 2 ) -> 21.21 | E125: 38274 | L125: NMZ29T0 | M125: Wingerden, B.R. (Branley) van | N125: Branley | O125: =ROUND( YEARFRAC( Tabel3[[#This Row],[Geb datum]], DATE(2025,12,31), 1 ), 2 ) -> 6.95 | P125: 43485 | Q125: OW J16 | S125: F4
A126: NLB70Z9 | B126: Lievaart, C.A. (Carlijn) | C126: Carlijn | D126: =ROUND( YEARFRAC( Tabel1[[#This Row],[Geb datum]], DATE(2025,12,31), 1 ), 2 ) -> 21.23 | E126: 38267 | F126: S4 | H126: 4 | L126: NMY74V3 | M126: Ploeg, F. (Finn) | N126: Finn | O126: =ROUND( YEARFRAC( Tabel3[[#This Row],[Geb datum]], DATE(2025,12,31), 1 ), 2 ) -> 6.82 | P126: 43532 | Q126: OW J15 | S126: F3
A127: NKX36X8 | B127: Witman, K. (Kimberley) | C127: Kimberley | D127: =ROUND( YEARFRAC( Tabel1[[#This Row],[Geb datum]], DATE(2025,12,31), 1 ), 2 ) -> 21.52 | E127: 38163 | F127: S6 | H127: 6 | L127: 111 | M127: - Heer S1/S2 | N127: Heer S1S2 | O127: =ROUND( YEARFRAC( Tabel3[[#This Row],[Geb datum]], DATE(2025,12,31), 1 ), 2 ) -> 6 | P127: 43831 | Q127: S4
A128: NKK48D6 | B128: Mol, L.N.A. (Laura) | C128: Laura | D128: =ROUND( YEARFRAC( Tabel1[[#This Row],[Geb datum]], DATE(2025,12,31), 1 ), 2 ) -> 21.75 | E128: 38079 | F128: S4 | H128: 4 | L128: NMY03K8 | M128: Bezemer, O. (Olle) | N128: Olle | O128: =ROUND( YEARFRAC( Tabel3[[#This Row],[Geb datum]], DATE(2025,12,31), 1 ), 2 ) -> 5.01 | P128: 44190 | Q128: K | S128: K
A129: NKQ40Q9 | B129: Driesprong, M. (Meike) | C129: Meike | D129: =ROUND( YEARFRAC( Tabel1[[#This Row],[Geb datum]], DATE(2025,12,31), 1 ), 2 ) -> 21.93 | E129: 38011 | F129: S1S2 | H129: 1
A130: NKK27G4 | B130: Valk, M.E. (Marlies) | C130: Marlies | D130: =ROUND( YEARFRAC( Tabel1[[#This Row],[Geb datum]], DATE(2025,12,31), 1 ), 2 ) -> 22.78 | E130: 37702 | F130: S5 | H130: 5
A131: NKK27B9 | B131: Fernhout, L. (Loïs) | C131: Loïs | D131: =ROUND( YEARFRAC( Tabel1[[#This Row],[Geb datum]], DATE(2025,12,31), 1 ), 2 ) -> 22.83 | E131: 37684 | F131: S1S2 | H131: 2
A132: NKG18N7 | B132: Teerds, E.L. (Eva) | C132: Eva | D132: =ROUND( YEARFRAC( Tabel1[[#This Row],[Geb datum]], DATE(2025,12,31), 1 ), 2 ) -> 23.19 | E132: 37551 | F132: S1S2 | H132: 2
A133: NLB70X5 | B133: Friebel, A. (Angela) | C133: Angela | D133: =ROUND( YEARFRAC( Tabel1[[#This Row],[Geb datum]], DATE(2025,12,31), 1 ), 2 ) -> 23.22 | E133: 37541 | F133: S6 | H133: 6
A134: NKJ29C1 | B134: Pierse, A.W. (Anniek) | C134: Anniek | D134: =ROUND( YEARFRAC( Tabel1[[#This Row],[Geb datum]], DATE(2025,12,31), 1 ), 2 ) -> 23.81 | E134: 37324 | F134: S5 | H134: 5
A135: NKJ95L7 | B135: Oppe, M. (Milou) | C135: Milou | D135: =ROUND( YEARFRAC( Tabel1[[#This Row],[Geb datum]], DATE(2025,12,31), 1 ), 2 ) -> 23.86 | E135: 37307 | F135: S1S2 | H135: 1
A136: NLS08G2 | B136: Dubbeld, S. (Sanne) | C136: Sanne | D136: =ROUND( YEARFRAC( Tabel1[[#This Row],[Geb datum]], DATE(2025,12,31), 1 ), 2 ) -> 23.89 | E136: 37295 | F136: S6 | H136: 6
A137: NKC46T4 | B137: Koote, L.D. (Laura) | C137: Laura | D137: =ROUND( YEARFRAC( Tabel1[[#This Row],[Geb datum]], DATE(2025,12,31), 1 ), 2 ) -> 23.96 | E137: 37269 | F137: S5 | H137: 5
A138: NKQ14R3 | B138: Wit, N.M.T. (Nadia) de | C138: Nadia | D138: =ROUND( YEARFRAC( Tabel1[[#This Row],[Geb datum]], DATE(2025,12,31), 1 ), 2 ) -> 24.42 | E138: 37104 | F138: S5 | H138: 5
A139: NKQ13Q3 | B139: Wit, S.E.E. (Syrah) de | C139: Syrah | D139: =ROUND( YEARFRAC( Tabel1[[#This Row],[Geb datum]], DATE(2025,12,31), 1 ), 2 ) -> 24.42 | E139: 37104 | F139: S5 | H139: 5
A140: NKG59H8 | B140: Dommisse, K. (Kim) | C140: Kim | D140: =ROUND( YEARFRAC( Tabel1[[#This Row],[Geb datum]], DATE(2025,12,31), 1 ), 2 ) -> 24.72 | E140: 36993 | F140: S4 | H140: 4
... A143: NJY82Z9 | B143: Dubbeld, T. (Tessa) | C143: Tessa | D143: =ROUND( YEARFRAC( Tabel1[[#This Row],[Geb datum]], DATE(2025,12,31), 1 ), 2 ) -> 25.07 | E143: 36865 | F143: S6 | H143: 6
A144: XXX | B144: - Dame S1/S2 | C144: Dame S1/S2 | D144: =ROUND( YEARFRAC( Tabel1[[#This Row],[Geb datum]], DATE(2025,12,31), 1 ), 2 ) -> 26 | E144: 36526 | F144: S4
B145: Hulsker, N.M. (Nina) | C145: Nina | D145: =ROUND( YEARFRAC( Tabel1[[#This Row],[Geb datum]], DATE(2025,12,31), 1 ), 2 ) -> 26.38 | E145: 36385 | F145: S6 | H145: S4
A146: NJV33D0 | B146: Knippenberg, R. (Rachel) | C146: Rachel | D146: =ROUND( YEARFRAC( Tabel1[[#This Row],[Geb datum]], DATE(2025,12,31), 1 ), 2 ) -> 26.87 | E146: 36207 | F146: S4
...

Sheet Teams
K1: Maandag | AI1: Dinsdag | BG1: Woensdag | CE1: Donderdag
K2: 0.70833333 | L2: - | M2: - | N2: - | O2: 0.75 | P2: - | Q2: - | R2: - | S2: 0.79166667 | T2: - | U2: - | V2: - | W2: 0.83333333 | X2: - | Y2: - | Z2: - | AA2: 0.875 | AB2: - | AC2: - | AD2: - | AE2: 0.91666667 | AF2: - | AG2: - | AH2: - | AI2: 0.70833333 | AJ2: - | AK2: - | AL2: - | AM2: 0.75 | AN2: - | AO2: - | AP2: - | AQ2: 0.79166667 | AR2: - | AS2: - | AT2: - | AU2: 0.83333333 | AV2: - | AW2: - | AX2: - | AY2: 0.875 | AZ2: - | BA2: - | BB2: - | BC2: 0.91666667 | BD2: - | BE2: - | BF2: - | BG2: 0.70833333 | BH2: - | BI2: - | BJ2: - | BK2: 0.75 | BL2: - | BM2: - | BN2: - | BO2: 0.79166667 | BP2: - | BQ2: - | BR2: - | BS2: 0.83333333 | BT2: - | BU2: - | BV2: - | BW2: 0.875 | BX2: - | BY2: - | BZ2: - | CA2: 0.91666667 | CB2: - | CC2: - | CD2: - | CE2: 0.70833333 | CF2: - | CG2: - | CH2: - | CI2: 0.75 | CJ2: - | CK2: - | CL2: - | CM2: 0.79166667 | CN2: - | CO2: - | CP2: - | CQ2: 0.83333333 | CR2: - | CS2: - | CT2: - | CU2: 0.875 | CV2: - | CW2: - | CX2: - | CY2: 0.91666667 | CZ2: - | DA2: - | DB2: -
A3: 2025-2026 | B3: Selectie/Team | C3: Team | D3: Naam | E3: A/B | F3: Kleur | G3: 8 of 4-korfbal | H3: Gem. Leeftijd | I3: (Samenstelling 24-25)
A4: Ja | B4: Selectie | C4: S1S2 | D4: 1e selectie senioren
A5: Ja | B5: Team | C5: S1 | D5: Senioren 1 | E5: A | G5: 8 | I5: 1
A6: Ja | B6: Team | C6: S2 | D6: Senioren 2 | E6: A | G6: 8 | I6: 2
A7: Ja | B7: Team | C7: S3 | D7: Senioren 3 | E7: A | G7: 8 | I7: 3
A8: Ja | B8: Team | C8: S4 | D8: Senioren 4 | E8: A | G8: 8 | I8: 4
A9: Ja | B9: Team | C9: S5 | D9: Senioren 5 | E9: B | G9: 8 | I9: 5
A10: Ja | B10: Team | C10: S6 | D10: Senioren 6 | E10: B | G10: 8 | I10: 6
A11: ? | B11: Team | C11: S7 | D11: Senioren 7 | E11: B | G11: 8 | H11: 18 | I11: A3
A12: Ja | B12: Selectie | C12: U19 | D12: U19 Selectie
A13: Ja | B13: Team | C13: U19-1 | D13: U19-1 | E13: A | G13: 8 | I13: A1
A14: Ja | B14: Team | C14: U19-2 | D14: U19-2 | E14: A | G14: 8 | I14: A2
A15: Ja | B15: Selectie | C15: U17 | D15: U17 selectie
A16: Ja | B16: Team | C16: U17-1 | D16: U17-1 | E16: A | G16: 8 | I16: B1
A17: Ja | B17: Team | C17: U17-2 | D17: U17-2 | E17: A | G17: 8 | I17: B2/C1
A18: Nee | B18: Selectie | C18: U15 | D18: U15 | I18: C1/C2
A19: Ja | B19: Team | C19: U15-1 | D19: U15-1 | E19: A | G19: 8 | I19: C1/C2
A20: Nee | B20: Team | C20: U15-2 | D20: U15-2 | E20: A | G20: 8
A21: Ja | B21: Team | C21: OW J01 | D21: OW Jeugd 01 | E21: B | F21: Rood | G21: 8 | H21: 15.5 | I21: B3
A22: Ja | B22: Team | C22: OW J02 | D22: OW Jeugd 02 | E22: B | F22: Rood | G22: 8 | H22: 15.5 | I22: B4
A23: Ja | B23: Team | C23: OW J03 | D23: OW Jeugd 03 | E23: B | F23: Oranje | G23: 8 | H23: 14 | I23: C2
A24: Ja | B24: Team | C24: OW J04 | D24: OW Jeugd 04 | E24: B | F24: Oranje | G24: 8 | H24: 14 | I24: C3
A25: Ja | B25: Team | C25: OW J05 | D25: OW Jeugd 05 | E25: B | F25: Oranje | G25: 8 | H25: 12.5 | I25: D1
A26: Ja | B26: Team | C26: OW J06 | D26: OW Jeugd 06 | E26: B | F26: Oranje | G26: 8 | H26: 12.5 | I26: D2
A27: Ja | B27: Team | C27: OW J07 | D27: OW Jeugd 07 | E27: B | F27: Geel | G27: 8 | H27: 12 | I27: D3
A28: Ja | B28: Team | C28: OW J08 | D28: OW Jeugd 08 | E28: B | F28: Geel | G28: 8 | H28: 12 | I28: D4
A29: Ja | B29: Team | C29: OW J09 | D29: OW Jeugd 09 | E29: B | F29: Geel | G29: 8 | H29: 11 | I29: E1
A30: Ja | B30: Team | C30: OW J10 | D30: OW Jeugd 10 | E30: B | F30: Geel | G30: 8 | H30: 10.5 | I30: E2
A31: Ja | B31: Team | C31: OW J11 | D31: OW Jeugd 11 | E31: B | F31: Groen | G31: 4 | H31: 10 | I31: E3
A32: Ja | B32: Team | C32: OW J12 | D32: OW Jeugd 12 | E32: B | F32: Groen | G32: 4 | H32: 9.5 | I32: E4
... A38: Ja | B38: Team | C38: OW J18 | D38: OW Jeugd 18 | E38: B | F38: Blauw | G38: 4 | H38: 6.5 | I38: Nieuwe F
A39: Nee | B39: Team | C39: OW J19
A40: Nee | B40: Team | C40: OW J20
C41: OW K | D41: Kangoeroes | E41: B | F41: -
L42: Veld 1
L43: Veld 2
L44: Veld 3

Sheet Staf
A1: Naam | B1: Team | C1: Functie | D1: eigen team | E1: team vorig jaar | F1: Niveau | G1: Column1 | H1: Column2
A2: Menno Kop | B2: S1S2 | C2: Trainer/Coach S1
A3: Niels Mastijn | B3: S1S2 | C3: Trainer/Coach S1
A4: Rene te Witt | B4: S1S2 | C4: Trainer/Coach S2 | D4: S1S2 | E4: S1S2 | F4: Senior - KT3
A5: Fred Lichteveld | B5: S1S2 | C5: Teammanager S2 | D5: X | E5: A1A2
A6: Ruben Kamerbeek | B6: S1S2 | C6: Fysio | D6: S1S2 | E6: S1S2 | F6: nvt
A7: Anouk de Jongh | B7: S1S2 | C7: Verzorger | D7: A3 | E7: D3 | F7: Medior
A8: Joris van den Neucker | B8: S1S2 | C8: Analist S1 | D8: S1S2 | E8: S1S2 | F8: nvt
A9: Kim Ardon | B9: S3 | C9: Begeleider | D9: X | E9: S3
A10: Dio Naaktgeboren | B10: S4 | C10: Trainer/Coach | D10: X | E10: S4
A11: Arthyn Muller | B11: U19 | C11: Trainer/Coach U19-1 | E11: S1S2 | F11: Senior
A12: Lianne Stomp - vd Burgt | B12: U19 | C12: Trainer/Coach U19-1 | D12: - | E12: F1 | F12: Senior
A13: Jens Lohuis | B13: U19 | C13: Trainer/Coach U19-2 | D13: A1/A2 | E13: - | F13: Medior
A14: Joël Wietses | B14: U19 | C14: Trainer/Coach U19-2 | D14: A1/A2 | E14: - | F14: Medior
A15: Jasper Kleingeld | B15: U17 | C15: Trainer/Coach U17-1 | D15: X | E15: B1B2 | F15: Senior
A16: Mees Oppe | B16: U17 | C16: Trainer/Coach U17-1 | D16: DeetosSnel 1 | E16: B1B2 | F16: Junior - KT2
A17: Alex de Boer | B17: U17 | C17: Trainer/Coach U17-2 | D17: X | E17: D1 | F17: Senior
A18: Tom van de Ven | B18: U17 | C18: Trainer/Coach U17-2 | D18: X | E18: D1 | F18: Medior
A19: Alex van de Klooster | B19: U17 | C19: Teammanager U17 | E19: U17
A20: Bas de Jong | B20: U17 | C20: Ondersteuning U17
A21: Milou Oppe | B21: U15-1 | C21: Trainer/Coach | D21: S1/S2 | E21: C1 | F21: Junior - KT2
A22: Rob van Dongen | B22: U15-1 | C22: Trainer/Coach | E22: A1A2
A23: Luuk Baars | B23: OW J1 | C23: Trainer/Coach | E23: B4
A24: Maud van Wensen | B24: OW J1 | C24: Trainer/Coach | D24: A1/A2 | E24: B4 | F24: Junior - KT2
A25: Martijn van der Wiel | B25: OW J2 | C25: Trainer/Coach | D25: X | E25: B3 | F25: Medior
A26: Chris Gerritsen | B26: OW J3 | C26: Trainer/Coach
A27: Fieneke Lotgerink | B27: OW J3 | C27: Trainer/Coach
A28: Niek Driesprong | B28: OW J4 | C28: Trainer/Coach | D28: DeetosSnel U19 | F28: Medior
A29: Seth vd Burgt | B29: OW J4 | C29: Trainer/Coach | E29: F1 | F29: Startend - KT2
A30: Sophie Kilsdonk | B30: OW J4 | C30: Trainer/Coach | E30: F1 | F30: Startend - KT2
A31: Justin Vos | B31: OW J5 | C31: Trainer/Coach
A32: Sara Boshoven | B32: OW J5 | C32: Trainer/Coach | E32: D2 | H32: gaat door
A33: Kimberley Witman | B33: OW J6 | C33: Trainer/Coach | E33: C2
A34: Robert Koster | B34: OW J6 | C34: Trainer/Coach | D34: X | E34: C2 | F34: Senior
A35: Senne Koster | B35: OW J6 | C35: Trainer/Coach | E35: C2 | F35: Junior
A36: Nadia de Wit | B36: OW J7 | C36: Trainer/Coach | D36: S7 | E36: C3 | F36: Junior
A37: Syrah de Wit | B37: OW J7 | C37: Trainer/Coach | D37: S7 | E37: C3 | F37: Junior
A38: Marcel St. Nicolaas | B38: OW J8 | C38: Trainer/Coach | D38: X | E38: D1 | F38: Medior
A39: Sjoerd van Ameijden | B39: OW J8 | C39: Trainer/Coach | D39: X | E39: D3 | F39: Medior
A40: Liesbeth Wibbens | B40: OW J9 | C40: Trainer/Coach | D40: X | E40: E1 | F40: Medior
A41: Monique te Witt | B41: OW J9 | C41: Trainer/Coach | D41: X | E41: E1 | F41: Medior
A42: Gertjan Ploeg | B42: OW J9 | C42: Trainer
A43: Ilonka Bouwknegt | B43: OW J10 | C43: Trainer/Coach | D43: - | E43: E2 | F43: Senior
A44: Joaz Post | B44: OW J10 | C44: Trainer/Coach
A45: Nikki Baas | B45: OW J10 | C45: Trainer/Coach
A46: Lieke Bakker | B46: OW J11 | C46: Trainer/Coach | E46: E3
A47: Matthijs de Jongh | B47: OW J11 | C47: Trainer/Coach | D47: X | E47: E3
A48: Jet van Trooijen | B48: OW J12 | C48: Trainer/Coach | D48: X | E48: E4
A49: Kimberly Jacobs | B49: OW J12 | C49: Trainer/Coach | D49: X | E49: E4
A50: Paula Malschaert | B50: OW J12 | C50: Trainer/Coach
A51: Celia de Lange | B51: OW J13 | C51: Trainer/Coach
A52: Thijs Vos | B52: OW J13 | C52: Assistent-trainer
A53: Lianne Stomp - vd Burgt | B53: OW J14 | C53: Trainer/coach | D53: - | E53: F1 | F53: Senior | H53: iemand erbij, kan niet op maandag
A54: Thijs Vos | B54: OW J14 | C54: Assistent-trainer
A55: Henno Ploeg | B55: OW J15 | C55: Coach
A56: Antjan Laban | B56: OW J15 | C56: Hoofdtrainer F | D56: X | E56: C1 | F56: Senior
A57: Freek Laban | B57: OW J15 | C57: Assistent-trainer
A58: Sander Heersping | B58: OW J15 | C58: Assistent-trainer
A59: Danique van der Klooster | B59: OW J16 | C59: Trainer/Coach | H59: Blauw (wel met hoofdtrainer)
A60: Jordy Vaartmans | B60: OW J16 | C60: Trainer/Coach | H60: Blauw (wel met hoofdtrainer)
A61: Antjan Laban | B61: OW J16 | C61: Hoofdtrainer F
A62: Merle Nobel | B62: OW J17 | C62: Trainer/Coach | H62: Blauw (wel met hoofdtrainer)
A63: Antjan Laban | B63: OW J17 | C63: Hoofdtrainer F
A64: Esmée de Boer | B64: OW J17 | C64: Assistent-trainer
A65: Tess Volker | B65: OW J17 | C65: Assistent-trainer
A66: Eva van Rooij | B66: K | C66: Assistent-trainer
A67: Jeslynn Vos | B67: K | C67: Assistent-trainer
A68: Mila de Wit | B68: K | C68: Assistent-trainer
A69: Saar Camphens | B69: K | C69: Assistent-trainer
A70: Linda Ardon | B70: K | C70: Trainer
A71: Ruben Dubbeld | B71: K | C71: Trainer
A72: Sara Boshoven | B72: K | C72: Trainer
A73: Tessa Dubbled | B73: K | C73: Trainer

Sheet Aandachtpunten
A1: Categorie | B1: Aandachtspunten | C1: Onderwerp | D1: Antwoord | E1: Actiehouder | F1: Wanneer | G1: Status
B61: Scenario 1. - nu
B62: Scenario 2 - Evie Groen door en Pippa naar D4
B63: Scenario 3 - Manon, Noortje en Evie naar C4 -met 17 kids + wedstrijdlid

Sheet Teams-deelversie
A2: Selecties | B2: S1S2 | E2: U19 | H2: U17 | K2: U15
B3: Dames | C3: Heren | E3: Dames | F3: Heren | H3: Dames | I3: Heren | K3: Dames | L3: Heren
B4: {=_xlfn._xlws.FILTER(Spelerslijst!$B:$B,Spelerslijst!$F:$F=B$2,"")} -> Klooster, C. (Carmen) van der | C4: {=_xlfn._xlws.FILTER(Spelerslijst!$M:$M,Spelerslijst!$Q:$Q=B$2,"")} -> Strijen, L.A. van (Lars) | E4: {=_xlfn._xlws.FILTER(Spelerslijst!$B:$B,Spelerslijst!$F:$F=E$2,"")} -> Klooster, D. (Danique) van der | F4: {=_xlfn._xlws.FILTER(Spelerslijst!$M:$M,Spelerslijst!$Q:$Q=E$2,"")} -> Dongen, F.P.B. (Freek) van | H4: {=_xlfn._xlws.FILTER(Spelerslijst!$B:$B,Spelerslijst!$F:$F=H$2,"")} -> Kleingeld, J.N. (Julia) | I4: {=_xlfn._xlws.FILTER(Spelerslijst!$M:$M,Spelerslijst!$Q:$Q=H$2,"")} -> Pichel, T. (Timo) | K4: {=_xlfn._xlws.FILTER(Spelerslijst!$B:$B,Spelerslijst!$F:$F=K$2,"")} | L4: {=_xlfn._xlws.FILTER(Spelerslijst!$M:$M,Spelerslijst!$Q:$Q=K$2,"")}
B5: Fasbender, L. (Lindi) | C5: Klink, M (Marijn) | E5: Reuvers, L. (Lisa) | F5: Bäcker, C.J. (Tijn) | H5: Stomp, N. (Noa) | I5: Vliet, K.M. (Kian)
B6: Boshoven, S.A.E. (Sara) | C6: Driesprong, B. (Bart) | E6: Burgt, E. (Elize) van de | F6: Vliet, T. (Tycho) | H6: Burgt, F. (Feline) van de | I6: Sempel, J.D. (Jasper)
B7: Groeneweg, R.K. (Roos) | C7: Klink, O.C. (Olivier) | E7: Voorbij, D.M. (Doeska) | F7: Zwanenburg, J. (Jack) | H7: Boer, E.M. (Esmée) de | I7: Hovestadt, D. (Diederik)
B8: Driesprong, M. (Meike) | C8: Gent, T. (Tim) van | E8: Linden, B.S. (Benthe) van der | F8: Valk, J.B. (Jarno) | H8: Engelfriet, D. (Demi) | I8: Bemer, J.L.E. (Jarno)
B9: Fernhout, L. (Loïs) | C9: Groeneweg, T. (Tim) | E9: Verboom, S. (Stella) | F9: Dekker, O.C. (Onno) den | H9: Jongkind, F.W.J. (Floortje) | I9: Sas, N. (Niek)
B10: Teerds, E.L. (Eva) | C10: Uijl, D. (Daniel) den | E10: Kilsdonk, S.A (Sophie) | F10: Sas, M. (Maarten) | H10: Volker, T.N. (Tess) | I10: Ven, J. (Jonas) van de
B11: Oppe, M. (Milou) | C11: Timmer, J. (Jordan) | E11: Manduapessy, M. (Merel) | F11: Camphens, T. (Tijn) | H11: Lindhout, D. (Demi) | I11: Vos, T. (Thomas)
B12: Dijk, D. (Demi) van | C12: Koster, S. (Senne) | E12: Haas, A. (Amber) de | F12: Heersping, D.B.A.C. (Dani) | H12: Bemer, G.M.E. (Githa)
B13: Dommisse, R. (Robin) | C13: Burgt, S. (Seth) van de | H13: Lohuis, F.A.C. (Floor)
B14: Klink, X (Xanne) | C14: Vaartmans, J.A. (Jordi)
B16: {=_xlfn._xlws.FILTER(Staf!$C:$C,Staf!$B:$B=Teamsamenstelling!B2,"")} -> Trainer/Coach S1 | C16: {=_xlfn._xlws.FILTER(Staf!$A:$A,Staf!$B:$B=Teamsamenstelling!B2,"")} -> Menno Kop | E16: {=_xlfn._xlws.FILTER(Staf!$C:$C,Staf!$B:$B=Teamsamenstelling!M2,"")} -> Trainer/Coach U19-1 | F16: {=_xlfn._xlws.FILTER(Staf!$A:$A,Staf!$B:$B=Teamsamenstelling!M2,"")} -> Arthyn Muller | H16: {=_xlfn._xlws.FILTER(Staf!$C:$C,Staf!$B:$B=Teamsamenstelling!X2,"")} -> Trainer/Coach U17-1 | I16: {=_xlfn._xlws.FILTER(Staf!$A:$A,Staf!$B:$B=Teamsamenstelling!X2,"")} -> Jasper Kleingeld | K16: {=_xlfn._xlws.FILTER(Staf!$C:$C,Staf!$B:$B=#REF!,"")} -> #REF!
B17: Trainer/Coach S1 | C17: Niels Mastijn | E17: Trainer/Coach U19-1 | F17: Lianne Stomp - vd Burgt | H17: Trainer/Coach U17-1 | I17: Mees Oppe
B18: Trainer/Coach S2 | C18: Rene te Witt | E18: Trainer/Coach U19-2 | F18: Jens Lohuis | H18: Trainer/Coach U17-2 | I18: Alex de Boer
B19: Teammanager S2 | C19: Fred Lichteveld | E19: Trainer/Coach U19-2 | F19: Joël Wietses | H19: Trainer/Coach U17-2 | I19: Tom van de Ven
B20: Fysio | C20: Ruben Kamerbeek | H20: Teammanager U17 | I20: Alex van de Klooster
B21: Verzorger | C21: Anouk de Jongh | H21: Ondersteuning U17 | I21: Bas de Jong
B22: Analist S1 | C22: Joris van den Neucker
A25: Senioren | B25: S1 | E25: S2 | H25: S3 | K25: S4 | N25: S5 | Q25: S6 | T25: S7 | W25: MW1
B26: Dames | C26: Heren | E26: Dames | F26: Heren | H26: Dames | I26: Heren | K26: Dames | L26: Heren | N26: Dames | O26: Heren | Q26: Dames | R26: Heren | T26: Dames | U26: Heren | W26: Dames | X26: Heren
B27: {=_xlfn._xlws.FILTER(Spelerslijst!$B:$B,Spelerslijst!$F:$F=B$25,"")} | C27: {=_xlfn._xlws.FILTER(Spelerslijst!$M:$M,Spelerslijst!$Q:$Q=B$25,"")} | E27: {=_xlfn._xlws.FILTER(Spelerslijst!$B:$B,Spelerslijst!$F:$F=E$25,"")} | F27: {=_xlfn._xlws.FILTER(Spelerslijst!$M:$M,Spelerslijst!$Q:$Q=E$25,"")} | H27: {=_xlfn._xlws.FILTER(Spelerslijst!$B:$B,Spelerslijst!$F:$F=H$25,"")} -> Visser, R. (Renske) | I27: {=_xlfn._xlws.FILTER(Spelerslijst!$M:$M,Spelerslijst!$Q:$Q=H$25,"")} -> Vlaming, R. (Roy) de | K27: {=_xlfn._xlws.FILTER(Spelerslijst!$B:$B,Spelerslijst!$F:$F=K$25,"")} -> Jongh, A. (Anouk) de | L27: {=_xlfn._xlws.FILTER(Spelerslijst!$M:$M,Spelerslijst!$Q:$Q=K$25,"")} -> Baars, L.A. (Luuk) | N27: {=_xlfn._xlws.FILTER(Spelerslijst!$B:$B,Spelerslijst!$F:$F=N$25,"")} -> Valk, M.E. (Marlies) | O27: {=_xlfn._xlws.FILTER(Spelerslijst!$M:$M,Spelerslijst!$Q:$Q=N$25,"")} -> Schindler, M. (Mark) | Q27: {=_xlfn._xlws.FILTER(Spelerslijst!$B:$B,Spelerslijst!$F:$F=Q$25,"")} -> Bozuwa, J. (Julia) | R27: {=_xlfn._xlws.FILTER(Spelerslijst!$M:$M,Spelerslijst!$Q:$Q=Q$25,"")} -> Dubbeld, R. (Ruben) | T27: {=_xlfn._xlws.FILTER(Spelerslijst!$B:$B,Spelerslijst!$F:$F=T$25,"")} | U27: {=_xlfn._xlws.FILTER(Spelerslijst!$M:$M,Spelerslijst!$Q:$Q=T$25,"")} | W27: {=_xlfn._xlws.FILTER(Spelerslijst!$B:$B,Spelerslijst!$F:$F=W$25,"")} -> Brand, L (Liesbeth) | X27: {=_xlfn._xlws.FILTER(Spelerslijst!$M:$M,Spelerslijst!$Q:$Q=W$25,"")} -> Kooij, C.W. (Wilco)
H28: Leijdsman, R. (Robin) | I28: Isarin, T P (Thomas) | K28: Quarré, E.A. (Elena) | L28: Fasbender, T. (Tijmen) | N28: Pierse, A.W. (Anniek) | O28: Flach, J.H. (Joram) | Q28: Versnel, V. (Vivienne) | R28: Kooper, C. (Ché) | W28: Starre-Scheurwater, K. (Kim) van der | X28: Jong, M. (Michiel) 't
H29: Kalkeren-Verweij, M. (Mirthe) van | I29: Houwerzijl, E. (Emiel) | K29: Wensen, M. (Maud) | L29: Wietses, J. (Joël) | N29: Koote, L.D. (Laura) | O29: Driel, Q. (Quinten) van | Q29: Witman, K. (Kimberley) | R29: Boon, T. (Thijs) | W29: Opstal-Haksteen, T.K. (Tamara) van | X29: Ploeg, H (Hans)
H30: Gurp, M (Merel) van | I30: Gent, L (Lex) van | K30: Lievaart, C.A. (Carlijn) | L30: Lohuis, J.A. (Jens) | N30: Wit, N.M.T. (Nadia) de | O30: Wijgaart, R.L.H. (Rick) van de | Q30: Friebel, A. (Angela) | R30: Kuijper, D.V. (David) | W30: Heesterbeek, K. (Kim)
H31: Ardon, L (Linda) | I31: Brugge, B.R. (Bart) van der | K31: Mol, L.N.A. (Laura) | L31: - Heer S1/S2 | N31: Wit, S.E.E. (Syrah) de | Q31: Dubbeld, S. (Sanne) | R31: Vlaming, J.C. (Jens) de | W31: Veld, D. (Dorien) in 't
H32: Batenburg, H. (Hanneke) | I32: Peuter, F. (Freek) | K32: Dommisse, K. (Kim) | N32: Schram, L.J. (Lara) | Q32: Dubbeld, T. (Tessa) | R32: Koornneef, W.J. (Wouter)
H33: Ploeg, L (Lieke) | K33: - Dame S1/S2 | Q33: Hulsker, N.M. (Nina) | R33: Koornneef, T.J. (Tommie)
K34: Knippenberg, R. (Rachel) | R34: Pille, M.A. (Menno)
K35: Hoffman, M. (Merel)
B36: {=_xlfn._xlws.FILTER(Staf!$C:$C,Staf!$B:$B=Teamsamenstelling!B29,"")} | E36: {=_xlfn._xlws.FILTER(Staf!$C:$C,Staf!$B:$B=Teamsamenstelling!M29,"")} | H36: {=_xlfn._xlws.FILTER(Staf!$C:$C,Staf!$B:$B=Teamsamenstelling!X29,"")} -> Begeleider | I36: {=_xlfn._xlws.FILTER(Staf!$A:$A,Staf!$B:$B=Teamsamenstelling!X29,"")} -> Kim Ardon | K36: {=_xlfn._xlws.FILTER(Staf!$C:$C,Staf!$B:$B=Teamsamenstelling!AI29,"")} -> Trainer/Coach | L36: {=_xlfn._xlws.FILTER(Staf!$A:$A,Staf!$B:$B=Teamsamenstelling!AI29,"")} -> Dio Naaktgeboren | N36: {=_xlfn._xlws.FILTER(Staf!$C:$C,Staf!$B:$B=Teamsamenstelling!AT29,"")} | O36: {=_xlfn._xlws.FILTER(Staf!$A:$A,Staf!$B:$B=Teamsamenstelling!AT29,"")} | Q36: {=_xlfn._xlws.FILTER(Staf!$C:$C,Staf!$B:$B=Teamsamenstelling!BE29,"")} | R36: {=_xlfn._xlws.FILTER(Staf!$A:$A,Staf!$B:$B=Teamsamenstelling!BE29,"")} | T36: {=_xlfn._xlws.FILTER(Staf!$C:$C,Staf!$B:$B=Teamsamenstelling!BP29,"")} | W36: {=_xlfn._xlws.FILTER(Staf!$C:$C,Staf!$B:$B=Teamsamenstelling!CA29,"")}
A40: Rood | B40: U17-1 | E40: U17-2 | H40: OW J01 | K40: OW J02 | N40: --
B41: Dames | C41: Heren | E41: Dames | F41: Heren | H41: Dames | I41: Heren | K41: Dames | L41: Heren | N41: Dames | O41: Heren
B42: {=_xlfn._xlws.FILTER(Spelerslijst!$B:$B,Spelerslijst!$F:$F=B$40,"")} | C42: {=_xlfn._xlws.FILTER(Spelerslijst!$M:$M,Spelerslijst!$Q:$Q=B$40,"")} | E42: {=_xlfn._xlws.FILTER(Spelerslijst!$B:$B,Spelerslijst!$F:$F=E$40,"")} | F42: {=_xlfn._xlws.FILTER(Spelerslijst!$M:$M,Spelerslijst!$Q:$Q=E$40,"")} | H42: {=_xlfn._xlws.FILTER(Spelerslijst!$B:$B,Spelerslijst!$F:$F=H$40,"")} | I42: {=_xlfn._xlws.FILTER(Spelerslijst!$M:$M,Spelerslijst!$Q:$Q=H$40,"")} | K42: {=_xlfn._xlws.FILTER(Spelerslijst!$B:$B,Spelerslijst!$F:$F=K$40,"")} | L42: {=_xlfn._xlws.FILTER(Spelerslijst!$M:$M,Spelerslijst!$Q:$Q=K$40,"")} | N42: {=_xlfn._xlws.FILTER(Spelerslijst!$B:$B,Spelerslijst!$F:$F=N40,"")} | O42: {=_xlfn._xlws.FILTER(Spelerslijst!$M:$M,Spelerslijst!$Q:$Q=N40,"")}
B51: {=_xlfn._xlws.FILTER(Staf!$C:$C,Staf!$B:$B=Teamsamenstelling!B45,"")} | C51: {=_xlfn._xlws.FILTER(Staf!$A:$A,Staf!$B:$B=Teamsamenstelling!B45,"")} | E51: {=_xlfn._xlws.FILTER(Staf!$C:$C,Staf!$B:$B=Teamsamenstelling!M45,"")} | F51: {=_xlfn._xlws.FILTER(Staf!$A:$A,Staf!$B:$B=Teamsamenstelling!M45,"")} | H51: {=_xlfn._xlws.FILTER(Staf!$C:$C,Staf!$B:$B=Teamsamenstelling!X45,"")} -> Trainer/Coach | I51: {=_xlfn._xlws.FILTER(Staf!$A:$A,Staf!$B:$B=Teamsamenstelling!X45,"")} -> Luuk Baars | K51: {=_xlfn._xlws.FILTER(Staf!$C:$C,Staf!$B:$B=Teamsamenstelling!AI45,"")} -> Trainer/Coach | L51: {=_xlfn._xlws.FILTER(Staf!$A:$A,Staf!$B:$B=Teamsamenstelling!AI45,"")} -> Martijn van der Wiel | N51: {=_xlfn._xlws.FILTER(Staf!$C:$C,Staf!$B:$B=Teamsamenstelling!AT45,"")} | O51: {=_xlfn._xlws.FILTER(Staf!$A:$A,Staf!$B:$B=Teamsamenstelling!AT45,"")}
H52: Trainer/Coach | I52: Maud van Wensen
A55: Oranje | B55: U15-1 | E55: OW J03 | H55: OW J04 | K55: OW J05 | N55: OW J06
B56: Dames | C56: Heren | E56: Dames | F56: Heren | H56: Dames | I56: Heren | K56: Dames | L56: Heren | N56: Dames | O56: Heren
B57: {=_xlfn._xlws.FILTER(Spelerslijst!$B:$B,Spelerslijst!$F:$F=B$55,"")} -> Rooij, E.J. (Eva) van | C57: {=_xlfn._xlws.FILTER(Spelerslijst!$M:$M,Spelerslijst!$Q:$Q=B$55,"")} -> Belder, L. (Lenn) | E57: {=_xlfn._xlws.FILTER(Spelerslijst!$B:$B,Spelerslijst!$F:$F=E$55,"")} | F57: {=_xlfn._xlws.FILTER(Spelerslijst!$M:$M,Spelerslijst!$Q:$Q=E$55,"")} | H57: {=_xlfn._xlws.FILTER(Spelerslijst!$B:$B,Spelerslijst!$F:$F=H$55,"")} | I57: {=_xlfn._xlws.FILTER(Spelerslijst!$M:$M,Spelerslijst!$Q:$Q=H$55,"")} | K57: {=_xlfn._xlws.FILTER(Spelerslijst!$B:$B,Spelerslijst!$F:$F=K$55,"")} | L57: {=_xlfn._xlws.FILTER(Spelerslijst!$M:$M,Spelerslijst!$Q:$Q=K$55,"")} | N57: {=_xlfn._xlws.FILTER(Spelerslijst!$B:$B,Spelerslijst!$F:$F=N$55,"")} | O57: {=_xlfn._xlws.FILTER(Spelerslijst!$M:$M,Spelerslijst!$Q:$Q=N$55,"")}
B58: Waard, O.J. (Olivia) de | C58: Dekker, T.J. (Tiemen) den
B59: Camphens, S. (Saar) | C59: Heersping, S. (Sander)
B60: Nijman, F.J.J. (Famke) | C60: Reus, M.F. (Matthijs) de
C61: Laban, F.C. (Freek)
B67: {=_xlfn._xlws.FILTER(Staf!$C:$C,Staf!$B:$B=Teamsamenstelling!B60,"")} -> Trainer/Coach | C67: {=_xlfn._xlws.FILTER(Staf!$A:$A,Staf!$B:$B=Teamsamenstelling!B60,"")} -> Milou Oppe | E67: {=_xlfn._xlws.FILTER(Staf!$C:$C,Staf!$B:$B=Teamsamenstelling!M60,"")} -> Trainer/Coach | F67: {=_xlfn._xlws.FILTER(Staf!$A:$A,Staf!$B:$B=Teamsamenstelling!M60,"")} -> Chris Gerritsen | H67: {=_xlfn._xlws.FILTER(Staf!$C:$C,Staf!$B:$B=Teamsamenstelling!X60,"")} -> Trainer/Coach | I67: {=_xlfn._xlws.FILTER(Staf!$A:$A,Staf!$B:$B=Teamsamenstelling!X60,"")} -> Niek Driesprong | K67: {=_xlfn._xlws.FILTER(Staf!$C:$C,Staf!$B:$B=Teamsamenstelling!AI60,"")} -> Trainer/Coach | L67: {=_xlfn._xlws.FILTER(Staf!$A:$A,Staf!$B:$B=Teamsamenstelling!AI60,"")} -> Justin Vos | N67: {=_xlfn._xlws.FILTER(Staf!$C:$C,Staf!$B:$B=Teamsamenstelling!AT60,"")} -> Trainer/Coach | O67: {=_xlfn._xlws.FILTER(Staf!$A:$A,Staf!$B:$B=Teamsamenstelling!AT60,"")} -> Kimberley Witman
B68: Trainer/Coach | C68: Rob van Dongen | E68: Trainer/Coach | F68: Fieneke Lotgerink | H68: Trainer/Coach | I68: Seth vd Burgt | K68: Trainer/Coach | L68: Sara Boshoven | N68: Trainer/Coach | O68: Robert Koster
H69: Trainer/Coach | I69: Sophie Kilsdonk | N69: Trainer/Coach | O69: Senne Koster
A71: Geel | B71: OW J07 | E71: OW J08 | H71: OW J09 | K71: OW J10 | N71: X
B72: Dames | C72: Heren | E72: Dames | F72: Heren | H72: Dames | I72: Heren | K72: Dames | L72: Heren | N72: Dames | O72: Heren
B73: {=_xlfn._xlws.FILTER(Spelerslijst!$B:$B,Spelerslijst!$F:$F=B$71,"")} | C73: {=_xlfn._xlws.FILTER(Spelerslijst!$M:$M,Spelerslijst!$Q:$Q=B$71,"")} | E73: {=_xlfn._xlws.FILTER(Spelerslijst!$B:$B,Spelerslijst!$F:$F=E$71,"")} | F73: {=_xlfn._xlws.FILTER(Spelerslijst!$M:$M,Spelerslijst!$Q:$Q=E$71,"")} | H73: {=_xlfn._xlws.FILTER(Spelerslijst!$B:$B,Spelerslijst!$F:$F=H$71,"")} | I73: {=_xlfn._xlws.FILTER(Spelerslijst!$M:$M,Spelerslijst!$Q:$Q=H$71,"")} | K73: {=_xlfn._xlws.FILTER(Spelerslijst!$B:$B,Spelerslijst!$F:$F=K71,"")} -> Bergh, A.J. (Aniek) van den | L73: {=_xlfn._xlws.FILTER(Spelerslijst!$M:$M,Spelerslijst!$Q:$Q=K$71,"")} -> Verberkt, G.J. (Gideon) | N73: {=_xlfn._xlws.FILTER(Spelerslijst!$B:$B,Spelerslijst!$F:$F=N$71,"")} | O73: {=_xlfn._xlws.FILTER(Spelerslijst!$M:$M,Spelerslijst!$Q:$Q=N$71,"")}
K74: Torbali, N. (Nehir) | L74: Boekee, R.D. (Rens)
K75: Twist, J.J. (Julia) van | L75: Weijde, J. (Jasper) van der
K76: Kombe, S.N. (Nesrin) | L76: Stel, T. (Tom) van der
L77: Sijde, T. (Timo) van der
B82: {=_xlfn._xlws.FILTER(Staf!$C:$C,Staf!$B:$B=Teamsamenstelling!B76,"")} -> Trainer/Coach | C82: {=_xlfn._xlws.FILTER(Staf!$A:$A,Staf!$B:$B=Teamsamenstelling!B76,"")} -> Nadia de Wit | E82: {=_xlfn._xlws.FILTER(Staf!$C:$C,Staf!$B:$B=Teamsamenstelling!M76,"")} -> Trainer/Coach | F82: {=_xlfn._xlws.FILTER(Staf!$A:$A,Staf!$B:$B=Teamsamenstelling!M76,"")} -> Marcel St. Nicolaas | H82: {=_xlfn._xlws.FILTER(Staf!$C:$C,Staf!$B:$B=Teamsamenstelling!X76,"")} -> Trainer/Coach | I82: {=_xlfn._xlws.FILTER(Staf!$A:$A,Staf!$B:$B=Teamsamenstelling!X76,"")} -> Liesbeth Wibbens | K82: {=_xlfn._xlws.FILTER(Staf!$C:$C,Staf!$B:$B=Teamsamenstelling!AI76,"")} -> Trainer/Coach | L82: {=_xlfn._xlws.FILTER(Staf!$A:$A,Staf!$B:$B=Teamsamenstelling!AI76,"")} -> Ilonka Bouwknegt | N82: {=_xlfn._xlws.FILTER(Staf!$C:$C,Staf!$B:$B=Teamsamenstelling!AT76,"")}
B83: Trainer/Coach | C83: Syrah de Wit | E83: Trainer/Coach | F83: Sjoerd van Ameijden | H83: Trainer/Coach | I83: Monique te Witt | K83: Trainer/Coach | L83: Joaz Post
H84: Trainer | I84: Gertjan Ploeg | K84: Trainer/Coach | L84: Nikki Baas
A86: Groen | B86: OW J11 | E86: OW J12 | H86: OW J13 | K86: OW J14 | Q86: X | T86: X
B87: Dames | C87: Heren | E87: Dames | F87: Heren | H87: Dames | I87: Heren | K87: Dames | L87: Heren | N87: Dames | O87: Heren | Q87: Dames | R87: Heren | T87: Dames | U87: Heren
B88: {=_xlfn._xlws.FILTER(Spelerslijst!$B:$B,Spelerslijst!$F:$F=B$86,"")} -> Gemert, F. (Fien) van | C88: {=_xlfn._xlws.FILTER(Spelerslijst!$M:$M,Spelerslijst!$Q:$Q=B$86,"")} | E88: {=_xlfn._xlws.FILTER(Spelerslijst!$B:$B,Spelerslijst!$F:$F=E$86,"")} -> Jacobs, V. (Vive) | F88: {=_xlfn._xlws.FILTER(Spelerslijst!$M:$M,Spelerslijst!$Q:$Q=E$86,"")} -> Nawar, D (David) | H88: {=_xlfn._xlws.FILTER(Spelerslijst!$B:$B,Spelerslijst!$F:$F=H$86,"")} -> Jong, L.T.M. (Louisa) de | I88: {=_xlfn._xlws.FILTER(Spelerslijst!$M:$M,Spelerslijst!$Q:$Q=H$86,"")} -> Ploeg, L. (Luuk) | K88: {=_xlfn._xlws.FILTER(Spelerslijst!$B:$B,Spelerslijst!$F:$F=K$86,"")} -> Mans, L. (Lara) | L88: {=_xlfn._xlws.FILTER(Spelerslijst!$M:$M,Spelerslijst!$Q:$Q=K$86,"")} -> Burgh, J.A. (James) van der | N88: {=_xlfn._xlws.FILTER(Spelerslijst!$B:$B,Spelerslijst!$F:$F=N$86,"")} -> #VALUE! | O88: {=_xlfn._xlws.FILTER(Spelerslijst!$M:$M,Spelerslijst!$Q:$Q=N$86,"")} -> #VALUE! | Q88: {=_xlfn._xlws.FILTER(Spelerslijst!$B:$B,Spelerslijst!$F:$F=Q$86,"")} | R88: {=_xlfn._xlws.FILTER(Spelerslijst!$M:$M,Spelerslijst!$Q:$Q=Q$86,"")} | T88: {=_xlfn._xlws.FILTER(Spelerslijst!$B:$B,Spelerslijst!$F:$F=T$86,"")} | U88: {=_xlfn._xlws.FILTER(Spelerslijst!$M:$M,Spelerslijst!$Q:$Q=T$86,"")}
B89: Bakker, K. (Karlijn) | E89: Berg, W. (Wies) van den | F89: Mol, L.A. (Lucien) | H89: Lange, S. (Sanna) de | I89: Jong, S. (Sepp) de | K89: Burgt, L. (Livia) van de | L89: Alberts, A. (Amos)
B90: Bouman, I. (Imme) | E90: Gerritsen, J. (Jaylinn) | H90: Rombouts, T. (Tess) | K90: Stomp, A. (Alisa)
B91: Boog, S.L. (Suze) | E91: Haseth, L. (Lieve) de
B92: Kampman, J. (Jalou)
B93: Naeije, E.A. (Eloise)
B94: {=_xlfn._xlws.FILTER(Staf!$C:$C,Staf!$B:$B=Teamsamenstelling!B91,"")} -> Trainer/Coach | C94: {=_xlfn._xlws.FILTER(Staf!$A:$A,Staf!$B:$B=Teamsamenstelling!B91,"")} -> Lieke Bakker | E94: {=_xlfn._xlws.FILTER(Staf!$C:$C,Staf!$B:$B=Teamsamenstelling!M91,"")} -> Trainer/Coach | F94: {=_xlfn._xlws.FILTER(Staf!$A:$A,Staf!$B:$B=Teamsamenstelling!M91,"")} -> Jet van Trooijen | H94: {=_xlfn._xlws.FILTER(Staf!$C:$C,Staf!$B:$B=Teamsamenstelling!X91,"")} -> Trainer/Coach | I94: {=_xlfn._xlws.FILTER(Staf!$A:$A,Staf!$B:$B=Teamsamenstelling!X91,"")} -> Celia de Lange | K94: {=_xlfn._xlws.FILTER(Staf!$C:$C,Staf!$B:$B=Teamsamenstelling!AI91,"")} -> Trainer/coach | L94: {=_xlfn._xlws.FILTER(Staf!$A:$A,Staf!$B:$B=Teamsamenstelling!AI91,"")} -> Lianne Stomp - vd Burgt | N94: {=_xlfn._xlws.FILTER(Staf!$C:$C,Staf!$B:$B=Teamsamenstelling!AT91,"")} | O94: {=_xlfn._xlws.FILTER(Staf!$A:$A,Staf!$B:$B=Teamsamenstelling!AT91,"")} | Q94: {=_xlfn._xlws.FILTER(Staf!$C:$C,Staf!$B:$B=Teamsamenstelling!BE91,"")} | T94: {=_xlfn._xlws.FILTER(Staf!$C:$C,Staf!$B:$B=Teamsamenstelling!BP91,"")}
B95: Trainer/Coach | C95: Matthijs de Jongh | E95: Trainer/Coach | F95: Kimberly Jacobs | H95: Assistent-trainer | I95: Thijs Vos | K95: Assistent-trainer | L95: Thijs Vos
E96: Trainer/Coach | F96: Paula Malschaert
A98: Blauw | B98: OW J15 | E98: OW J16 | H98: OW J17 | K98: OW J19 | N98: -
B99: Dames | C99: Heren | E99: Dames | F99: Heren | H99: Dames | I99: Heren | K99: Dames | L99: Heren | N99: Dames | O99: Heren
B100: {=_xlfn._xlws.FILTER(Spelerslijst!$B:$B,Spelerslijst!$F:$F=B$98,"")} -> Schaardenburg, L. (Luna) van | C100: {=_xlfn._xlws.FILTER(Spelerslijst!$M:$M,Spelerslijst!$Q:$Q=B$98,"")} -> Wingerden, E.J. (Elroy) van | E100: {=_xlfn._xlws.FILTER(Spelerslijst!$B:$B,Spelerslijst!$F:$F=E$98,"")} -> Haren, C.M. (Cato) van | F100: {=_xlfn._xlws.FILTER(Spelerslijst!$M:$M,Spelerslijst!$Q:$Q=E$98,"")} -> Nekkers, Q. (Quinn) | H100: {=_xlfn._xlws.FILTER(Spelerslijst!$B:$B,Spelerslijst!$F:$F=H$98,"")} -> Merwe, F. (Floor) van de | I100: {=_xlfn._xlws.FILTER(Spelerslijst!$M:$M,Spelerslijst!$Q:$Q=H$98,"")} -> Houweling, J. (Jeftha) | K100: {=_xlfn._xlws.FILTER(Spelerslijst!$B:$B,Spelerslijst!$F:$F=K$98,"")} | L100: {=_xlfn._xlws.FILTER(Spelerslijst!$M:$M,Spelerslijst!$Q:$Q=K$98,"")} | N100: {=_xlfn._xlws.FILTER(Spelerslijst!$B:$B,Spelerslijst!$F:$F=N$98,"")} | O100: {=_xlfn._xlws.FILTER(Spelerslijst!$M:$M,Spelerslijst!$Q:$Q=N$98,"")}
B101: Ariadne | C101: Koolstra, H. (Hidde) | E101: Struijk, F. (Fay) | F101: Roos, L. (Lucas) | H101: Burgt, L. (Leah) van de | I101: Groot, F. (Finn) de
B102: Nawar, M. (Mayvin) | C102: Ploeg, F. (Finn) | E102: Nienes, N. (Nova) van | F102: Wingerden, B.R. (Branley) van | H102: Tol, K. (Karlijn) van | I102: Verberkt, R.J. (Ruben)
B106: {=_xlfn._xlws.FILTER(Staf!$C:$C,Staf!$B:$B=Teamsamenstelling!B103,"")} -> Coach | C106: {=_xlfn._xlws.FILTER(Staf!$A:$A,Staf!$B:$B=Teamsamenstelling!B103,"")} -> Henno Ploeg | E106: {=_xlfn._xlws.FILTER(Staf!$C:$C,Staf!$B:$B=Teamsamenstelling!M103,"")} -> Trainer/Coach | F106: {=_xlfn._xlws.FILTER(Staf!$A:$A,Staf!$B:$B=Teamsamenstelling!M103,"")} -> Danique van der Klooster | H106: {=_xlfn._xlws.FILTER(Staf!$C:$C,Staf!$B:$B=Teamsamenstelling!X103,"")} -> Trainer/Coach | I106: {=_xlfn._xlws.FILTER(Staf!$A:$A,Staf!$B:$B=Teamsamenstelling!X103,"")} -> Merle Nobel | K106: {=_xlfn._xlws.FILTER(Staf!$C:$C,Staf!$B:$B=Teamsamenstelling!AI103,"")} | L106: {=_xlfn._xlws.FILTER(Staf!$A:$A,Staf!$B:$B=Teamsamenstelling!AI103,"")} | N106: {=_xlfn._xlws.FILTER(Staf!$C:$C,Staf!$B:$B=Teamsamenstelling!AT103,"")}
B107: Hoofdtrainer F | C107: Antjan Laban | E107: Trainer/Coach | F107: Jordy Vaartmans | H107: Hoofdtrainer F | I107: Antjan Laban
B108: Assistent-trainer | C108: Freek Laban | E108: Hoofdtrainer F | F108: Antjan Laban | H108: Assistent-trainer | I108: Esmée de Boer
B109: Assistent-trainer | C109: Sander Heersping | H109: Assistent-trainer | I109: Tess Volker
A111: Kangoeroes | B111: K
B112: Dames | C112: Heren
B113: {=_xlfn._xlws.FILTER(Spelerslijst!$B:$B,Spelerslijst!$F:$F=B$111,"")} -> Groot, S. (Senna) de | C113: {=_xlfn._xlws.FILTER(Spelerslijst!$M:$M,Spelerslijst!$Q:$Q=B$111,"")} -> Bezemer, O. (Olle)
B121: {=_xlfn._xlws.FILTER(Staf!$C:$C,Staf!$B:$B=Teamsamenstelling!B116,"")} -> Assistent-trainer | C121: {=_xlfn._xlws.FILTER(Staf!$A:$A,Staf!$B:$B=Teamsamenstelling!B116,"")} -> Eva van Rooij
B122: Assistent-trainer | C122: Jeslynn Vos
B123: Assistent-trainer | C123: Mila de Wit
B124: Assistent-trainer | C124: Saar Camphens
B125: Trainer | C125: Linda Ardon
B126: Trainer | C126: Ruben Dubbeld
B127: Trainer | C127: Sara Boshoven
B128: Trainer | C128: Tessa Dubbled

Sheet Stoppers
A1: Rel.nr | B1: Naam & Initialen) | C1: Roepnaam | D1: Leeftijd Peildatum | E1: Leeftijd Peildatum | F1: Geb datum | G1: Team 24-25 | I1: Rel.nr | J1: Naam & Initialen) | K1: Roepnaam | L1: Leeftijd Peildatum | M1: Geb datum | N1: Team 24-25
A2: {=_xlfn._xlws.FILTER(Spelerslijst!A:A,Spelerslijst!$F:$F="Stopt","")} -> NMX55K8 | B2: {=_xlfn._xlws.FILTER(Spelerslijst!A:A,Spelerslijst!$F:$F="Stopt","")} -> NMX55K8 | C2: {=_xlfn._xlws.FILTER(Spelerslijst!B:B,Spelerslijst!$F:$F="Stopt","")} -> Baas, J. (Julia) | D2: {=_xlfn._xlws.FILTER(Spelerslijst!C:C,Spelerslijst!$F:$F="Stopt","")} -> Julia | E2: {=_xlfn._xlws.FILTER(Spelerslijst!D:D,Spelerslijst!$F:$F="Stopt","")} -> 9.1 | F2: {=_xlfn._xlws.FILTER(Spelerslijst!E:E,Spelerslijst!$F:$F="Stopt","")} -> 42696 | G2: {=_xlfn._xlws.FILTER(Spelerslijst!F:F,Spelerslijst!$F:$F="Stopt","")} -> Stopt | I2: {=_xlfn._xlws.FILTER(Spelerslijst!L:L,Spelerslijst!$Q:$Q="Stopt","")} -> NGW00S1 | J2: {=_xlfn._xlws.FILTER(Spelerslijst!M:M,Spelerslijst!$Q:$Q="Stopt","")} -> Booy, J (Jan) | K2: {=_xlfn._xlws.FILTER(Spelerslijst!N:N,Spelerslijst!$Q:$Q="Stopt","")} -> Jan | L2: {=_xlfn._xlws.FILTER(Spelerslijst!O:O,Spelerslijst!$Q:$Q="Stopt","")} -> 35.38 | M2: {=_xlfn._xlws.FILTER(Spelerslijst!P:P,Spelerslijst!$Q:$Q="Stopt","")} -> 33100 | N2: {=_xlfn._xlws.FILTER(Spelerslijst!Q:Q,Spelerslijst!$Q:$Q="Stopt","")} -> Stopt
A3: NMM21T3 | B3: NMM21T3 | C3: Boogaart, L. (Lenthe) van den | D3: Lenthe | E3: 12.23 | F3: 41557 | G3: Stopt | I3: NGT16K5 | J3: Naaktgeboren, S. (Stefan) | K3: Stefan | L3: 34.99 | M3: 33241 | N3: Stopt
A4: NMN07F4 | B4: NMN07F4 | C4: Barbaroux, M.N. (Manon) | D4: Manon | E4: 14.74 | F4: 40637 | G4: Stopt | I4: NJF24X2 | J4: Kalkeren, R. (Robin) van | K4: Robin | L4: 29.5 | M4: 35246 | N4: Stopt
A5: NLP78N3 | B5: NLP78N3 | C5: Wolleswinkel, I.M.S. (Iza) | D5: Iza | E5: 18.33 | F5: 39328 | G5: Stopt | I5: NJF95S5 | J5: Mans, B. (Bob) | K5: Bob | L5: 29.16 | M5: 35372 | N5: Stopt
A6: NLJ47P3 | B6: NLJ47P3 | C6: Everdingen, T. (Tessa) van | D6: Tessa | E6: 19.5 | F6: 38900 | G6: Stopt | I6: NJD65S8 | J6: Dijk, J. (Joeri) van | K6: Joeri | L6: 27.79 | M6: 35873 | N6: Stopt
A7: NLB70T7 | B7: NLB70T7 | C7: Boeije, A.J. (Amber) | D7: Amber | E7: 20.65 | F7: 38480 | G7: Stopt | I7: NKR20M2 | J7: Seevinck, T. (Tim) | K7: Tim | L7: 22.15 | M7: 37932 | N7: Stopt
A8: NJG13L1 | B8: NJG13L1 | C8: Ardon, E. (Esther) | D8: Esther | E8: 29.25 | F8: 35337 | G8: Stopt | I8: NKX56T0 | J8: Verhagen, L.A.J. (Laurens) | K8: Laurens | L8: 21.72 | M8: 38090 | N8: Stopt
I9: NLD36P9 | J9: Driesprong, N. (Niek) | K9: Niek | L9: 17.43 | M9: 39655 | N9: Stopt
I10: NMJ10P4 | J10: Boshoven, C. (Casper) | K10: Casper | L10: 17.37 | M10: 39676 | N10: Stopt
I11: NMF22Q8 | J11: Jacobs, X. (Xavi) | K11: Xavi | L11: 14.43 | M11: 40750 | N11: Stopt

Sheet vraagtekens
A1: Rel.nr | B1: Naam & Initialen) | C1: Roepnaam | D1: Leeftijd Peildatum | E1: Geb datum | F1: Team op Peildatum | G1: Team | I1: Rel.nr | J1: Naam & Initialen) | K1: Roepnaam | L1: Leeftijd Peildatum | M1: Geb datum | N1: Team op Peildatum | O1: Team
A2: {=_xlfn._xlws.FILTER(Spelerslijst!A:A,Spelerslijst!$F:$F="?","")} -> NFV12W2 | B2: {=_xlfn._xlws.FILTER(Spelerslijst!B:B,Spelerslijst!$F:$F="?","")} -> Stomp-Burgt, L (Lianne) vd | C2: {=_xlfn._xlws.FILTER(Spelerslijst!C:C,Spelerslijst!$F:$F="?","")} -> Lianne | D2: {=_xlfn._xlws.FILTER(Spelerslijst!D:D,Spelerslijst!$F:$F="?","")} -> 40.69 | E2: {=_xlfn._xlws.FILTER(Spelerslijst!E:E,Spelerslijst!$F:$F="?","")} -> 31161 | F2: {=_xlfn._xlws.FILTER(Spelerslijst!#REF!,Spelerslijst!$F:$F="?","")} -> #REF! | G2: {=_xlfn._xlws.FILTER(Spelerslijst!F:F,Spelerslijst!$F:$F="?","")} -> ? | I2: {=_xlfn._xlws.FILTER(Spelerslijst!L:L,Spelerslijst!$Q:$Q="?","")} | J2: {=_xlfn._xlws.FILTER(Spelerslijst!M:M,Spelerslijst!$Q:$Q="?","")} | K2: {=_xlfn._xlws.FILTER(Spelerslijst!N:N,Spelerslijst!$Q:$Q="?","")} | L2: {=_xlfn._xlws.FILTER(Spelerslijst!O:O,Spelerslijst!$Q:$Q="?","")} | M2: {=_xlfn._xlws.FILTER(Spelerslijst!P:P,Spelerslijst!$Q:$Q="?","")} | N2: {=_xlfn._xlws.FILTER(Spelerslijst!#REF!,Spelerslijst!$Q:$Q="?","")} -> #REF! | O2: {=_xlfn._xlws.FILTER(Spelerslijst!Q:Q,Spelerslijst!$Q:$Q="?","")}

Sheet leden
A1: Relatiecode | B1: Volledige naam (2) | C1: Roepnaam | D1: Geboortedatum | E1: Lidmaatschapcode | F1: Status | G1: Geslacht
A2: NLZ21F1 | B2: Abel van de Ven | C2: Abel | D2: 41668 | E2: 230 | F2: definitief | G2: M
A3: NMV61M3 | B3: Alisa Stomp | C3: Alisa | D3: 42919 | E3: 230 | F3: definitief | G3: V
A4: NLB70T7 | B4: Amber Boeije | C4: Amber | D4: 38480 | E4: 210 | F4: definitief | G4: V
A5: NLH27P1 | B5: Amber de Haas | C5: Amber | D5: 39114 | E5: 210 | F5: definitief | G5: V
A6: NMV71X5 | B6: Amos Alberts | C6: Amos | D6: 42901 | E6: 230 | F6: definitief | G6: M
A7: NLB70X5 | B7: Angela Friebel | C7: Angela | D7: 37541 | E7: 200 | F7: definitief | G7: V
A8: NMS40B0 | B8: Aniek van den Bergh | C8: Aniek | D8: 42308 | E8: 230 | F8: definitief | G8: V
A9: NKD19X7 | B9: Anne Driesprong | C9: Anne | D9: 36727 | E9: 202 | F9: definitief | G9: V
A10: NMW65S8 | B10: Annelieke Smouter | C10: Annelieke | D10: 36522 | E10: 200 | F10: definitief | G10: V
A11: NMW83F1 | B11: Anne-Sophie Lotgerink | C11: Anne-Sophie | D11: 40912 | E11: 230 | F11: definitief | G11: V
A12: NKJ29C1 | B12: Anniek Pierse | C12: Anniek | D12: 37324 | E12: 200 | F12: definitief | G12: V
A13: NLZ39C9 | B13: Anouk Bakker | C13: Anouk | D13: 41214 | E13: 230 | F13: definitief | G13: V
... A283: NLX08G7 | B283: Zoë Kamerman | C283: Zoë | D283: 40015 | E283: 220 | F283: definitief | G283: V

Sheet notitieopties
A1: Verrassing +
A2: Verrassing -
A3: Selectie?
A4: Twijfelt
A5: Oud
A6: Jong
A7: Ander team?

Sheet Sheet1
A1: Team | B1: Order | C1: Selectie/Team | D1: Team blok | E1: Team blok 2 | F1: Naam | G1: Cat type | H1: Cat | M1: Categorie | N1: Max leeftijd | O1: Gemiddeld 1 | P1: Gemiddeld 2 | Q1: Min M | R1: Min V | S1: Team
A2: 1S | B2: 10 | C2: Selectie | D2: S1 | E2: S2 | F2: 1e selectie senioren | G2: A | H2: Senioren A | M2: Senioren A | Q2: 4 | R2: 4 | S2: 8
A3: 2S | B3: 40 | C3: Selectie | D3: S3 | E3: S4 | F3: 2e selectie senioren | G3: A | H3: Senioren A | M3: Senioren B | Q3: 2 | R3: 2 | S3: 8
A4: S1A | B4: 20 | C4: Team | D4: 1S | F4: Senioren 1 | G4: A | H4: Senioren A | M4: Midweek | Q4: 2 | R4: 2 | S4: 8
A5: S2A | B5: 30 | C5: Team | D5: 1S | F5: Senioren 2 | G5: A | H5: Senioren A | M5: U19 | N5: 19 | Q5: 4 | R5: 4 | S5: 8
A6: S3A | B6: 50 | C6: Team | D6: 2S | E6: S3B | F6: Senioren 3 | G6: A | H6: Senioren A | M6: U17 | N6: 17 | Q6: 4 | R6: 4 | S6: 8
A7: S4A | B7: 70 | C7: Team | D7: 2S | E7: S4B | F7: Senioren 4 | G7: A | H7: Senioren A | M7: U15 | N7: 15 | Q7: 4 | R7: 4 | S7: 8
A8: S5A | B8: 90 | C8: Team | D8: S5B | F8: Senioren 5 | G8: A | H8: Senioren A | M8: Rood | O8: 18.5 | P8: 15.5 | Q8: 0 | R8: 0 | S8: 8
A9: S6A | B9: 110 | C9: Team | D9: S6B | F9: Senioren 6 | G9: A | H9: Senioren A | M9: Oranje | O9: 15.5 | P9: 12.5 | Q9: 0 | R9: 0 | S9: 8
A10: S3B | B10: 60 | C10: Team | D10: S3A | F10: Senioren 3 | G10: B | H10: Senioren B | M10: Geel | O10: 12.5 | P10: 10.5 | Q10: 0 | R10: 0 | S10: 8
A11: S4B | B11: 80 | C11: Team | D11: S4A | F11: Senioren 4 | G11: B | H11: Senioren B | M11: Groen | O11: 10.5 | P11: 8.5 | Q11: 0 | R11: 0 | S11: 4
A12: S5B | B12: 100 | C12: Team | D12: S5A | F12: Senioren 5 | G12: B | H12: Senioren B | M12: Blauw | O12: 8.5 | P12: 6.5 | Q12: 0 | R12: 0 | S12: 4
A13: S6B | B13: 120 | C13: Team | D13: S6A | F13: Senioren 6 | G13: B | H13: Senioren B | M13: Kangoeroes | O13: 6.5 | P13: 3.5 | Q13: 0 | R13: 0 | S13: 0
A14: S7B | B14: 130 | C14: Team | F14: Senioren 7 | G14: B | H14: Senioren B
A15: S8B | B15: 140 | C15: Team | F15: Senioren 8 | G15: B | H15: Senioren B
A16: S9B | B16: 150 | C16: Team | F16: Senioren 9 | G16: B | H16: Senioren B
A17: S10 | B17: 160 | C17: Team | F17: Senioren 10 | G17: B | H17: Senioren B
A18: MW1 | B18: 170 | C18: Team | F18: Midweek 1 | G18: B | H18: Midweek
A19: MW2 | B19: 180 | C19: Team | F19: Midweek 2 | G19: B | H19: Midweek
A20: MW3 | B20: 190 | C20: Team | F20: Midweek 3 | G20: B | H20: Midweek
A21: U19S | B21: 200 | C21: Selectie | D21: U19-1 | E21: U19-2 | F21: U19 Selectie | G21: A | H21: U19
A22: U19-1 | B22: 210 | C22: Team | D22: U19S | F22: U19-1 | G22: A | H22: U19
A23: U19-2 | B23: 220 | C23: Team | D23: U19S | F23: U19-2 | G23: A | H23: U19
A24: U19-3 | B24: 230 | C24: Team | F24: U19-2 | G24: A | H24: U19
A25: U19-4 | B25: 240 | C25: Team | F25: U19-2 | G25: A | H25: U19
A26: U17S | B26: 250 | C26: Selectie | D26: U17-1 | E26: U17-2 | F26: U17 selectie | G26: A | H26: U17
A27: U17-1 | B27: 260 | C27: Team | D27: U17S | F27: U17-1 | G27: A | H27: U17
A28: U17-2 | B28: 270 | C28: Team | D28: U17S | F28: U17-2 | G28: A | H28: U17
A29: U17-1 | B29: 280 | C29: Team | F29: U17-3 | G29: A | H29: U17
A30: U17-2 | B30: 290 | C30: Team | F30: U17-4 | G30: A | H30: U17
A31: U15S | B31: 300 | C31: Selectie | D31: U15-1 | E31: U15-2 | F31: U15 selectie | G31: A | H31: U15
A32: U15-1 | B32: 310 | C32: Team | D32: U15S | F32: U15-1 | G32: A | H32: U15
A33: U15-2 | B33: 320 | C33: Team | D33: U15S | F33: U15-2 | G33: A | H33: U15
A34: U15-3 | B34: 330 | C34: Team | F34: U15-3 | G34: A | H34: U15
A35: U15-4 | B35: 340 | C35: Team | F35: U15-4 | G35: A | H35: U15
A36: Rood1 | B36: 350 | C36: Team | F36: Rood 1 | G36: B | H36: Rood
A37: Rood2 | B37: 360 | C37: Team | F37: Rood 2 | G37: B | H37: Rood
A38: Rood3 | B38: 370 | C38: Team | F38: Rood 3 | G38: B | H38: Rood
A39: Rood4 | B39: 380 | C39: Team | F39: Rood 4 | G39: B | H39: Rood
A40: Rood5 | B40: 390 | C40: Team | F40: Rood 5 | G40: B | H40: Rood
A41: Rood6 | B41: 400 | C41: Team | F41: Rood 6 | G41: B | H41: Rood
A42: Rood7 | B42: 410 | C42: Team | F42: Rood 7 | G42: B | H42: Rood
A43: Rood8 | B43: 420 | C43: Team | F43: Rood 8 | G43: B | H43: Rood
A44: Oranje1 | B44: 430 | C44: Team | F44: Oranje 1 | G44: B | H44: Oranje
A45: Oranje2 | B45: 440 | C45: Team | F45: Oranje 2 | G45: B | H45: Oranje
... A80: Kangoeroes | B80: 790 | C80: Team | F80: Kangoeroes | G80: B | H80: Wit

Sheet Sheet2
A1: Type | B1: Adult/ Youth | C1: Max player leeftijd | D1: Max avg team age | E1: Min avg team age | F1: Age diff | G1: Min M | H1: Min V | I1: Team
A2: Senioren A | B2: Adult | G2: 4 | H2: 4 | I2: 8
A3: Senioren B | B3: Adult | G3: 2 | H3: 2 | I3: 8
A4: Midweek | B4: Adult | G4: 2 | H4: 2 | I4: 8
A5: U19 | B5: Youth | C5: 19 | G5: 4 | H5: 4 | I5: 8
A6: U17 | B6: Youth | C6: 17 | G6: 4 | H6: 4 | I6: 8
A7: U15 | B7: Youth | C7: 15 | G7: 4 | H7: 4 | I7: 8
A8: Senioren selectie | B8: Adult | G8: 8 | H8: 8 | I8: 16
A9: U19 selectie | B9: Youth | C9: 19 | G9: 8 | H9: 8 | I9: 16
A10: U17 selectie | B10: Youth | C10: 17 | G10: 8 | H10: 8 | I10: 16
A11: U15 selectio | B11: Youth | C11: 15 | G11: 8 | H11: 8 | I11: 16
A12: Rood | B12: Youth | D12: 18.5 | E12: 15.5 | F12: 3 | G12: 2 | H12: 2 | I12: 8
A13: Oranje | B13: Youth | D13: 15.5 | E13: 12.5 | F13: 3 | G13: 2 | H13: 2 | I13: 8
A14: Geel | B14: Youth | D14: 12.5 | E14: 10.5 | F14: 3 | G14: 2 | H14: 2 | I14: 8
A15: Groen | B15: Youth | D15: 10.5 | E15: 8.5 | F15: 2 | G15: 2 | H15: 2 | I15: 4
A16: Blauw | B16: Youth | D16: 8.5 | E16: 6.5 | F16: 2 | G16: 1 | H16: 1 | I16: 4
A17: Kangoeroes | B17: Youth | D17: 6.5 | E17: 3.5 | G17: 0 | H17: 0 | I17: 0

Sheet Sheet3
A1: Trainer/Coach S1
A2: Trainer/Coach S2
A3: Teammanager S2
A4: Trainer/Coach U19-1
A5: Trainer/Coach U19-2
A6: Trainer/Coach U17-1
A7: Trainer/Coach U17-2
A8: Teammanager U17
A9: Trainer/Coach
A10: Coach
A11: Hoofdtrainer F
A12: Analist S1
... A16: Begeleider
